2025-08-21 18:51:56,242 - INFO - RAG System initialized
2025-08-21 18:54:06,002 - INFO - Loading embedding model...
2025-08-21 18:54:06,008 - INFO - Load pretrained SentenceTransformer: mixedbread-ai/mxbai-embed-large-v1
2025-08-21 18:54:12,436 - INFO - 2 prompts are loaded, with the keys: ['query', 'passage']
2025-08-21 18:54:12,436 - INFO - Loading hallucination detector...
2025-08-21 18:54:12,441 - INFO - Use pytorch device_name: cuda:0
2025-08-21 18:54:12,441 - INFO - Load pretrained SentenceTransformer: all-mpnet-base-v2
2025-08-21 18:54:17,958 - WARNING - Xet Storage is enabled for this repo, but the 'hf_xet' package is not installed. Falling back to regular HTTP download. For better performance, install the package with: `pip install huggingface_hub[hf_xet]` or `pip install hf_xet`
2025-08-21 19:01:23,387 - INFO - RAG System initialized
2025-08-21 19:02:34,492 - INFO - Loading embedding model...
2025-08-21 19:02:34,499 - INFO - Load pretrained SentenceTransformer: mixedbread-ai/mxbai-embed-large-v1
2025-08-21 19:02:45,012 - INFO - 2 prompts are loaded, with the keys: ['query', 'passage']
2025-08-21 19:02:45,013 - INFO - Loading hallucination detector...
2025-08-21 19:02:45,019 - INFO - Use pytorch device_name: cuda:0
2025-08-21 19:02:45,020 - INFO - Load pretrained SentenceTransformer: all-mpnet-base-v2
2025-08-21 19:02:48,329 - WARNING - Xet Storage is enabled for this repo, but the 'hf_xet' package is not installed. Falling back to regular HTTP download. For better performance, install the package with: `pip install huggingface_hub[hf_xet]` or `pip install hf_xet`
2025-08-21 19:05:20,456 - INFO - Loaded hallucination detection model (all-mpnet-base-v2)
2025-08-21 19:05:20,458 - INFO - Started document watcher for .
2025-08-21 19:05:20,458 - INFO - RAG System fully initialized
2025-08-21 19:05:20,459 - INFO - Detected created document: .\temp_1_WHO_FCTC.pdf
2025-08-21 19:05:20,460 - INFO - Using sequential document processing
2025-08-21 19:05:20,608 - INFO - Invalidated cache for temp_1_WHO_FCTC.pdf
2025-08-21 19:05:20,608 - INFO - Detected modified document: .\temp_1_WHO_FCTC.pdf
2025-08-21 19:05:22,720 - INFO - Successfully processed temp_1_WHO_FCTC.pdf: 37 elements extracted
2025-08-21 19:05:22,720 - INFO - Extracted text and metadata from temp_1_WHO_FCTC.pdf
2025-08-21 19:05:22,727 - INFO - Detected deleted document: .\temp_1_WHO_FCTC.pdf
2025-08-21 19:05:22,728 - INFO - Deduplicated 37 -> 37 documents
2025-08-21 19:05:22,728 - ERROR - Error computing hash for .\temp_1_WHO_FCTC.pdf: [Errno 2] No such file or directory: '.\\temp_1_WHO_FCTC.pdf'
2025-08-21 19:05:22,729 - INFO - Deduplicated 37 -> 37 documents
2025-08-21 19:05:22,732 - INFO - Invalidated cache for temp_1_WHO_FCTC.pdf
2025-08-21 19:05:27,533 - INFO - Loading faiss with AVX2 support.
2025-08-21 19:05:28,122 - INFO - Successfully loaded faiss with AVX2 support.
2025-08-21 19:05:28,130 - INFO - Failed to load GPU Faiss: name 'GpuIndexIVFFlat' is not defined. Will not load constructor refs for GPU indexes. This is only an error if you're trying to use GPU Faiss.
2025-08-21 19:05:28,139 - INFO - Created and saved FAISS vector store at vectorstore/db_faiss
2025-08-21 19:05:28,149 - INFO - Initialized and saved BM25 retriever at bm25_retriever.pkl
2025-08-21 19:05:30,698 - WARNING - Xet Storage is enabled for this repo, but the 'hf_xet' package is not installed. Falling back to regular HTTP download. For better performance, install the package with: `pip install huggingface_hub[hf_xet]` or `pip install hf_xet`
2025-08-21 19:05:30,704 - WARNING - Xet Storage is enabled for this repo, but the 'hf_xet' package is not installed. Falling back to regular HTTP download. For better performance, install the package with: `pip install huggingface_hub[hf_xet]` or `pip install hf_xet`
2025-08-21 19:12:34,395 - ERROR - Error setting up QA chain: ("Connection broken: ConnectionResetError(10054, 'An existing connection was forcibly closed by the remote host', None, 10054, None)", ConnectionResetError(10054, 'An existing connection was forcibly closed by the remote host', None, 10054, None))
2025-08-21 19:12:34,396 - ERROR - Error updating knowledge base: ("Connection broken: ConnectionResetError(10054, 'An existing connection was forcibly closed by the remote host', None, 10054, None)", ConnectionResetError(10054, 'An existing connection was forcibly closed by the remote host', None, 10054, None))
2025-08-21 19:12:34,396 - ERROR - Error processing documents: ("Connection broken: ConnectionResetError(10054, 'An existing connection was forcibly closed by the remote host', None, 10054, None)", ConnectionResetError(10054, 'An existing connection was forcibly closed by the remote host', None, 10054, None))
2025-08-21 19:18:54,635 - INFO - RAG System initialized
2025-08-21 19:19:09,368 - INFO - Loading embedding model...
2025-08-21 19:19:09,372 - INFO - Load pretrained SentenceTransformer: mixedbread-ai/mxbai-embed-large-v1
2025-08-21 19:19:16,796 - INFO - 2 prompts are loaded, with the keys: ['query', 'passage']
2025-08-21 19:19:16,797 - INFO - Loading hallucination detector...
2025-08-21 19:19:16,802 - INFO - Use pytorch device_name: cuda:0
2025-08-21 19:19:16,803 - INFO - Load pretrained SentenceTransformer: all-mpnet-base-v2
2025-08-21 19:19:21,046 - INFO - Loaded hallucination detection model (all-mpnet-base-v2)
2025-08-21 19:19:21,048 - INFO - Started document watcher for .
2025-08-21 19:19:21,049 - INFO - RAG System fully initialized
2025-08-21 19:19:21,051 - INFO - Detected created document: .\temp_1_WHO_FCTC.pdf
2025-08-21 19:19:21,051 - INFO - Using sequential document processing
2025-08-21 19:19:21,203 - INFO - Invalidated cache for temp_1_WHO_FCTC.pdf
2025-08-21 19:19:21,204 - INFO - Detected modified document: .\temp_1_WHO_FCTC.pdf
2025-08-21 19:19:23,443 - INFO - Successfully processed temp_1_WHO_FCTC.pdf: 37 elements extracted
2025-08-21 19:19:23,443 - INFO - Extracted text and metadata from temp_1_WHO_FCTC.pdf
2025-08-21 19:19:23,449 - INFO - Detected deleted document: .\temp_1_WHO_FCTC.pdf
2025-08-21 19:19:23,449 - ERROR - Error computing hash for .\temp_1_WHO_FCTC.pdf: [Errno 2] No such file or directory: '.\\temp_1_WHO_FCTC.pdf'
2025-08-21 19:19:23,449 - INFO - Deduplicated 37 -> 37 documents
2025-08-21 19:19:23,450 - INFO - Deduplicated 37 -> 37 documents
2025-08-21 19:19:23,452 - INFO - Invalidated cache for temp_1_WHO_FCTC.pdf
2025-08-21 19:19:23,471 - INFO - Loading faiss with AVX2 support.
2025-08-21 19:19:23,497 - INFO - Successfully loaded faiss with AVX2 support.
2025-08-21 19:19:23,504 - INFO - Failed to load GPU Faiss: name 'GpuIndexIVFFlat' is not defined. Will not load constructor refs for GPU indexes. This is only an error if you're trying to use GPU Faiss.
2025-08-21 19:19:23,510 - INFO - Created and saved FAISS vector store at vectorstore/db_faiss
2025-08-21 19:19:23,519 - INFO - Initialized and saved BM25 retriever at bm25_retriever.pkl
2025-08-21 19:19:24,063 - WARNING - Xet Storage is enabled for this repo, but the 'hf_xet' package is not installed. Falling back to regular HTTP download. For better performance, install the package with: `pip install huggingface_hub[hf_xet]` or `pip install hf_xet`
2025-08-21 19:19:24,607 - WARNING - Xet Storage is enabled for this repo, but the 'hf_xet' package is not installed. Falling back to regular HTTP download. For better performance, install the package with: `pip install huggingface_hub[hf_xet]` or `pip install hf_xet`
2025-08-21 19:35:21,877 - INFO - We will use 90% of the memory on device 0 for storing the model, and 10% for the buffer to avoid OOM. You can set `max_memory` in to a higher value to use more memory (at your own risk).
2025-08-21 19:35:23,248 - WARNING - Some parameters are on the meta device because they were offloaded to the cpu.
2025-08-21 19:35:23,251 - INFO - Loaded generation pipeline for TinyLlama/TinyLlama-1.1B-Chat-v1.0 (device=cuda)
2025-08-21 19:35:23,254 - INFO - QA chain setup complete with TinyLlama/TinyLlama-1.1B-Chat-v1.0
2025-08-21 19:35:23,254 - INFO - Knowledge base updated successfully
2025-08-21 19:35:23,254 - INFO - Added 37 new documents
2025-08-21 20:00:39,412 - INFO - Deduplicated 0 -> 0 documents
2025-08-22 20:32:59,629 - INFO - RAG System initialized
2025-08-22 20:33:42,765 - INFO - Loading embedding model...
2025-08-22 20:33:42,773 - INFO - Load pretrained SentenceTransformer: mixedbread-ai/mxbai-embed-large-v1
2025-08-22 20:33:50,379 - INFO - 2 prompts are loaded, with the keys: ['query', 'passage']
2025-08-22 20:33:50,380 - INFO - Loading hallucination detector...
2025-08-22 20:33:50,385 - INFO - Use pytorch device_name: cuda:0
2025-08-22 20:33:50,385 - INFO - Load pretrained SentenceTransformer: all-mpnet-base-v2
2025-08-22 20:33:55,193 - INFO - Loaded hallucination detection model (all-mpnet-base-v2)
2025-08-22 20:33:55,196 - INFO - Started document watcher for .
2025-08-22 20:33:55,196 - INFO - RAG System fully initialized
2025-08-22 20:33:55,198 - INFO - Detected created document: .\temp_2_SalesTaxAct2018_Malaysia.pdf
2025-08-22 20:33:55,200 - INFO - Using sequential document processing
2025-08-22 20:33:55,851 - INFO - Invalidated cache for temp_2_SalesTaxAct2018_Malaysia.pdf
2025-08-22 20:33:55,851 - INFO - Detected modified document: .\temp_2_SalesTaxAct2018_Malaysia.pdf
2025-08-22 20:34:04,657 - INFO - Successfully processed temp_2_SalesTaxAct2018_Malaysia.pdf: 58 elements extracted
2025-08-22 20:34:04,658 - INFO - Extracted text and metadata from temp_2_SalesTaxAct2018_Malaysia.pdf
2025-08-22 20:34:04,833 - INFO - Detected deleted document: .\temp_2_SalesTaxAct2018_Malaysia.pdf
2025-08-22 20:34:04,834 - ERROR - Error computing hash for .\temp_2_SalesTaxAct2018_Malaysia.pdf: [Errno 2] No such file or directory: '.\\temp_2_SalesTaxAct2018_Malaysia.pdf'
2025-08-22 20:34:04,835 - INFO - Deduplicated 58 -> 58 documents
2025-08-22 20:34:04,836 - INFO - Deduplicated 58 -> 58 documents
2025-08-22 20:34:04,840 - INFO - Invalidated cache for temp_2_SalesTaxAct2018_Malaysia.pdf
2025-08-22 20:34:11,857 - INFO - Loading faiss with AVX2 support.
2025-08-22 20:34:14,723 - INFO - Successfully loaded faiss with AVX2 support.
2025-08-22 20:34:14,734 - INFO - Failed to load GPU Faiss: name 'GpuIndexIVFFlat' is not defined. Will not load constructor refs for GPU indexes. This is only an error if you're trying to use GPU Faiss.
2025-08-22 20:34:14,746 - INFO - Created and saved FAISS vector store at vectorstore/db_faiss
2025-08-22 20:34:14,770 - INFO - Initialized and saved BM25 retriever at bm25_retriever.pkl
2025-08-22 20:34:15,435 - INFO - We will use 90% of the memory on device 0 for storing the model, and 10% for the buffer to avoid OOM. You can set `max_memory` in to a higher value to use more memory (at your own risk).
2025-08-22 20:34:18,359 - WARNING - Some parameters are on the meta device because they were offloaded to the cpu.
2025-08-22 20:34:18,363 - INFO - Loaded generation pipeline for TinyLlama/TinyLlama-1.1B-Chat-v1.0 (device=cuda)
2025-08-22 20:34:18,366 - INFO - QA chain setup complete with TinyLlama/TinyLlama-1.1B-Chat-v1.0
2025-08-22 20:34:18,366 - INFO - Knowledge base updated successfully
2025-08-22 20:34:18,367 - INFO - Added 58 new documents
2025-08-22 20:35:18,068 - INFO - Deduplicated 0 -> 0 documents
2025-08-22 20:52:03,524 - INFO - RAG System initialized
2025-08-22 20:52:03,527 - INFO - Loading embedding model...
2025-08-22 20:52:03,531 - INFO - Load pretrained SentenceTransformer: mixedbread-ai/mxbai-embed-large-v1
2025-08-22 20:52:10,138 - INFO - 2 prompts are loaded, with the keys: ['query', 'passage']
2025-08-22 20:52:10,138 - INFO - Loading hallucination detector...
2025-08-22 20:52:10,143 - INFO - Use pytorch device_name: cuda:0
2025-08-22 20:52:10,143 - INFO - Load pretrained SentenceTransformer: all-mpnet-base-v2
2025-08-22 20:52:14,677 - INFO - Loaded hallucination detection model (all-mpnet-base-v2)
2025-08-22 20:52:14,679 - INFO - Started document watcher for .
2025-08-22 20:52:14,680 - INFO - RAG System fully initialized
2025-08-22 20:52:32,254 - INFO - Detected created document: .\temp_4_GovStack_Specs.docx
2025-08-22 20:52:32,254 - INFO - Using sequential document processing
2025-08-22 20:52:32,269 - INFO - Invalidated cache for temp_4_GovStack_Specs.docx
2025-08-22 20:52:32,270 - INFO - Detected modified document: .\temp_4_GovStack_Specs.docx
2025-08-22 20:52:33,690 - INFO - Successfully processed DOCX temp_4_GovStack_Specs.docx: 32 elements extracted
2025-08-22 20:52:33,691 - INFO - Extracted text and metadata from temp_4_GovStack_Specs.docx
2025-08-22 20:52:33,826 - INFO - Detected deleted document: .\temp_4_GovStack_Specs.docx
2025-08-22 20:52:33,827 - INFO - Deduplicated 32 -> 32 documents
2025-08-22 20:52:33,827 - ERROR - Error computing hash for .\temp_4_GovStack_Specs.docx: [Errno 2] No such file or directory: '.\\temp_4_GovStack_Specs.docx'
2025-08-22 20:52:33,828 - INFO - Deduplicated 32 -> 32 documents
2025-08-22 20:52:33,831 - INFO - Invalidated cache for temp_4_GovStack_Specs.docx
2025-08-22 20:52:37,504 - INFO - Loading faiss with AVX2 support.
2025-08-22 20:52:37,582 - INFO - Successfully loaded faiss with AVX2 support.
2025-08-22 20:52:37,591 - INFO - Failed to load GPU Faiss: name 'GpuIndexIVFFlat' is not defined. Will not load constructor refs for GPU indexes. This is only an error if you're trying to use GPU Faiss.
2025-08-22 20:52:37,596 - INFO - Created and saved FAISS vector store at vectorstore/db_faiss
2025-08-22 20:52:37,607 - INFO - Initialized and saved BM25 retriever at bm25_retriever.pkl
2025-08-22 20:52:38,324 - INFO - We will use 90% of the memory on device 0 for storing the model, and 10% for the buffer to avoid OOM. You can set `max_memory` in to a higher value to use more memory (at your own risk).
2025-08-22 20:52:40,727 - WARNING - Some parameters are on the meta device because they were offloaded to the cpu.
2025-08-22 20:52:40,730 - INFO - Loaded generation pipeline for TinyLlama/TinyLlama-1.1B-Chat-v1.0 (device=cuda)
2025-08-22 20:52:40,732 - INFO - QA chain setup complete with TinyLlama/TinyLlama-1.1B-Chat-v1.0
2025-08-22 20:52:40,732 - INFO - Knowledge base updated successfully
2025-08-22 20:52:40,732 - INFO - Added 32 new documents
2025-08-22 20:53:01,641 - INFO - Deduplicated 1 -> 1 documents
2025-08-28 17:59:44,742 - INFO - RAG System initialized
2025-08-28 17:59:44,745 - INFO - Loading embedding model...
2025-08-28 17:59:44,750 - INFO - Load pretrained SentenceTransformer: mixedbread-ai/mxbai-embed-large-v1
2025-08-28 17:59:51,944 - INFO - 2 prompts are loaded, with the keys: ['query', 'passage']
2025-08-28 17:59:51,945 - INFO - Loading hallucination detector...
2025-08-28 17:59:51,949 - INFO - Use pytorch device_name: cuda:0
2025-08-28 17:59:51,949 - INFO - Load pretrained SentenceTransformer: all-mpnet-base-v2
2025-08-28 17:59:52,477 - ERROR - Error loading hallucination detection model: Expecting value: line 1 column 1 (char 0)
2025-08-28 17:59:52,477 - ERROR - Error initializing RAG system: Expecting value: line 1 column 1 (char 0)
2025-08-28 18:00:12,255 - INFO - RAG System initialized
2025-08-28 18:00:12,257 - INFO - Loading embedding model...
2025-08-28 18:00:12,260 - INFO - Load pretrained SentenceTransformer: mixedbread-ai/mxbai-embed-large-v1
2025-08-28 18:00:17,500 - INFO - 2 prompts are loaded, with the keys: ['query', 'passage']
2025-08-28 18:00:17,501 - INFO - Loading hallucination detector...
2025-08-28 18:00:17,504 - INFO - Use pytorch device_name: cuda:0
2025-08-28 18:00:17,504 - INFO - Load pretrained SentenceTransformer: all-mpnet-base-v2
2025-08-28 18:00:18,039 - ERROR - Error loading hallucination detection model: Expecting value: line 1 column 1 (char 0)
2025-08-28 18:00:18,040 - ERROR - Error initializing RAG system: Expecting value: line 1 column 1 (char 0)
2025-08-28 18:00:37,703 - INFO - Using sequential document processing
2025-08-28 18:00:40,106 - INFO - Successfully processed temp_1_WHO_FCTC.pdf: 37 elements extracted
2025-08-28 18:00:40,106 - INFO - Extracted text and metadata from temp_1_WHO_FCTC.pdf
2025-08-28 18:00:40,243 - INFO - Deduplicated 37 -> 37 documents
2025-08-28 18:00:40,244 - INFO - Deduplicated 37 -> 37 documents
2025-08-28 18:00:40,261 - INFO - Loading faiss with AVX2 support.
2025-08-28 18:00:40,372 - INFO - Successfully loaded faiss with AVX2 support.
2025-08-28 18:00:40,379 - INFO - Failed to load GPU Faiss: name 'GpuIndexIVFFlat' is not defined. Will not load constructor refs for GPU indexes. This is only an error if you're trying to use GPU Faiss.
2025-08-28 18:00:40,387 - INFO - Created and saved FAISS vector store at vectorstore/db_faiss
2025-08-28 18:00:40,396 - INFO - Initialized and saved BM25 retriever at bm25_retriever.pkl
2025-08-28 18:00:40,714 - ERROR - Failed to load model TinyLlama/TinyLlama-1.1B-Chat-v1.0: Expecting value: line 1 column 1 (char 0)
2025-08-28 18:00:40,714 - ERROR - Error setting up QA chain: All model load attempts failed. Last error: Expecting value: line 1 column 1 (char 0)
2025-08-28 18:00:40,714 - ERROR - Error updating knowledge base: All model load attempts failed. Last error: Expecting value: line 1 column 1 (char 0)
2025-08-28 18:00:40,715 - ERROR - Error processing documents: All model load attempts failed. Last error: Expecting value: line 1 column 1 (char 0)
2025-08-28 18:06:41,006 - INFO - RAG System initialized
2025-08-28 18:06:41,009 - INFO - Loading embedding model...
2025-08-28 18:06:41,013 - INFO - Load pretrained SentenceTransformer: mixedbread-ai/mxbai-embed-large-v1
2025-08-28 18:06:47,342 - INFO - 2 prompts are loaded, with the keys: ['query', 'passage']
2025-08-28 18:06:47,342 - INFO - Loading hallucination detector...
2025-08-28 18:06:47,346 - INFO - Use pytorch device_name: cuda:0
2025-08-28 18:06:47,346 - INFO - Load pretrained SentenceTransformer: all-mpnet-base-v2
2025-08-28 18:06:47,876 - ERROR - Error loading hallucination detection model: Expecting value: line 1 column 1 (char 0)
2025-08-28 18:06:47,876 - ERROR - Error initializing RAG system: Expecting value: line 1 column 1 (char 0)
2025-08-28 18:14:57,846 - INFO - RAG System initialized
2025-08-28 18:14:57,849 - INFO - Loading embedding model...
2025-08-28 18:14:57,854 - INFO - Load pretrained SentenceTransformer: mixedbread-ai/mxbai-embed-large-v1
2025-08-28 18:15:04,501 - INFO - 2 prompts are loaded, with the keys: ['query', 'passage']
2025-08-28 18:15:04,502 - INFO - Loading hallucination detector...
2025-08-28 18:15:04,505 - INFO - Use pytorch device_name: cuda:0
2025-08-28 18:15:04,505 - INFO - Load pretrained SentenceTransformer: all-mpnet-base-v2
2025-08-28 18:15:08,173 - INFO - Loaded hallucination detection model (all-mpnet-base-v2)
2025-08-28 18:15:08,176 - INFO - Started document watcher for .
2025-08-28 18:15:08,176 - INFO - RAG System fully initialized
2025-08-28 18:15:23,536 - INFO - Detected created document: .\temp_1_WHO_FCTC.pdf
2025-08-28 18:15:23,538 - INFO - Using sequential document processing
2025-08-28 18:15:23,767 - INFO - Invalidated cache for temp_1_WHO_FCTC.pdf
2025-08-28 18:15:23,767 - INFO - Detected modified document: .\temp_1_WHO_FCTC.pdf
2025-08-28 18:15:26,845 - INFO - Successfully processed temp_1_WHO_FCTC.pdf: 37 elements extracted
2025-08-28 18:15:26,845 - INFO - Extracted text and metadata from temp_1_WHO_FCTC.pdf
2025-08-28 18:15:26,852 - INFO - Detected deleted document: .\temp_1_WHO_FCTC.pdf
2025-08-28 18:15:26,852 - ERROR - Error computing hash for .\temp_1_WHO_FCTC.pdf: [Errno 2] No such file or directory: '.\\temp_1_WHO_FCTC.pdf'
2025-08-28 18:15:26,853 - INFO - Deduplicated 37 -> 37 documents
2025-08-28 18:15:26,854 - INFO - Deduplicated 37 -> 37 documents
2025-08-28 18:15:26,856 - INFO - Invalidated cache for temp_1_WHO_FCTC.pdf
2025-08-28 18:15:26,886 - INFO - Loading faiss with AVX2 support.
2025-08-28 18:15:26,920 - INFO - Successfully loaded faiss with AVX2 support.
2025-08-28 18:15:26,929 - INFO - Failed to load GPU Faiss: name 'GpuIndexIVFFlat' is not defined. Will not load constructor refs for GPU indexes. This is only an error if you're trying to use GPU Faiss.
2025-08-28 18:15:26,938 - INFO - Created and saved FAISS vector store at vectorstore/db_faiss
2025-08-28 18:15:26,951 - INFO - Initialized and saved BM25 retriever at bm25_retriever.pkl
2025-08-28 18:15:27,527 - ERROR - Failed to load model TinyLlama/TinyLlama-1.1B-Chat-v1.0: Expecting value: line 1 column 1 (char 0)
2025-08-28 18:15:27,527 - ERROR - Error setting up QA chain: All model load attempts failed. Last error: Expecting value: line 1 column 1 (char 0)
2025-08-28 18:15:27,528 - ERROR - Error updating knowledge base: All model load attempts failed. Last error: Expecting value: line 1 column 1 (char 0)
2025-08-28 18:15:27,528 - ERROR - Error processing documents: All model load attempts failed. Last error: Expecting value: line 1 column 1 (char 0)
2025-08-28 18:21:40,538 - INFO - RAG System initialized
2025-08-28 18:21:40,540 - INFO - Loading embedding model...
2025-08-28 18:21:40,543 - INFO - Load pretrained SentenceTransformer: mixedbread-ai/mxbai-embed-large-v1
2025-08-28 18:21:44,430 - WARNING - Xet Storage is enabled for this repo, but the 'hf_xet' package is not installed. Falling back to regular HTTP download. For better performance, install the package with: `pip install huggingface_hub[hf_xet]` or `pip install hf_xet`
2025-08-28 18:22:48,288 - INFO - 2 prompts are loaded, with the keys: ['query', 'passage']
2025-08-28 18:22:48,289 - INFO - Loading hallucination detector...
2025-08-28 18:22:48,293 - INFO - Use pytorch device_name: cuda:0
2025-08-28 18:22:48,293 - INFO - Load pretrained SentenceTransformer: all-mpnet-base-v2
2025-08-28 18:22:50,323 - WARNING - Xet Storage is enabled for this repo, but the 'hf_xet' package is not installed. Falling back to regular HTTP download. For better performance, install the package with: `pip install huggingface_hub[hf_xet]` or `pip install hf_xet`
2025-08-28 18:23:32,778 - INFO - Loaded hallucination detection model (all-mpnet-base-v2)
2025-08-28 18:23:32,780 - INFO - Started document watcher for .
2025-08-28 18:23:32,780 - INFO - RAG System fully initialized
2025-08-28 18:23:53,491 - INFO - Detected created document: .\temp_1_WHO_FCTC.pdf
2025-08-28 18:23:53,491 - INFO - Using sequential document processing
2025-08-28 18:23:53,694 - INFO - Invalidated cache for temp_1_WHO_FCTC.pdf
2025-08-28 18:23:53,694 - INFO - Detected modified document: .\temp_1_WHO_FCTC.pdf
2025-08-28 18:23:56,679 - INFO - Successfully processed temp_1_WHO_FCTC.pdf: 37 elements extracted
2025-08-28 18:23:56,679 - INFO - Extracted text and metadata from temp_1_WHO_FCTC.pdf
2025-08-28 18:23:56,685 - INFO - Detected deleted document: .\temp_1_WHO_FCTC.pdf
2025-08-28 18:23:56,685 - ERROR - Error computing hash for .\temp_1_WHO_FCTC.pdf: [Errno 2] No such file or directory: '.\\temp_1_WHO_FCTC.pdf'
2025-08-28 18:23:56,685 - INFO - Deduplicated 37 -> 37 documents
2025-08-28 18:23:56,686 - INFO - Deduplicated 37 -> 37 documents
2025-08-28 18:23:56,689 - INFO - Invalidated cache for temp_1_WHO_FCTC.pdf
2025-08-28 18:23:56,714 - INFO - Loading faiss with AVX2 support.
2025-08-28 18:23:56,740 - INFO - Successfully loaded faiss with AVX2 support.
2025-08-28 18:23:56,746 - INFO - Failed to load GPU Faiss: name 'GpuIndexIVFFlat' is not defined. Will not load constructor refs for GPU indexes. This is only an error if you're trying to use GPU Faiss.
2025-08-28 18:23:56,752 - INFO - Created and saved FAISS vector store at vectorstore/db_faiss
2025-08-28 18:23:56,762 - INFO - Initialized and saved BM25 retriever at bm25_retriever.pkl
2025-08-28 18:23:57,488 - ERROR - Failed to load model TinyLlama/TinyLlama-1.1B-Chat-v1.0: Expecting value: line 1 column 1 (char 0)
2025-08-28 18:23:57,489 - ERROR - Error setting up QA chain: All model load attempts failed. Last error: Expecting value: line 1 column 1 (char 0)
2025-08-28 18:23:57,489 - ERROR - Error updating knowledge base: All model load attempts failed. Last error: Expecting value: line 1 column 1 (char 0)
2025-08-28 18:23:57,489 - ERROR - Error processing documents: All model load attempts failed. Last error: Expecting value: line 1 column 1 (char 0)
2025-08-28 18:33:54,752 - INFO - RAG System initialized
2025-08-28 18:33:54,754 - INFO - Loading embedding model...
2025-08-28 18:33:54,757 - INFO - Load pretrained SentenceTransformer: mixedbread-ai/mxbai-embed-large-v1
2025-08-28 18:34:02,814 - INFO - 2 prompts are loaded, with the keys: ['query', 'passage']
2025-08-28 18:34:02,815 - INFO - Loading hallucination detector...
2025-08-28 18:34:02,819 - INFO - Use pytorch device_name: cuda:0
2025-08-28 18:34:02,819 - INFO - Load pretrained SentenceTransformer: all-mpnet-base-v2
2025-08-28 18:34:06,525 - INFO - Loaded hallucination detection model (all-mpnet-base-v2)
2025-08-28 18:34:06,528 - INFO - Started document watcher for .
2025-08-28 18:34:06,528 - INFO - RAG System fully initialized
2025-08-28 18:34:20,513 - INFO - Detected created document: .\temp_1_WHO_FCTC.pdf
2025-08-28 18:34:20,513 - INFO - Using sequential document processing
2025-08-28 18:34:20,749 - INFO - Invalidated cache for temp_1_WHO_FCTC.pdf
2025-08-28 18:34:20,750 - INFO - Detected modified document: .\temp_1_WHO_FCTC.pdf
2025-08-28 18:34:23,919 - INFO - Successfully processed temp_1_WHO_FCTC.pdf: 37 elements extracted
2025-08-28 18:34:23,920 - INFO - Extracted text and metadata from temp_1_WHO_FCTC.pdf
2025-08-28 18:34:24,036 - INFO - Detected deleted document: .\temp_1_WHO_FCTC.pdf
2025-08-28 18:34:24,037 - ERROR - Error computing hash for .\temp_1_WHO_FCTC.pdf: [Errno 2] No such file or directory: '.\\temp_1_WHO_FCTC.pdf'
2025-08-28 18:34:24,037 - INFO - Deduplicated 37 -> 37 documents
2025-08-28 18:34:24,038 - INFO - Deduplicated 37 -> 37 documents
2025-08-28 18:34:24,041 - INFO - Invalidated cache for temp_1_WHO_FCTC.pdf
2025-08-28 18:34:24,075 - INFO - Loading faiss with AVX2 support.
2025-08-28 18:34:24,166 - INFO - Successfully loaded faiss with AVX2 support.
2025-08-28 18:34:24,175 - INFO - Failed to load GPU Faiss: name 'GpuIndexIVFFlat' is not defined. Will not load constructor refs for GPU indexes. This is only an error if you're trying to use GPU Faiss.
2025-08-28 18:34:24,189 - INFO - Created and saved FAISS vector store at vectorstore/db_faiss
2025-08-28 18:34:24,204 - INFO - Initialized and saved BM25 retriever at bm25_retriever.pkl
2025-08-28 18:34:24,749 - ERROR - Failed to load model TinyLlama/TinyLlama-1.1B-Chat-v1.0: Expecting value: line 1 column 1 (char 0)
2025-08-28 18:34:24,750 - ERROR - Error setting up QA chain: All model load attempts failed. Last error: Expecting value: line 1 column 1 (char 0)
2025-08-28 18:34:24,750 - ERROR - Error updating knowledge base: All model load attempts failed. Last error: Expecting value: line 1 column 1 (char 0)
2025-08-28 18:34:24,750 - ERROR - Error processing documents: All model load attempts failed. Last error: Expecting value: line 1 column 1 (char 0)
2025-08-28 18:37:40,716 - INFO - RAG System initialized
2025-08-28 18:37:40,719 - INFO - Loading embedding model...
2025-08-28 18:37:40,724 - INFO - Load pretrained SentenceTransformer: mixedbread-ai/mxbai-embed-large-v1
2025-08-28 18:37:45,382 - INFO - 2 prompts are loaded, with the keys: ['query', 'passage']
2025-08-28 18:37:45,383 - INFO - Loading hallucination detector...
2025-08-28 18:37:45,386 - INFO - Use pytorch device_name: cuda:0
2025-08-28 18:37:45,387 - INFO - Load pretrained SentenceTransformer: all-mpnet-base-v2
2025-08-28 18:37:50,847 - INFO - Loaded hallucination detection model (all-mpnet-base-v2)
2025-08-28 18:37:50,849 - INFO - Started document watcher for .
2025-08-28 18:37:50,850 - INFO - RAG System fully initialized
2025-08-28 18:38:10,293 - INFO - Detected created document: .\temp_1_WHO_FCTC.pdf
2025-08-28 18:38:10,294 - INFO - Using sequential document processing
2025-08-28 18:38:10,538 - INFO - Invalidated cache for temp_1_WHO_FCTC.pdf
2025-08-28 18:38:10,538 - INFO - Detected modified document: .\temp_1_WHO_FCTC.pdf
2025-08-28 18:38:13,768 - INFO - Successfully processed temp_1_WHO_FCTC.pdf: 37 elements extracted
2025-08-28 18:38:13,769 - INFO - Extracted text and metadata from temp_1_WHO_FCTC.pdf
2025-08-28 18:38:13,809 - INFO - Detected deleted document: .\temp_1_WHO_FCTC.pdf
2025-08-28 18:38:13,810 - INFO - Deduplicated 37 -> 37 documents
2025-08-28 18:38:13,810 - ERROR - Error computing hash for .\temp_1_WHO_FCTC.pdf: [Errno 2] No such file or directory: '.\\temp_1_WHO_FCTC.pdf'
2025-08-28 18:38:13,811 - INFO - Deduplicated 37 -> 37 documents
2025-08-28 18:38:13,813 - INFO - Invalidated cache for temp_1_WHO_FCTC.pdf
2025-08-28 18:38:13,841 - INFO - Loading faiss with AVX2 support.
2025-08-28 18:38:13,872 - INFO - Successfully loaded faiss with AVX2 support.
2025-08-28 18:38:13,879 - INFO - Failed to load GPU Faiss: name 'GpuIndexIVFFlat' is not defined. Will not load constructor refs for GPU indexes. This is only an error if you're trying to use GPU Faiss.
2025-08-28 18:38:13,887 - INFO - Created and saved FAISS vector store at vectorstore/db_faiss
2025-08-28 18:38:13,902 - INFO - Initialized and saved BM25 retriever at bm25_retriever.pkl
2025-08-28 18:38:14,181 - ERROR - Failed to load model TinyLlama/TinyLlama-1.1B-Chat-v1.0: Expecting value: line 1 column 1 (char 0)
2025-08-28 18:38:14,181 - ERROR - Error setting up QA chain: All model load attempts failed. Last error: Expecting value: line 1 column 1 (char 0)
2025-08-28 18:38:14,181 - ERROR - Error updating knowledge base: All model load attempts failed. Last error: Expecting value: line 1 column 1 (char 0)
2025-08-28 18:38:14,181 - ERROR - Error processing documents: All model load attempts failed. Last error: Expecting value: line 1 column 1 (char 0)
2025-08-28 19:48:58,261 - INFO - RAG System initialized
2025-08-28 19:48:58,264 - INFO - Loading embedding model...
2025-08-28 19:48:58,269 - INFO - Load pretrained SentenceTransformer: mixedbread-ai/mxbai-embed-large-v1
2025-08-28 19:49:04,116 - INFO - 2 prompts are loaded, with the keys: ['query', 'passage']
2025-08-28 19:49:04,116 - INFO - Loading hallucination detector...
2025-08-28 19:49:04,120 - INFO - Use pytorch device_name: cuda:0
2025-08-28 19:49:04,120 - INFO - Load pretrained SentenceTransformer: all-mpnet-base-v2
2025-08-28 19:49:07,702 - INFO - Loaded hallucination detection model (all-mpnet-base-v2)
2025-08-28 19:49:07,704 - INFO - Started document watcher for .
2025-08-28 19:49:07,704 - INFO - RAG System fully initialized
2025-08-28 19:49:18,843 - INFO - Detected created document: .\temp_1_WHO_FCTC.pdf
2025-08-28 19:49:18,844 - INFO - Using sequential document processing
2025-08-28 19:49:19,067 - INFO - Invalidated cache for temp_1_WHO_FCTC.pdf
2025-08-28 19:49:19,068 - INFO - Detected modified document: .\temp_1_WHO_FCTC.pdf
2025-08-28 19:49:22,475 - INFO - Successfully processed temp_1_WHO_FCTC.pdf: 37 elements extracted
2025-08-28 19:49:22,475 - INFO - Extracted text and metadata from temp_1_WHO_FCTC.pdf
2025-08-28 19:49:22,485 - INFO - Detected deleted document: .\temp_1_WHO_FCTC.pdf
2025-08-28 19:49:22,485 - ERROR - Error computing hash for .\temp_1_WHO_FCTC.pdf: [Errno 2] No such file or directory: '.\\temp_1_WHO_FCTC.pdf'
2025-08-28 19:49:22,485 - INFO - Deduplicated 37 -> 37 documents
2025-08-28 19:49:22,486 - INFO - Deduplicated 37 -> 37 documents
2025-08-28 19:49:22,489 - INFO - Invalidated cache for temp_1_WHO_FCTC.pdf
2025-08-28 19:49:22,523 - INFO - Loading faiss with AVX2 support.
2025-08-28 19:49:22,606 - INFO - Successfully loaded faiss with AVX2 support.
2025-08-28 19:49:22,616 - INFO - Failed to load GPU Faiss: name 'GpuIndexIVFFlat' is not defined. Will not load constructor refs for GPU indexes. This is only an error if you're trying to use GPU Faiss.
2025-08-28 19:49:22,628 - INFO - Created and saved FAISS vector store at vectorstore/db_faiss
2025-08-28 19:49:22,643 - INFO - Initialized and saved BM25 retriever at bm25_retriever.pkl
2025-08-28 19:49:23,097 - ERROR - Failed to load model TinyLlama/TinyLlama-1.1B-Chat-v1.0: Expecting value: line 1 column 1 (char 0)
2025-08-28 19:49:23,097 - ERROR - Error setting up QA chain: All model load attempts failed. Last error: Expecting value: line 1 column 1 (char 0)
2025-08-28 19:49:23,097 - ERROR - Error updating knowledge base: All model load attempts failed. Last error: Expecting value: line 1 column 1 (char 0)
2025-08-28 19:49:23,098 - ERROR - Error processing documents: All model load attempts failed. Last error: Expecting value: line 1 column 1 (char 0)
2025-08-28 20:00:34,955 - INFO - RAG System initialized
2025-08-28 20:00:34,958 - INFO - Loading embedding model...
2025-08-28 20:00:34,962 - INFO - Load pretrained SentenceTransformer: mixedbread-ai/mxbai-embed-large-v1
2025-08-28 20:00:39,042 - INFO - 2 prompts are loaded, with the keys: ['query', 'passage']
2025-08-28 20:00:39,042 - INFO - Loading hallucination detector...
2025-08-28 20:00:39,046 - INFO - Use pytorch device_name: cuda:0
2025-08-28 20:00:39,046 - INFO - Load pretrained SentenceTransformer: all-mpnet-base-v2
2025-08-28 20:00:42,467 - INFO - Loaded hallucination detection model (all-mpnet-base-v2)
2025-08-28 20:00:42,469 - INFO - Started document watcher for .
2025-08-28 20:00:42,470 - INFO - RAG System fully initialized
2025-08-28 20:00:55,471 - INFO - Using sequential document processing
2025-08-28 20:00:55,472 - INFO - Detected created document: .\temp_3_Canada_Cybersec_Strategy.pdf
2025-08-28 20:00:55,538 - INFO - Invalidated cache for temp_3_Canada_Cybersec_Strategy.pdf
2025-08-28 20:00:55,539 - INFO - Detected modified document: .\temp_3_Canada_Cybersec_Strategy.pdf
2025-08-28 20:00:57,152 - WARNING - Cannot set gray stroke color because /'P0' is an invalid float value
2025-08-28 20:00:57,764 - WARNING - Cannot set gray stroke color because /'P0' is an invalid float value
2025-08-28 20:00:57,922 - WARNING - Cannot set gray stroke color because /'P0' is an invalid float value
2025-08-28 20:00:58,022 - WARNING - Cannot set gray stroke color because /'P0' is an invalid float value
2025-08-28 20:00:58,093 - WARNING - Cannot set gray stroke color because /'P0' is an invalid float value
2025-08-28 20:00:58,201 - WARNING - Cannot set gray stroke color because /'P0' is an invalid float value
2025-08-28 20:00:58,228 - WARNING - Cannot set gray stroke color because /'P0' is an invalid float value
2025-08-28 20:00:58,642 - WARNING - Cannot set gray stroke color because /'P0' is an invalid float value
2025-08-28 20:00:58,742 - WARNING - Cannot set gray stroke color because /'P0' is an invalid float value
2025-08-28 20:00:59,152 - INFO - Successfully processed temp_3_Canada_Cybersec_Strategy.pdf: 24 elements extracted
2025-08-28 20:00:59,153 - INFO - Extracted text and metadata from temp_3_Canada_Cybersec_Strategy.pdf
2025-08-28 20:00:59,159 - INFO - Detected deleted document: .\temp_3_Canada_Cybersec_Strategy.pdf
2025-08-28 20:00:59,159 - INFO - Deduplicated 24 -> 24 documents
2025-08-28 20:00:59,159 - ERROR - Error computing hash for .\temp_3_Canada_Cybersec_Strategy.pdf: [Errno 2] No such file or directory: '.\\temp_3_Canada_Cybersec_Strategy.pdf'
2025-08-28 20:00:59,160 - INFO - Deduplicated 24 -> 24 documents
2025-08-28 20:00:59,163 - INFO - Invalidated cache for temp_3_Canada_Cybersec_Strategy.pdf
2025-08-28 20:01:02,115 - INFO - Loading faiss with AVX2 support.
2025-08-28 20:01:02,164 - INFO - Successfully loaded faiss with AVX2 support.
2025-08-28 20:01:02,170 - INFO - Failed to load GPU Faiss: name 'GpuIndexIVFFlat' is not defined. Will not load constructor refs for GPU indexes. This is only an error if you're trying to use GPU Faiss.
2025-08-28 20:01:02,176 - INFO - Created and saved FAISS vector store at vectorstore/db_faiss
2025-08-28 20:01:02,185 - INFO - Initialized and saved BM25 retriever at bm25_retriever.pkl
2025-08-28 20:01:02,512 - ERROR - Failed to load model TinyLlama/TinyLlama-1.1B-Chat-v1.0: Expecting value: line 1 column 1 (char 0)
2025-08-28 20:01:02,512 - ERROR - Error setting up QA chain: All model load attempts failed. Last error: Expecting value: line 1 column 1 (char 0)
2025-08-28 20:01:02,512 - ERROR - Error updating knowledge base: All model load attempts failed. Last error: Expecting value: line 1 column 1 (char 0)
2025-08-28 20:01:02,513 - ERROR - Error processing documents: All model load attempts failed. Last error: Expecting value: line 1 column 1 (char 0)
2025-08-28 20:11:29,504 - INFO - RAG System initialized
2025-08-28 20:11:29,507 - INFO - Loading embedding model...
2025-08-28 20:11:29,510 - INFO - Load pretrained SentenceTransformer: mixedbread-ai/mxbai-embed-large-v1
2025-08-28 20:11:36,754 - INFO - 2 prompts are loaded, with the keys: ['query', 'passage']
2025-08-28 20:11:36,754 - INFO - Loading hallucination detector...
2025-08-28 20:11:36,758 - INFO - Use pytorch device_name: cuda:0
2025-08-28 20:11:36,758 - INFO - Load pretrained SentenceTransformer: all-mpnet-base-v2
2025-08-28 20:11:42,847 - INFO - Loaded hallucination detection model (all-mpnet-base-v2)
2025-08-28 20:11:42,849 - INFO - Started document watcher for .
2025-08-28 20:11:42,849 - INFO - RAG System fully initialized
2025-08-28 20:11:59,148 - INFO - Detected created document: .\temp_3_Canada_Cybersec_Strategy.pdf
2025-08-28 20:11:59,148 - INFO - Using sequential document processing
2025-08-28 20:11:59,213 - INFO - Invalidated cache for temp_3_Canada_Cybersec_Strategy.pdf
2025-08-28 20:11:59,213 - INFO - Detected modified document: .\temp_3_Canada_Cybersec_Strategy.pdf
2025-08-28 20:12:00,793 - WARNING - Cannot set gray stroke color because /'P0' is an invalid float value
2025-08-28 20:12:01,331 - WARNING - Cannot set gray stroke color because /'P0' is an invalid float value
2025-08-28 20:12:01,489 - WARNING - Cannot set gray stroke color because /'P0' is an invalid float value
2025-08-28 20:12:01,570 - WARNING - Cannot set gray stroke color because /'P0' is an invalid float value
2025-08-28 20:12:01,636 - WARNING - Cannot set gray stroke color because /'P0' is an invalid float value
2025-08-28 20:12:01,745 - WARNING - Cannot set gray stroke color because /'P0' is an invalid float value
2025-08-28 20:12:01,772 - WARNING - Cannot set gray stroke color because /'P0' is an invalid float value
2025-08-28 20:12:02,192 - WARNING - Cannot set gray stroke color because /'P0' is an invalid float value
2025-08-28 20:12:02,268 - WARNING - Cannot set gray stroke color because /'P0' is an invalid float value
2025-08-28 20:12:02,695 - INFO - Successfully processed temp_3_Canada_Cybersec_Strategy.pdf: 24 elements extracted
2025-08-28 20:12:02,696 - INFO - Extracted text and metadata from temp_3_Canada_Cybersec_Strategy.pdf
2025-08-28 20:12:02,705 - INFO - Detected deleted document: .\temp_3_Canada_Cybersec_Strategy.pdf
2025-08-28 20:12:02,705 - INFO - Deduplicated 24 -> 24 documents
2025-08-28 20:12:02,705 - ERROR - Error computing hash for .\temp_3_Canada_Cybersec_Strategy.pdf: [Errno 2] No such file or directory: '.\\temp_3_Canada_Cybersec_Strategy.pdf'
2025-08-28 20:12:02,706 - INFO - Deduplicated 24 -> 24 documents
2025-08-28 20:12:02,710 - INFO - Invalidated cache for temp_3_Canada_Cybersec_Strategy.pdf
2025-08-28 20:12:02,733 - INFO - Loading faiss with AVX2 support.
2025-08-28 20:12:02,815 - INFO - Successfully loaded faiss with AVX2 support.
2025-08-28 20:12:02,824 - INFO - Failed to load GPU Faiss: name 'GpuIndexIVFFlat' is not defined. Will not load constructor refs for GPU indexes. This is only an error if you're trying to use GPU Faiss.
2025-08-28 20:12:02,833 - INFO - Created and saved FAISS vector store at vectorstore/db_faiss
2025-08-28 20:12:02,844 - INFO - Initialized and saved BM25 retriever at bm25_retriever.pkl
2025-08-28 20:12:03,217 - ERROR - Failed to load model TinyLlama/TinyLlama-1.1B-Chat-v1.0: Expecting value: line 1 column 1 (char 0)
2025-08-28 20:12:03,218 - ERROR - Error setting up QA chain: All model load attempts failed. Last error: Expecting value: line 1 column 1 (char 0)
2025-08-28 20:12:03,218 - ERROR - Error updating knowledge base: All model load attempts failed. Last error: Expecting value: line 1 column 1 (char 0)
2025-08-28 20:12:03,218 - ERROR - Error processing documents: All model load attempts failed. Last error: Expecting value: line 1 column 1 (char 0)
2025-08-28 20:22:29,447 - INFO - RAG System initialized
2025-08-28 20:22:29,449 - INFO - Loading embedding model...
2025-08-28 20:22:29,453 - INFO - Load pretrained SentenceTransformer: mixedbread-ai/mxbai-embed-large-v1
2025-08-28 20:22:34,942 - INFO - 2 prompts are loaded, with the keys: ['query', 'passage']
2025-08-28 20:22:34,942 - INFO - Loading hallucination detector...
2025-08-28 20:22:34,946 - INFO - Use pytorch device_name: cuda:0
2025-08-28 20:22:34,946 - INFO - Load pretrained SentenceTransformer: all-mpnet-base-v2
2025-08-28 20:22:39,510 - INFO - Loaded hallucination detection model (all-mpnet-base-v2)
2025-08-28 20:22:39,512 - INFO - Started document watcher for .
2025-08-28 20:22:39,513 - INFO - RAG System fully initialized
2025-08-28 20:23:13,188 - INFO - Detected created document: .\temp_3_Canada_Cybersec_Strategy.pdf
2025-08-28 20:23:13,188 - INFO - Using sequential document processing
2025-08-28 20:23:13,272 - INFO - Invalidated cache for temp_3_Canada_Cybersec_Strategy.pdf
2025-08-28 20:23:13,272 - INFO - Detected modified document: .\temp_3_Canada_Cybersec_Strategy.pdf
2025-08-28 20:23:15,098 - WARNING - Cannot set gray stroke color because /'P0' is an invalid float value
2025-08-28 20:23:15,747 - WARNING - Cannot set gray stroke color because /'P0' is an invalid float value
2025-08-28 20:23:15,946 - WARNING - Cannot set gray stroke color because /'P0' is an invalid float value
2025-08-28 20:23:16,058 - WARNING - Cannot set gray stroke color because /'P0' is an invalid float value
2025-08-28 20:23:16,141 - WARNING - Cannot set gray stroke color because /'P0' is an invalid float value
2025-08-28 20:23:16,272 - WARNING - Cannot set gray stroke color because /'P0' is an invalid float value
2025-08-28 20:23:16,305 - WARNING - Cannot set gray stroke color because /'P0' is an invalid float value
2025-08-28 20:23:16,827 - WARNING - Cannot set gray stroke color because /'P0' is an invalid float value
2025-08-28 20:23:16,910 - WARNING - Cannot set gray stroke color because /'P0' is an invalid float value
2025-08-28 20:23:17,357 - INFO - Successfully processed temp_3_Canada_Cybersec_Strategy.pdf: 24 elements extracted
2025-08-28 20:23:17,358 - INFO - Extracted text and metadata from temp_3_Canada_Cybersec_Strategy.pdf
2025-08-28 20:23:17,363 - INFO - Detected deleted document: .\temp_3_Canada_Cybersec_Strategy.pdf
2025-08-28 20:23:17,363 - INFO - Deduplicated 24 -> 24 documents
2025-08-28 20:23:17,363 - ERROR - Error computing hash for .\temp_3_Canada_Cybersec_Strategy.pdf: [Errno 2] No such file or directory: '.\\temp_3_Canada_Cybersec_Strategy.pdf'
2025-08-28 20:23:17,364 - INFO - Deduplicated 24 -> 24 documents
2025-08-28 20:23:17,367 - INFO - Invalidated cache for temp_3_Canada_Cybersec_Strategy.pdf
2025-08-28 20:23:17,386 - INFO - Loading faiss with AVX2 support.
2025-08-28 20:23:17,419 - INFO - Successfully loaded faiss with AVX2 support.
2025-08-28 20:23:17,426 - INFO - Failed to load GPU Faiss: name 'GpuIndexIVFFlat' is not defined. Will not load constructor refs for GPU indexes. This is only an error if you're trying to use GPU Faiss.
2025-08-28 20:23:17,431 - INFO - Created and saved FAISS vector store at vectorstore/db_faiss
2025-08-28 20:23:17,441 - INFO - Initialized and saved BM25 retriever at bm25_retriever.pkl
2025-08-28 20:23:18,904 - INFO - We will use 90% of the memory on device 0 for storing the model, and 10% for the buffer to avoid OOM. You can set `max_memory` in to a higher value to use more memory (at your own risk).
2025-08-28 20:23:22,487 - WARNING - Some parameters are on the meta device because they were offloaded to the cpu.
2025-08-28 20:23:22,498 - INFO - QA chain setup complete with TinyLlama/TinyLlama-1.1B-Chat-v1.0
2025-08-28 20:23:22,498 - INFO - Knowledge base updated successfully
2025-08-28 20:23:22,499 - INFO - Added 24 new documents
2025-08-28 20:23:31,402 - INFO - Deduplicated 1 -> 1 documents
2025-08-28 21:54:19,312 - INFO - RAG System initialized
2025-08-28 21:54:19,314 - INFO - Loading embedding model...
2025-08-28 21:54:19,320 - INFO - Load pretrained SentenceTransformer: mixedbread-ai/mxbai-embed-large-v1
2025-08-28 21:54:25,695 - INFO - 2 prompts are loaded, with the keys: ['query', 'passage']
2025-08-28 21:54:25,696 - INFO - Loading hallucination detector...
2025-08-28 21:54:25,702 - INFO - Use pytorch device_name: cuda:0
2025-08-28 21:54:25,702 - INFO - Load pretrained SentenceTransformer: all-mpnet-base-v2
2025-08-28 21:54:29,509 - INFO - Loaded hallucination detection model (all-mpnet-base-v2)
2025-08-28 21:54:29,512 - INFO - Started document watcher for .
2025-08-28 21:54:29,513 - INFO - RAG System fully initialized
2025-08-28 22:03:46,153 - INFO - RAG System initialized
2025-08-28 22:03:46,156 - INFO - Loading embedding model...
2025-08-28 22:03:46,160 - INFO - Load pretrained SentenceTransformer: mixedbread-ai/mxbai-embed-large-v1
2025-08-28 22:03:51,586 - INFO - 2 prompts are loaded, with the keys: ['query', 'passage']
2025-08-28 22:03:51,587 - INFO - Loading hallucination detector...
2025-08-28 22:03:51,591 - INFO - Use pytorch device_name: cuda:0
2025-08-28 22:03:51,591 - INFO - Load pretrained SentenceTransformer: all-mpnet-base-v2
2025-08-28 22:03:55,815 - INFO - Loaded hallucination detection model (all-mpnet-base-v2)
2025-08-28 22:03:55,817 - INFO - Started document watcher for .
2025-08-28 22:03:55,818 - INFO - RAG System fully initialized
2025-08-28 22:07:15,980 - INFO - RAG System initialized
2025-08-28 22:07:15,982 - INFO - Loading embedding model...
2025-08-28 22:07:15,985 - INFO - Load pretrained SentenceTransformer: mixedbread-ai/mxbai-embed-large-v1
2025-08-28 22:07:20,698 - INFO - 2 prompts are loaded, with the keys: ['query', 'passage']
2025-08-28 22:07:20,699 - INFO - Loading hallucination detector...
2025-08-28 22:07:20,702 - INFO - Use pytorch device_name: cuda:0
2025-08-28 22:07:20,702 - INFO - Load pretrained SentenceTransformer: all-mpnet-base-v2
2025-08-28 22:07:25,386 - INFO - Loaded hallucination detection model (all-mpnet-base-v2)
2025-08-28 22:07:25,388 - INFO - Started document watcher for .
2025-08-28 22:07:25,388 - INFO - RAG System fully initialized
2025-08-28 22:07:51,204 - ERROR - Error creating user: cannot unpack non-iterable ForeignKey object
2025-08-28 22:08:13,470 - ERROR - Error creating user: One or more mappers failed to initialize - can't proceed with initialization of other mappers. Triggering mapper: 'Mapper[Document(documents)]'. Original exception was: cannot unpack non-iterable ForeignKey object
2025-08-28 22:08:27,123 - ERROR - Error creating user: One or more mappers failed to initialize - can't proceed with initialization of other mappers. Triggering mapper: 'Mapper[Document(documents)]'. Original exception was: cannot unpack non-iterable ForeignKey object
2025-08-28 22:11:40,764 - INFO - RAG System initialized
2025-08-28 22:11:40,767 - INFO - Loading embedding model...
2025-08-28 22:11:40,770 - INFO - Load pretrained SentenceTransformer: mixedbread-ai/mxbai-embed-large-v1
2025-08-28 22:11:46,400 - INFO - 2 prompts are loaded, with the keys: ['query', 'passage']
2025-08-28 22:11:46,400 - INFO - Loading hallucination detector...
2025-08-28 22:11:46,404 - INFO - Use pytorch device_name: cuda:0
2025-08-28 22:11:46,404 - INFO - Load pretrained SentenceTransformer: all-mpnet-base-v2
2025-08-28 22:11:49,694 - INFO - Loaded hallucination detection model (all-mpnet-base-v2)
2025-08-28 22:11:49,696 - INFO - Started document watcher for .
2025-08-28 22:11:49,697 - INFO - RAG System fully initialized
2025-08-28 22:13:27,995 - INFO - Detected created document: .\temp_3_Canada_Cybersec_Strategy.pdf
2025-08-28 22:13:27,996 - INFO - Using sequential document processing
2025-08-28 22:13:28,070 - INFO - Invalidated cache for temp_3_Canada_Cybersec_Strategy.pdf
2025-08-28 22:13:28,070 - INFO - Detected modified document: .\temp_3_Canada_Cybersec_Strategy.pdf
2025-08-28 22:13:29,514 - WARNING - Cannot set gray stroke color because /'P0' is an invalid float value
2025-08-28 22:13:30,021 - WARNING - Cannot set gray stroke color because /'P0' is an invalid float value
2025-08-28 22:13:30,170 - WARNING - Cannot set gray stroke color because /'P0' is an invalid float value
2025-08-28 22:13:30,253 - WARNING - Cannot set gray stroke color because /'P0' is an invalid float value
2025-08-28 22:13:30,317 - WARNING - Cannot set gray stroke color because /'P0' is an invalid float value
2025-08-28 22:13:30,442 - WARNING - Cannot set gray stroke color because /'P0' is an invalid float value
2025-08-28 22:13:30,467 - WARNING - Cannot set gray stroke color because /'P0' is an invalid float value
2025-08-28 22:13:30,874 - WARNING - Cannot set gray stroke color because /'P0' is an invalid float value
2025-08-28 22:13:30,945 - WARNING - Cannot set gray stroke color because /'P0' is an invalid float value
2025-08-28 22:13:31,336 - INFO - Successfully processed temp_3_Canada_Cybersec_Strategy.pdf: 24 elements extracted
2025-08-28 22:13:31,336 - INFO - Extracted text and metadata from temp_3_Canada_Cybersec_Strategy.pdf
2025-08-28 22:13:31,483 - INFO - Detected deleted document: .\temp_3_Canada_Cybersec_Strategy.pdf
2025-08-28 22:13:31,484 - INFO - Deduplicated 24 -> 24 documents
2025-08-28 22:13:31,484 - ERROR - Error computing hash for .\temp_3_Canada_Cybersec_Strategy.pdf: [Errno 2] No such file or directory: '.\\temp_3_Canada_Cybersec_Strategy.pdf'
2025-08-28 22:13:31,484 - INFO - Deduplicated 24 -> 24 documents
2025-08-28 22:13:31,488 - INFO - Invalidated cache for temp_3_Canada_Cybersec_Strategy.pdf
2025-08-28 22:13:31,511 - INFO - Loading faiss with AVX2 support.
2025-08-28 22:13:31,599 - INFO - Successfully loaded faiss with AVX2 support.
2025-08-28 22:13:31,609 - INFO - Failed to load GPU Faiss: name 'GpuIndexIVFFlat' is not defined. Will not load constructor refs for GPU indexes. This is only an error if you're trying to use GPU Faiss.
2025-08-28 22:13:31,617 - INFO - Created and saved FAISS vector store at vectorstore/db_faiss
2025-08-28 22:13:31,626 - INFO - Initialized and saved BM25 retriever at bm25_retriever.pkl
2025-08-28 22:13:33,100 - INFO - We will use 90% of the memory on device 0 for storing the model, and 10% for the buffer to avoid OOM. You can set `max_memory` in to a higher value to use more memory (at your own risk).
2025-08-28 22:13:36,301 - WARNING - Some parameters are on the meta device because they were offloaded to the cpu.
2025-08-28 22:13:36,313 - INFO - QA chain setup complete with TinyLlama/TinyLlama-1.1B-Chat-v1.0
2025-08-28 22:13:36,313 - INFO - Knowledge base updated successfully
2025-08-28 22:13:36,313 - INFO - Added 24 new documents
2025-08-28 22:14:09,697 - INFO - Deduplicated 1 -> 1 documents
2025-08-30 12:48:01,512 - INFO - RAG System initialized
2025-08-30 12:48:01,515 - INFO - Loading embedding model...
2025-08-30 12:48:01,518 - INFO - Load pretrained SentenceTransformer: mixedbread-ai/mxbai-embed-large-v1
2025-08-30 12:48:12,721 - INFO - 2 prompts are loaded, with the keys: ['query', 'passage']
2025-08-30 12:48:12,722 - INFO - Loading hallucination detector...
2025-08-30 12:48:12,728 - INFO - Use pytorch device_name: cuda:0
2025-08-30 12:48:12,728 - INFO - Load pretrained SentenceTransformer: all-mpnet-base-v2
2025-08-30 12:48:18,981 - INFO - Loaded hallucination detection model (all-mpnet-base-v2)
2025-08-30 12:48:18,983 - INFO - Started document watcher for .
2025-08-30 12:48:18,983 - INFO - RAG System fully initialized
2025-08-30 12:49:26,688 - INFO - Detected created document: .\temp_1_WHO_FCTC.pdf
2025-08-30 12:49:26,689 - INFO - Using sequential document processing
2025-08-30 12:49:26,914 - INFO - Invalidated cache for temp_1_WHO_FCTC.pdf
2025-08-30 12:49:26,915 - INFO - Detected modified document: .\temp_1_WHO_FCTC.pdf
2025-08-30 12:49:34,323 - INFO - Detected deleted document: .\temp_1_WHO_FCTC.pdf
2025-08-30 12:49:34,323 - INFO - Deduplicated 1 -> 1 documents
2025-08-30 12:49:34,324 - ERROR - Error computing hash for .\temp_1_WHO_FCTC.pdf: [Errno 2] No such file or directory: '.\\temp_1_WHO_FCTC.pdf'
2025-08-30 12:49:34,324 - INFO - Deduplicated 1 -> 1 documents
2025-08-30 12:49:34,327 - INFO - Invalidated cache for temp_1_WHO_FCTC.pdf
2025-08-30 12:49:34,971 - INFO - Loading faiss with AVX2 support.
2025-08-30 12:49:46,892 - INFO - Successfully loaded faiss with AVX2 support.
2025-08-30 12:49:46,902 - INFO - Failed to load GPU Faiss: name 'GpuIndexIVFFlat' is not defined. Will not load constructor refs for GPU indexes. This is only an error if you're trying to use GPU Faiss.
2025-08-30 12:49:46,906 - INFO - Created and saved FAISS vector store at vectorstore/db_faiss
2025-08-30 12:49:46,917 - INFO - Initialized and saved BM25 retriever at bm25_retriever.pkl
2025-08-30 12:49:49,454 - INFO - We will use 90% of the memory on device 0 for storing the model, and 10% for the buffer to avoid OOM. You can set `max_memory` in to a higher value to use more memory (at your own risk).
2025-08-30 12:49:54,211 - WARNING - Some parameters are on the meta device because they were offloaded to the cpu.
2025-08-30 12:49:54,223 - INFO - QA chain setup complete with TinyLlama/TinyLlama-1.1B-Chat-v1.0
2025-08-30 12:49:54,223 - INFO - Knowledge base updated successfully
2025-08-30 12:49:54,223 - INFO - Added 1 new documents
2025-08-30 12:50:12,479 - INFO - Deduplicated 0 -> 0 documents
2025-08-30 12:56:16,116 - INFO - Using cached query results for: What should be the minimum size of health warnings...
2025-08-30 12:56:16,116 - INFO - Deduplicated 0 -> 0 documents
2025-08-30 13:03:46,714 - INFO - RAG System initialized
2025-08-30 13:03:46,717 - INFO - Loading embedding model...
2025-08-30 13:03:46,720 - INFO - Load pretrained SentenceTransformer: mixedbread-ai/mxbai-embed-large-v1
2025-08-30 13:03:54,795 - INFO - 2 prompts are loaded, with the keys: ['query', 'passage']
2025-08-30 13:03:54,795 - INFO - Loading hallucination detector...
2025-08-30 13:03:54,799 - INFO - Use pytorch device_name: cuda:0
2025-08-30 13:03:54,799 - INFO - Load pretrained SentenceTransformer: all-mpnet-base-v2
2025-08-30 13:03:59,927 - INFO - Loaded hallucination detection model (all-mpnet-base-v2)
2025-08-30 13:03:59,930 - INFO - Started document watcher for .
2025-08-30 13:03:59,930 - INFO - RAG System fully initialized
2025-08-30 13:04:39,257 - INFO - Detected created document: .\temp_1_WHO_FCTC.pdf
2025-08-30 13:04:39,258 - INFO - Using sequential document processing
2025-08-30 13:04:39,511 - INFO - Invalidated cache for temp_1_WHO_FCTC.pdf
2025-08-30 13:04:39,513 - INFO - Detected modified document: .\temp_1_WHO_FCTC.pdf
2025-08-30 13:04:46,918 - INFO - Detected deleted document: .\temp_1_WHO_FCTC.pdf
2025-08-30 13:04:46,918 - INFO - Deduplicated 1 -> 1 documents
2025-08-30 13:04:46,919 - ERROR - Error computing hash for .\temp_1_WHO_FCTC.pdf: [Errno 2] No such file or directory: '.\\temp_1_WHO_FCTC.pdf'
2025-08-30 13:04:46,919 - INFO - Deduplicated 1 -> 1 documents
2025-08-30 13:04:46,922 - INFO - Invalidated cache for temp_1_WHO_FCTC.pdf
2025-08-30 13:04:46,931 - INFO - Loading faiss with AVX2 support.
2025-08-30 13:04:46,967 - INFO - Successfully loaded faiss with AVX2 support.
2025-08-30 13:04:46,978 - INFO - Failed to load GPU Faiss: name 'GpuIndexIVFFlat' is not defined. Will not load constructor refs for GPU indexes. This is only an error if you're trying to use GPU Faiss.
2025-08-30 13:04:46,981 - INFO - Created and saved FAISS vector store at vectorstore/db_faiss
2025-08-30 13:04:46,996 - INFO - Initialized and saved BM25 retriever at bm25_retriever.pkl
2025-08-30 13:04:49,566 - INFO - We will use 90% of the memory on device 0 for storing the model, and 10% for the buffer to avoid OOM. You can set `max_memory` in to a higher value to use more memory (at your own risk).
2025-08-30 13:04:54,123 - WARNING - Some parameters are on the meta device because they were offloaded to the cpu.
2025-08-30 13:04:54,134 - INFO - QA chain setup complete with TinyLlama/TinyLlama-1.1B-Chat-v1.0
2025-08-30 13:04:54,134 - INFO - Knowledge base updated successfully
2025-08-30 13:04:54,134 - INFO - Added 1 new documents
2025-08-30 13:05:11,874 - INFO - Deduplicated 0 -> 0 documents
2025-08-30 13:14:35,278 - INFO - RAG System initialized
2025-08-30 13:14:35,280 - INFO - Loading embedding model...
2025-08-30 13:14:35,285 - INFO - Load pretrained SentenceTransformer: mixedbread-ai/mxbai-embed-large-v1
2025-08-30 13:14:53,358 - INFO - 2 prompts are loaded, with the keys: ['query', 'passage']
2025-08-30 13:14:53,358 - INFO - Loading hallucination detector...
2025-08-30 13:14:53,362 - INFO - Use pytorch device_name: cuda:0
2025-08-30 13:14:53,362 - INFO - Load pretrained SentenceTransformer: all-mpnet-base-v2
2025-08-30 13:14:58,276 - INFO - Loaded hallucination detection model (all-mpnet-base-v2)
2025-08-30 13:14:58,279 - INFO - Started document watcher for .
2025-08-30 13:14:58,280 - INFO - RAG System fully initialized
2025-08-30 13:15:22,410 - INFO - Detected created document: .\temp_1_WHO_FCTC.pdf
2025-08-30 13:15:22,411 - INFO - Using sequential document processing
2025-08-30 13:15:22,628 - INFO - Invalidated cache for temp_1_WHO_FCTC.pdf
2025-08-30 13:15:22,630 - INFO - Detected modified document: .\temp_1_WHO_FCTC.pdf
2025-08-30 13:15:29,929 - INFO - Detected deleted document: .\temp_1_WHO_FCTC.pdf
2025-08-30 13:15:29,929 - INFO - Deduplicated 1 -> 1 documents
2025-08-30 13:15:29,930 - ERROR - Error computing hash for .\temp_1_WHO_FCTC.pdf: [Errno 2] No such file or directory: '.\\temp_1_WHO_FCTC.pdf'
2025-08-30 13:15:29,930 - INFO - Deduplicated 1 -> 1 documents
2025-08-30 13:15:29,933 - INFO - Invalidated cache for temp_1_WHO_FCTC.pdf
2025-08-30 13:15:29,941 - INFO - Loading faiss with AVX2 support.
2025-08-30 13:15:29,978 - INFO - Successfully loaded faiss with AVX2 support.
2025-08-30 13:15:29,986 - INFO - Failed to load GPU Faiss: name 'GpuIndexIVFFlat' is not defined. Will not load constructor refs for GPU indexes. This is only an error if you're trying to use GPU Faiss.
2025-08-30 13:15:29,989 - INFO - Created and saved FAISS vector store at vectorstore/db_faiss
2025-08-30 13:15:30,000 - INFO - Initialized and saved BM25 retriever at bm25_retriever.pkl
2025-08-30 13:15:35,210 - INFO - We will use 90% of the memory on device 0 for storing the model, and 10% for the buffer to avoid OOM. You can set `max_memory` in to a higher value to use more memory (at your own risk).
2025-08-30 13:15:38,940 - WARNING - Some parameters are on the meta device because they were offloaded to the cpu.
2025-08-30 13:15:38,948 - INFO - QA chain setup complete with TinyLlama/TinyLlama-1.1B-Chat-v1.0
2025-08-30 13:15:38,949 - INFO - Knowledge base updated successfully
2025-08-30 13:15:38,949 - INFO - Added 1 new documents
2025-08-30 13:15:54,106 - INFO - Deduplicated 0 -> 0 documents
2025-08-30 13:17:40,290 - INFO - Using cached query results for: What should be the minimum size of health warnings...
2025-08-30 13:17:40,290 - INFO - Deduplicated 0 -> 0 documents
2025-08-30 21:58:38,063 - INFO - RAG System initialized
2025-08-30 21:58:38,066 - INFO - Loading embedding model...
2025-08-30 21:58:38,069 - INFO - Load pretrained SentenceTransformer: mixedbread-ai/mxbai-embed-large-v1
2025-08-30 21:58:43,698 - INFO - 2 prompts are loaded, with the keys: ['query', 'passage']
2025-08-30 21:58:43,699 - INFO - Loading hallucination detector...
2025-08-30 21:58:43,704 - INFO - Use pytorch device_name: cuda:0
2025-08-30 21:58:43,705 - INFO - Load pretrained SentenceTransformer: all-mpnet-base-v2
2025-08-30 21:58:47,687 - INFO - Loaded hallucination detection model (all-mpnet-base-v2)
2025-08-30 21:58:47,689 - INFO - Started document watcher for .
2025-08-30 21:58:47,689 - INFO - RAG System fully initialized
2025-08-30 22:11:24,108 - INFO - RAG System initialized
2025-08-30 22:11:24,111 - INFO - Loading embedding model...
2025-08-30 22:11:24,115 - INFO - Load pretrained SentenceTransformer: mixedbread-ai/mxbai-embed-large-v1
2025-08-30 22:11:29,580 - INFO - 2 prompts are loaded, with the keys: ['query', 'passage']
2025-08-30 22:11:29,580 - INFO - Loading hallucination detector...
2025-08-30 22:11:29,585 - INFO - Use pytorch device_name: cuda:0
2025-08-30 22:11:29,586 - INFO - Load pretrained SentenceTransformer: all-mpnet-base-v2
2025-08-30 22:11:33,798 - INFO - Loaded hallucination detection model (all-mpnet-base-v2)
2025-08-30 22:11:33,801 - INFO - Started document watcher for .
2025-08-30 22:11:33,801 - INFO - RAG System fully initialized
2025-08-31 11:36:59,660 - INFO - RAG System initialized
2025-08-31 11:36:59,663 - INFO - Loading embedding model...
2025-08-31 11:36:59,666 - INFO - Load pretrained SentenceTransformer: mixedbread-ai/mxbai-embed-large-v1
2025-08-31 11:37:05,138 - INFO - 2 prompts are loaded, with the keys: ['query', 'passage']
2025-08-31 11:37:05,139 - INFO - Loading hallucination detector...
2025-08-31 11:37:05,143 - INFO - Use pytorch device_name: cuda:0
2025-08-31 11:37:05,143 - INFO - Load pretrained SentenceTransformer: all-mpnet-base-v2
2025-08-31 11:37:08,706 - INFO - Loaded hallucination detection model (all-mpnet-base-v2)
2025-08-31 11:37:08,709 - INFO - Started document watcher for .
2025-08-31 11:37:08,709 - INFO - RAG System fully initialized
2025-08-31 11:42:19,989 - INFO - RAG System initialized
2025-08-31 11:42:19,992 - INFO - Loading embedding model...
2025-08-31 11:42:19,997 - INFO - Load pretrained SentenceTransformer: mixedbread-ai/mxbai-embed-large-v1
2025-08-31 11:42:25,864 - INFO - 2 prompts are loaded, with the keys: ['query', 'passage']
2025-08-31 11:42:25,865 - INFO - Loading hallucination detector...
2025-08-31 11:42:25,868 - INFO - Use pytorch device_name: cuda:0
2025-08-31 11:42:25,868 - INFO - Load pretrained SentenceTransformer: all-mpnet-base-v2
2025-08-31 11:42:29,785 - INFO - Loaded hallucination detection model (all-mpnet-base-v2)
2025-08-31 11:42:29,788 - INFO - Started document watcher for .
2025-08-31 11:42:29,788 - INFO - RAG System fully initialized
2025-08-31 11:44:28,747 - INFO - RAG System initialized
2025-08-31 11:44:28,750 - INFO - Loading embedding model...
2025-08-31 11:44:28,754 - INFO - Load pretrained SentenceTransformer: mixedbread-ai/mxbai-embed-large-v1
2025-08-31 11:44:34,152 - INFO - 2 prompts are loaded, with the keys: ['query', 'passage']
2025-08-31 11:44:34,152 - INFO - Loading hallucination detector...
2025-08-31 11:44:34,156 - INFO - Use pytorch device_name: cuda:0
2025-08-31 11:44:34,156 - INFO - Load pretrained SentenceTransformer: all-mpnet-base-v2
2025-08-31 11:44:38,075 - INFO - Loaded hallucination detection model (all-mpnet-base-v2)
2025-08-31 11:44:38,078 - INFO - Started document watcher for .
2025-08-31 11:44:38,078 - INFO - RAG System fully initialized
2025-08-31 11:47:41,955 - INFO - RAG System initialized
2025-08-31 11:47:41,958 - INFO - Loading embedding model...
2025-08-31 11:47:41,963 - INFO - Load pretrained SentenceTransformer: mixedbread-ai/mxbai-embed-large-v1
2025-08-31 11:47:50,018 - INFO - 2 prompts are loaded, with the keys: ['query', 'passage']
2025-08-31 11:47:50,018 - INFO - Loading hallucination detector...
2025-08-31 11:47:50,022 - INFO - Use pytorch device_name: cuda:0
2025-08-31 11:47:50,022 - INFO - Load pretrained SentenceTransformer: all-mpnet-base-v2
2025-08-31 11:47:57,237 - INFO - Loaded hallucination detection model (all-mpnet-base-v2)
2025-08-31 11:47:57,240 - INFO - Started document watcher for .
2025-08-31 11:47:57,240 - INFO - RAG System fully initialized
2025-08-31 11:52:00,940 - INFO - RAG System initialized
2025-08-31 11:52:00,943 - INFO - Loading embedding model...
2025-08-31 11:52:00,948 - INFO - Load pretrained SentenceTransformer: mixedbread-ai/mxbai-embed-large-v1
2025-08-31 11:52:05,793 - INFO - 2 prompts are loaded, with the keys: ['query', 'passage']
2025-08-31 11:52:05,794 - INFO - Loading hallucination detector...
2025-08-31 11:52:05,797 - INFO - Use pytorch device_name: cuda:0
2025-08-31 11:52:05,797 - INFO - Load pretrained SentenceTransformer: all-mpnet-base-v2
2025-08-31 11:52:09,434 - INFO - Loaded hallucination detection model (all-mpnet-base-v2)
2025-08-31 11:52:09,437 - INFO - Started document watcher for .
2025-08-31 11:52:09,437 - INFO - RAG System fully initialized
2025-08-31 11:52:36,399 - ERROR - Error creating user: (sqlite3.OperationalError) no such table: users
[SQL: SELECT users.id AS users_id, users.username AS users_username, users.email AS users_email, users.hashed_password AS users_hashed_password, users.full_name AS users_full_name, users.role AS users_role, users.is_active AS users_is_active, users.created_at AS users_created_at, users.last_login AS users_last_login, users.otp_hash AS users_otp_hash, users.otp_expiry AS users_otp_expiry 
FROM users 
WHERE users.username = ? OR users.email = ?
 LIMIT ? OFFSET ?]
[parameters: ('harshini', 'harshinikrishnamurthy84@gmail.com', 1, 0)]
(Background on this error at: https://sqlalche.me/e/20/e3q8)
2025-08-31 11:55:21,878 - INFO - RAG System initialized
2025-08-31 11:55:21,881 - INFO - Loading embedding model...
2025-08-31 11:55:21,885 - INFO - Load pretrained SentenceTransformer: mixedbread-ai/mxbai-embed-large-v1
2025-08-31 11:55:27,214 - INFO - 2 prompts are loaded, with the keys: ['query', 'passage']
2025-08-31 11:55:27,215 - INFO - Loading hallucination detector...
2025-08-31 11:55:27,219 - INFO - Use pytorch device_name: cuda:0
2025-08-31 11:55:27,219 - INFO - Load pretrained SentenceTransformer: all-mpnet-base-v2
2025-08-31 11:55:31,007 - INFO - Loaded hallucination detection model (all-mpnet-base-v2)
2025-08-31 11:55:31,011 - INFO - Started document watcher for .
2025-08-31 11:55:31,011 - INFO - RAG System fully initialized
2025-08-31 11:59:48,825 - INFO - RAG System initialized
2025-08-31 11:59:48,828 - INFO - Loading embedding model...
2025-08-31 11:59:48,831 - INFO - Load pretrained SentenceTransformer: mixedbread-ai/mxbai-embed-large-v1
2025-08-31 11:59:53,915 - INFO - 2 prompts are loaded, with the keys: ['query', 'passage']
2025-08-31 11:59:53,916 - INFO - Loading hallucination detector...
2025-08-31 11:59:53,920 - INFO - Use pytorch device_name: cuda:0
2025-08-31 11:59:53,920 - INFO - Load pretrained SentenceTransformer: all-mpnet-base-v2
2025-08-31 11:59:57,294 - INFO - Loaded hallucination detection model (all-mpnet-base-v2)
2025-08-31 11:59:57,297 - INFO - Started document watcher for .
2025-08-31 11:59:57,297 - INFO - RAG System fully initialized
2025-08-31 12:01:50,831 - INFO - Detected created document: .\temp_1_WHO_FCTC.pdf
2025-08-31 12:01:50,832 - INFO - Using sequential document processing
2025-08-31 12:01:51,054 - INFO - Invalidated cache for temp_1_WHO_FCTC.pdf
2025-08-31 12:01:51,055 - INFO - Detected modified document: .\temp_1_WHO_FCTC.pdf
2025-08-31 12:01:58,672 - INFO - Detected deleted document: .\temp_1_WHO_FCTC.pdf
2025-08-31 12:01:58,673 - INFO - Deduplicated 1 -> 1 documents
2025-08-31 12:01:58,673 - ERROR - Error computing hash for .\temp_1_WHO_FCTC.pdf: [Errno 2] No such file or directory: '.\\temp_1_WHO_FCTC.pdf'
2025-08-31 12:01:58,674 - INFO - Deduplicated 1 -> 1 documents
2025-08-31 12:01:58,677 - INFO - Invalidated cache for temp_1_WHO_FCTC.pdf
2025-08-31 12:01:58,687 - INFO - Loading faiss with AVX2 support.
2025-08-31 12:01:58,774 - INFO - Successfully loaded faiss with AVX2 support.
2025-08-31 12:01:58,783 - INFO - Failed to load GPU Faiss: name 'GpuIndexIVFFlat' is not defined. Will not load constructor refs for GPU indexes. This is only an error if you're trying to use GPU Faiss.
2025-08-31 12:01:58,788 - INFO - Created and saved FAISS vector store at vectorstore/db_faiss
2025-08-31 12:01:58,800 - INFO - Initialized and saved BM25 retriever at bm25_retriever.pkl
2025-08-31 12:01:59,898 - INFO - We will use 90% of the memory on device 0 for storing the model, and 10% for the buffer to avoid OOM. You can set `max_memory` in to a higher value to use more memory (at your own risk).
2025-08-31 12:02:03,379 - WARNING - Some parameters are on the meta device because they were offloaded to the cpu.
2025-08-31 12:02:03,390 - INFO - QA chain setup complete with TinyLlama/TinyLlama-1.1B-Chat-v1.0
2025-08-31 12:02:03,391 - INFO - Knowledge base updated successfully
2025-08-31 12:02:03,391 - INFO - Added 1 new documents
2025-08-31 12:04:54,215 - INFO - Deduplicated 0 -> 0 documents
2025-08-31 12:20:24,540 - INFO - RAG System initialized
2025-08-31 12:20:24,543 - INFO - Loading embedding model...
2025-08-31 12:20:24,546 - INFO - Load pretrained SentenceTransformer: mixedbread-ai/mxbai-embed-large-v1
2025-08-31 12:20:29,503 - INFO - 2 prompts are loaded, with the keys: ['query', 'passage']
2025-08-31 12:20:29,504 - INFO - Loading hallucination detector...
2025-08-31 12:20:29,507 - INFO - Use pytorch device_name: cuda:0
2025-08-31 12:20:29,507 - INFO - Load pretrained SentenceTransformer: all-mpnet-base-v2
2025-08-31 12:20:33,144 - INFO - Loaded hallucination detection model (all-mpnet-base-v2)
2025-08-31 12:20:33,147 - INFO - Started document watcher for .
2025-08-31 12:20:33,147 - INFO - RAG System fully initialized
2025-08-31 12:21:25,042 - INFO - Detected created document: .\temp_5_CyberPeace_Report.pdf
2025-08-31 12:21:25,043 - INFO - Using sequential document processing
2025-08-31 12:21:25,173 - INFO - Invalidated cache for temp_5_CyberPeace_Report.pdf
2025-08-31 12:21:25,174 - INFO - Detected modified document: .\temp_5_CyberPeace_Report.pdf
2025-08-31 12:21:36,473 - INFO - Detected deleted document: .\temp_5_CyberPeace_Report.pdf
2025-08-31 12:21:36,473 - INFO - Deduplicated 1 -> 1 documents
2025-08-31 12:21:36,474 - ERROR - Error computing hash for .\temp_5_CyberPeace_Report.pdf: [Errno 2] No such file or directory: '.\\temp_5_CyberPeace_Report.pdf'
2025-08-31 12:21:36,474 - INFO - Deduplicated 1 -> 1 documents
2025-08-31 12:21:36,480 - INFO - Invalidated cache for temp_5_CyberPeace_Report.pdf
2025-08-31 12:21:37,053 - INFO - Loading faiss with AVX2 support.
2025-08-31 12:21:37,090 - INFO - Successfully loaded faiss with AVX2 support.
2025-08-31 12:21:37,100 - INFO - Failed to load GPU Faiss: name 'GpuIndexIVFFlat' is not defined. Will not load constructor refs for GPU indexes. This is only an error if you're trying to use GPU Faiss.
2025-08-31 12:21:37,104 - INFO - Created and saved FAISS vector store at vectorstore/db_faiss
2025-08-31 12:21:37,118 - INFO - Initialized and saved BM25 retriever at bm25_retriever.pkl
2025-08-31 12:21:38,140 - INFO - We will use 90% of the memory on device 0 for storing the model, and 10% for the buffer to avoid OOM. You can set `max_memory` in to a higher value to use more memory (at your own risk).
2025-08-31 12:21:40,232 - WARNING - Some parameters are on the meta device because they were offloaded to the cpu.
2025-08-31 12:21:40,241 - INFO - QA chain setup complete with TinyLlama/TinyLlama-1.1B-Chat-v1.0
2025-08-31 12:21:40,241 - INFO - Knowledge base updated successfully
2025-08-31 12:21:40,241 - INFO - Added 1 new documents
2025-08-31 12:22:12,802 - INFO - Deduplicated 0 -> 0 documents
2025-08-31 18:02:59,190 - INFO - RAG System initialized
2025-08-31 18:02:59,194 - INFO - Loading embedding model...
2025-08-31 18:02:59,198 - INFO - Load pretrained SentenceTransformer: mixedbread-ai/mxbai-embed-large-v1
2025-08-31 18:03:05,275 - INFO - 2 prompts are loaded, with the keys: ['query', 'passage']
2025-08-31 18:03:05,276 - INFO - Loading hallucination detector...
2025-08-31 18:03:05,282 - INFO - Use pytorch device_name: cuda:0
2025-08-31 18:03:05,282 - INFO - Load pretrained SentenceTransformer: all-mpnet-base-v2
2025-08-31 18:03:09,379 - INFO - Loaded hallucination detection model (all-mpnet-base-v2)
2025-08-31 18:03:09,383 - INFO - Started document watcher for .
2025-08-31 18:03:09,384 - INFO - RAG System fully initialized
2025-08-31 18:04:22,197 - INFO - Detected created document: .\temp_4_GovStack_Specs.docx
2025-08-31 18:04:22,198 - INFO - Using sequential document processing
2025-08-31 18:04:22,224 - INFO - Invalidated cache for temp_4_GovStack_Specs.docx
2025-08-31 18:04:22,225 - INFO - Detected modified document: .\temp_4_GovStack_Specs.docx
2025-08-31 18:04:27,933 - INFO - Detected deleted document: .\temp_4_GovStack_Specs.docx
2025-08-31 18:04:27,933 - INFO - Deduplicated 1 -> 1 documents
2025-08-31 18:04:27,934 - ERROR - Error computing hash for .\temp_4_GovStack_Specs.docx: [Errno 2] No such file or directory: '.\\temp_4_GovStack_Specs.docx'
2025-08-31 18:04:27,934 - INFO - Deduplicated 1 -> 1 documents
2025-08-31 18:04:27,934 - ERROR - Error processing documents: 'NoneType' object has no attribute 'get_session'
2025-08-31 18:04:28,364 - INFO - Invalidated cache for temp_4_GovStack_Specs.docx
2025-08-31 18:06:58,730 - INFO - RAG System initialized
2025-08-31 18:06:58,734 - INFO - Loading embedding model...
2025-08-31 18:06:58,738 - INFO - Load pretrained SentenceTransformer: mixedbread-ai/mxbai-embed-large-v1
2025-08-31 18:07:04,179 - INFO - 2 prompts are loaded, with the keys: ['query', 'passage']
2025-08-31 18:07:04,180 - INFO - Loading hallucination detector...
2025-08-31 18:07:04,185 - INFO - Use pytorch device_name: cuda:0
2025-08-31 18:07:04,186 - INFO - Load pretrained SentenceTransformer: all-mpnet-base-v2
2025-08-31 18:07:08,580 - INFO - Loaded hallucination detection model (all-mpnet-base-v2)
2025-08-31 18:07:08,584 - INFO - Started document watcher for .
2025-08-31 18:07:08,585 - INFO - RAG System fully initialized
2025-08-31 19:34:37,286 - INFO - RAG System initialized
2025-08-31 19:34:37,289 - INFO - Loading embedding model...
2025-08-31 19:34:37,292 - INFO - Load pretrained SentenceTransformer: mixedbread-ai/mxbai-embed-large-v1
2025-08-31 19:34:42,348 - INFO - 2 prompts are loaded, with the keys: ['query', 'passage']
2025-08-31 19:34:42,349 - INFO - Loading hallucination detector...
2025-08-31 19:34:42,352 - INFO - Use pytorch device_name: cuda:0
2025-08-31 19:34:42,353 - INFO - Load pretrained SentenceTransformer: all-mpnet-base-v2
2025-08-31 19:34:45,844 - INFO - Loaded hallucination detection model (all-mpnet-base-v2)
2025-08-31 19:34:45,846 - INFO - Started document watcher for .
2025-08-31 19:34:45,846 - INFO - RAG System fully initialized
2025-08-31 19:36:11,941 - INFO - Detected created document: .\temp_4_GovStack_Specs.docx
2025-08-31 19:36:11,942 - INFO - Using sequential document processing
2025-08-31 19:36:11,961 - INFO - Invalidated cache for temp_4_GovStack_Specs.docx
2025-08-31 19:36:11,962 - INFO - Detected modified document: .\temp_4_GovStack_Specs.docx
2025-08-31 19:36:16,428 - INFO - Deduplicated 1 -> 1 documents
2025-08-31 19:36:16,429 - INFO - Deduplicated 1 -> 1 documents
2025-08-31 19:36:17,379 - INFO - Loading faiss with AVX2 support.
2025-08-31 19:36:17,464 - INFO - Successfully loaded faiss with AVX2 support.
2025-08-31 19:36:17,474 - INFO - Failed to load GPU Faiss: name 'GpuIndexIVFFlat' is not defined. Will not load constructor refs for GPU indexes. This is only an error if you're trying to use GPU Faiss.
2025-08-31 19:36:17,480 - INFO - Created and saved FAISS vector store at vectorstore/db_faiss
2025-08-31 19:36:17,489 - INFO - Initialized and saved BM25 retriever at bm25_retriever.pkl
2025-08-31 19:36:18,625 - INFO - We will use 90% of the memory on device 0 for storing the model, and 10% for the buffer to avoid OOM. You can set `max_memory` in to a higher value to use more memory (at your own risk).
2025-08-31 19:36:21,899 - WARNING - Some parameters are on the meta device because they were offloaded to the cpu.
2025-08-31 19:36:21,915 - INFO - QA chain setup complete with TinyLlama/TinyLlama-1.1B-Chat-v1.0
2025-08-31 19:36:21,915 - INFO - Knowledge base updated successfully
2025-08-31 19:36:21,916 - INFO - Added 1 new documents
2025-08-31 19:36:21,918 - INFO - Detected deleted document: .\temp_4_GovStack_Specs.docx
2025-08-31 19:36:22,446 - ERROR - Error computing hash for .\temp_4_GovStack_Specs.docx: [Errno 2] No such file or directory: '.\\temp_4_GovStack_Specs.docx'
2025-08-31 19:36:22,463 - INFO - Invalidated cache for temp_4_GovStack_Specs.docx
2025-08-31 19:37:12,946 - INFO - Deduplicated 0 -> 0 documents
2025-08-31 19:49:40,754 - INFO - RAG System initialized
2025-08-31 19:49:40,757 - INFO - Loading embedding model...
2025-08-31 19:49:40,763 - INFO - Load pretrained SentenceTransformer: mixedbread-ai/mxbai-embed-large-v1
2025-08-31 19:49:46,325 - INFO - 2 prompts are loaded, with the keys: ['query', 'passage']
2025-08-31 19:49:46,325 - INFO - Loading hallucination detector...
2025-08-31 19:49:46,329 - INFO - Use pytorch device_name: cuda:0
2025-08-31 19:49:46,329 - INFO - Load pretrained SentenceTransformer: all-mpnet-base-v2
2025-08-31 19:49:50,763 - INFO - Loaded hallucination detection model (all-mpnet-base-v2)
2025-08-31 19:49:50,766 - INFO - Started document watcher for .
2025-08-31 19:49:50,766 - INFO - RAG System fully initialized
2025-08-31 19:51:25,512 - INFO - Detected created document: .\temp_2_SalesTaxAct2018_Malaysia.pdf
2025-08-31 19:51:25,513 - INFO - Using sequential document processing
2025-08-31 19:51:25,875 - INFO - Invalidated cache for temp_2_SalesTaxAct2018_Malaysia.pdf
2025-08-31 19:51:25,876 - INFO - Detected modified document: .\temp_2_SalesTaxAct2018_Malaysia.pdf
2025-08-31 19:51:39,979 - INFO - Deduplicated 1 -> 1 documents
2025-08-31 19:51:39,980 - INFO - Deduplicated 1 -> 1 documents
2025-08-31 19:51:40,692 - INFO - Loading faiss with AVX2 support.
2025-08-31 19:51:40,732 - INFO - Successfully loaded faiss with AVX2 support.
2025-08-31 19:51:40,740 - INFO - Failed to load GPU Faiss: name 'GpuIndexIVFFlat' is not defined. Will not load constructor refs for GPU indexes. This is only an error if you're trying to use GPU Faiss.
2025-08-31 19:51:40,744 - INFO - Created and saved FAISS vector store at vectorstore/db_faiss
2025-08-31 19:51:40,761 - INFO - Initialized and saved BM25 retriever at bm25_retriever.pkl
2025-08-31 19:51:41,990 - INFO - We will use 90% of the memory on device 0 for storing the model, and 10% for the buffer to avoid OOM. You can set `max_memory` in to a higher value to use more memory (at your own risk).
2025-08-31 19:51:45,157 - WARNING - Some parameters are on the meta device because they were offloaded to the cpu.
2025-08-31 19:51:45,168 - INFO - QA chain setup complete with TinyLlama/TinyLlama-1.1B-Chat-v1.0
2025-08-31 19:51:45,169 - INFO - Knowledge base updated successfully
2025-08-31 19:51:45,169 - INFO - Added 1 new documents
2025-08-31 19:51:45,171 - INFO - Detected deleted document: .\temp_2_SalesTaxAct2018_Malaysia.pdf
2025-08-31 19:51:45,534 - ERROR - Error computing hash for .\temp_2_SalesTaxAct2018_Malaysia.pdf: [Errno 2] No such file or directory: '.\\temp_2_SalesTaxAct2018_Malaysia.pdf'
2025-08-31 19:51:45,548 - INFO - Invalidated cache for temp_2_SalesTaxAct2018_Malaysia.pdf
2025-08-31 19:52:08,897 - INFO - Deduplicated 0 -> 0 documents
2025-09-01 00:05:57,561 - INFO - RAG System initialized
2025-09-01 00:05:57,563 - INFO - Loading embedding model...
2025-09-01 00:05:57,566 - INFO - Load pretrained SentenceTransformer: mixedbread-ai/mxbai-embed-large-v1
2025-09-01 00:06:02,282 - INFO - 2 prompts are loaded, with the keys: ['query', 'passage']
2025-09-01 00:06:02,283 - INFO - Loading hallucination detector...
2025-09-01 00:06:02,285 - INFO - Use pytorch device_name: cuda:0
2025-09-01 00:06:02,285 - INFO - Load pretrained SentenceTransformer: all-mpnet-base-v2
2025-09-01 00:06:06,238 - INFO - Loaded hallucination detection model (all-mpnet-base-v2)
2025-09-01 00:06:06,240 - INFO - Started document watcher for .
2025-09-01 00:06:06,240 - INFO - RAG System fully initialized
2025-09-01 00:07:21,818 - INFO - Detected created document: .\temp_XSS.pdf
2025-09-01 00:07:21,820 - INFO - Using sequential document processing
2025-09-01 00:07:21,844 - INFO - Invalidated cache for temp_XSS.pdf
2025-09-01 00:07:21,845 - INFO - Detected modified document: .\temp_XSS.pdf
2025-09-01 16:49:53,893 - INFO - RAG System initialized
2025-09-01 16:49:53,896 - INFO - Loading embedding model...
2025-09-01 16:49:53,899 - INFO - Load pretrained SentenceTransformer: mixedbread-ai/mxbai-embed-large-v1
2025-09-01 16:49:58,694 - INFO - 2 prompts are loaded, with the keys: ['query', 'passage']
2025-09-01 16:49:58,694 - INFO - Loading hallucination detector...
2025-09-01 16:49:58,697 - INFO - Use pytorch device_name: cuda:0
2025-09-01 16:49:58,697 - INFO - Load pretrained SentenceTransformer: all-mpnet-base-v2
2025-09-01 16:50:02,139 - INFO - Loaded hallucination detection model (all-mpnet-base-v2)
2025-09-01 16:50:02,141 - INFO - Started document watcher for .
2025-09-01 16:50:02,141 - INFO - RAG System fully initialized
2025-09-01 16:52:48,057 - INFO - Using sequential document processing
2025-09-01 16:52:48,057 - INFO - Detected created document: .\temp_1_WHO_FCTC.pdf
2025-09-01 16:52:48,208 - INFO - Invalidated cache for temp_1_WHO_FCTC.pdf
2025-09-01 16:52:48,209 - INFO - Detected modified document: .\temp_1_WHO_FCTC.pdf
2025-09-01 16:52:53,557 - INFO - Deduplicated 1 -> 1 documents
2025-09-01 16:52:53,557 - INFO - Deduplicated 1 -> 1 documents
2025-09-01 16:52:53,576 - INFO - Loading faiss with AVX2 support.
2025-09-01 16:52:53,675 - INFO - Successfully loaded faiss with AVX2 support.
2025-09-01 16:52:53,682 - INFO - Failed to load GPU Faiss: name 'GpuIndexIVFFlat' is not defined. Will not load constructor refs for GPU indexes. This is only an error if you're trying to use GPU Faiss.
2025-09-01 16:52:53,686 - INFO - Created and saved FAISS vector store at vectorstore/db_faiss
2025-09-01 16:52:53,693 - INFO - Initialized and saved BM25 retriever at bm25_retriever.pkl
2025-09-01 16:52:54,992 - INFO - We will use 90% of the memory on device 0 for storing the model, and 10% for the buffer to avoid OOM. You can set `max_memory` in to a higher value to use more memory (at your own risk).
2025-09-01 16:52:58,114 - WARNING - Some parameters are on the meta device because they were offloaded to the cpu.
2025-09-01 16:52:58,123 - INFO - QA chain setup complete with TinyLlama/TinyLlama-1.1B-Chat-v1.0
2025-09-01 16:52:58,123 - INFO - Knowledge base updated successfully
2025-09-01 16:52:58,123 - INFO - Added 1 new documents
2025-09-01 16:52:58,124 - INFO - Detected deleted document: .\temp_1_WHO_FCTC.pdf
2025-09-01 16:52:58,125 - ERROR - Error computing hash for .\temp_1_WHO_FCTC.pdf: [Errno 2] No such file or directory: '.\\temp_1_WHO_FCTC.pdf'
2025-09-01 16:52:58,540 - INFO - Invalidated cache for temp_1_WHO_FCTC.pdf
2025-09-01 16:54:00,853 - INFO - RAG System initialized
2025-09-01 16:54:00,894 - INFO - Loading embedding model...
2025-09-01 16:54:01,375 - INFO - Load pretrained SentenceTransformer: mixedbread-ai/mxbai-embed-large-v1
2025-09-01 16:54:19,132 - INFO - 2 prompts are loaded, with the keys: ['query', 'passage']
2025-09-01 16:54:19,132 - INFO - Loading hallucination detector...
2025-09-01 16:54:19,136 - INFO - Use pytorch device_name: cuda:0
2025-09-01 16:54:19,136 - INFO - Load pretrained SentenceTransformer: all-mpnet-base-v2
2025-09-01 16:54:23,526 - INFO - Loaded hallucination detection model (all-mpnet-base-v2)
2025-09-01 16:54:23,528 - INFO - Started document watcher for .
2025-09-01 16:54:23,529 - INFO - RAG System fully initialized
2025-09-01 16:55:05,979 - INFO - Detected created document: .\temp_1_WHO_FCTC.pdf
2025-09-01 16:55:05,980 - INFO - Detected created document: .\temp_1_WHO_FCTC.pdf
2025-09-01 16:55:05,980 - INFO - Using sequential document processing
2025-09-01 16:55:06,286 - INFO - Detected modified document: .\temp_1_WHO_FCTC.pdf
2025-09-01 16:55:06,316 - INFO - Invalidated cache for temp_1_WHO_FCTC.pdf
2025-09-01 16:55:06,317 - INFO - Detected modified document: .\temp_1_WHO_FCTC.pdf
2025-09-01 16:55:14,785 - INFO - Deduplicated 1 -> 1 documents
2025-09-01 16:55:14,786 - INFO - Deduplicated 1 -> 1 documents
2025-09-01 16:55:14,800 - INFO - Created and saved FAISS vector store at vectorstore/db_faiss
2025-09-01 16:55:14,810 - INFO - Initialized and saved BM25 retriever at bm25_retriever.pkl
2025-09-01 16:55:15,947 - INFO - Based on the current allocation process, no modules could be assigned to the following devices due to insufficient memory:
  - 0: 262144000 bytes required
These minimum requirements are specific to this allocation attempt and may vary. Consider increasing the available memory for these devices to at least the specified minimum, or adjusting the model config.
2025-09-01 16:55:19,422 - INFO - QA chain setup complete with TinyLlama/TinyLlama-1.1B-Chat-v1.0
2025-09-01 16:55:19,422 - INFO - Knowledge base updated successfully
2025-09-01 16:55:19,422 - INFO - Added 1 new documents
2025-09-01 16:55:19,424 - INFO - Detected deleted document: .\temp_1_WHO_FCTC.pdf
2025-09-01 16:55:19,424 - INFO - Detected deleted document: .\temp_1_WHO_FCTC.pdf
2025-09-01 16:55:19,425 - ERROR - Error computing hash for .\temp_1_WHO_FCTC.pdf: [Errno 2] No such file or directory: '.\\temp_1_WHO_FCTC.pdf'
2025-09-01 16:55:19,426 - ERROR - Error computing hash for .\temp_1_WHO_FCTC.pdf: [Errno 2] No such file or directory: '.\\temp_1_WHO_FCTC.pdf'
2025-09-01 16:55:19,971 - INFO - Invalidated cache for temp_1_WHO_FCTC.pdf
2025-09-01 16:56:43,870 - INFO - Deduplicated 0 -> 0 documents
2025-09-01 17:32:13,037 - INFO - RAG System initialized
2025-09-01 17:32:13,042 - INFO - Loading embedding model...
2025-09-01 17:32:13,050 - INFO - Load pretrained SentenceTransformer: mixedbread-ai/mxbai-embed-large-v1
2025-09-01 17:32:18,154 - INFO - 2 prompts are loaded, with the keys: ['query', 'passage']
2025-09-01 17:32:18,154 - INFO - Loading hallucination detector...
2025-09-01 17:32:18,160 - INFO - Use pytorch device_name: cuda:0
2025-09-01 17:32:18,160 - INFO - Load pretrained SentenceTransformer: all-mpnet-base-v2
2025-09-01 17:32:22,481 - INFO - Loaded hallucination detection model (all-mpnet-base-v2)
2025-09-01 17:32:22,484 - INFO - Started document watcher for .
2025-09-01 17:32:22,485 - INFO - RAG System fully initialized
2025-09-01 17:33:22,125 - INFO - Using sequential document processing
2025-09-01 17:33:22,126 - INFO - Detected created document: .\temp_1_WHO_FCTC.pdf
2025-09-01 17:33:22,404 - INFO - Invalidated cache for temp_1_WHO_FCTC.pdf
2025-09-01 17:33:22,404 - INFO - Detected modified document: .\temp_1_WHO_FCTC.pdf
2025-09-01 17:33:31,011 - INFO - Deduplicated 1 -> 1 documents
2025-09-01 17:33:31,012 - INFO - Deduplicated 1 -> 1 documents
2025-09-01 17:33:31,040 - INFO - Loading faiss with AVX2 support.
2025-09-01 17:33:31,135 - INFO - Successfully loaded faiss with AVX2 support.
2025-09-01 17:33:31,146 - INFO - Failed to load GPU Faiss: name 'GpuIndexIVFFlat' is not defined. Will not load constructor refs for GPU indexes. This is only an error if you're trying to use GPU Faiss.
2025-09-01 17:33:31,151 - INFO - Created and saved FAISS vector store at vectorstore/db_faiss
2025-09-01 17:33:31,167 - INFO - Initialized and saved BM25 retriever at bm25_retriever.pkl
2025-09-01 17:33:32,522 - INFO - We will use 90% of the memory on device 0 for storing the model, and 10% for the buffer to avoid OOM. You can set `max_memory` in to a higher value to use more memory (at your own risk).
2025-09-01 17:33:36,532 - WARNING - Some parameters are on the meta device because they were offloaded to the cpu.
2025-09-01 17:33:36,553 - INFO - QA chain setup complete with TinyLlama/TinyLlama-1.1B-Chat-v1.0
2025-09-01 17:33:36,553 - INFO - Knowledge base updated successfully
2025-09-01 17:33:36,554 - INFO - Added 1 new documents
2025-09-01 17:33:36,555 - INFO - Detected deleted document: .\temp_1_WHO_FCTC.pdf
2025-09-01 17:33:36,559 - ERROR - Error computing hash for .\temp_1_WHO_FCTC.pdf: [Errno 2] No such file or directory: '.\\temp_1_WHO_FCTC.pdf'
2025-09-01 17:33:36,572 - INFO - Invalidated cache for temp_1_WHO_FCTC.pdf
2025-09-01 17:34:40,524 - INFO - RAG System initialized
2025-09-01 17:34:40,527 - INFO - Loading embedding model...
2025-09-01 17:34:40,532 - INFO - Load pretrained SentenceTransformer: mixedbread-ai/mxbai-embed-large-v1
2025-09-01 17:34:45,331 - INFO - 2 prompts are loaded, with the keys: ['query', 'passage']
2025-09-01 17:34:45,331 - INFO - Loading hallucination detector...
2025-09-01 17:34:45,336 - INFO - Use pytorch device_name: cuda:0
2025-09-01 17:34:45,336 - INFO - Load pretrained SentenceTransformer: all-mpnet-base-v2
2025-09-01 17:34:49,655 - INFO - Loaded hallucination detection model (all-mpnet-base-v2)
2025-09-01 17:34:49,661 - INFO - Started document watcher for .
2025-09-01 17:34:49,661 - INFO - RAG System fully initialized
2025-09-01 17:35:45,407 - INFO - Detected created document: .\temp_1_WHO_FCTC.pdf
2025-09-01 17:35:45,407 - INFO - Using sequential document processing
2025-09-01 17:35:45,648 - INFO - Invalidated cache for temp_1_WHO_FCTC.pdf
2025-09-01 17:35:45,649 - INFO - Detected modified document: .\temp_1_WHO_FCTC.pdf
2025-09-01 17:35:53,809 - INFO - Deduplicated 1 -> 1 documents
2025-09-01 17:35:53,810 - INFO - Deduplicated 1 -> 1 documents
2025-09-01 17:35:53,835 - INFO - Loading faiss with AVX2 support.
2025-09-01 17:35:53,875 - INFO - Successfully loaded faiss with AVX2 support.
2025-09-01 17:35:53,884 - INFO - Failed to load GPU Faiss: name 'GpuIndexIVFFlat' is not defined. Will not load constructor refs for GPU indexes. This is only an error if you're trying to use GPU Faiss.
2025-09-01 17:35:53,887 - INFO - Created and saved FAISS vector store at vectorstore/db_faiss
2025-09-01 17:35:53,901 - INFO - Initialized and saved BM25 retriever at bm25_retriever.pkl
2025-09-01 17:35:55,138 - INFO - We will use 90% of the memory on device 0 for storing the model, and 10% for the buffer to avoid OOM. You can set `max_memory` in to a higher value to use more memory (at your own risk).
2025-09-01 17:35:58,650 - WARNING - Some parameters are on the meta device because they were offloaded to the cpu.
2025-09-01 17:35:58,663 - INFO - QA chain setup complete with TinyLlama/TinyLlama-1.1B-Chat-v1.0
2025-09-01 17:35:58,663 - INFO - Knowledge base updated successfully
2025-09-01 17:35:58,663 - INFO - Added 1 new documents
2025-09-01 17:35:58,665 - INFO - Detected deleted document: .\temp_1_WHO_FCTC.pdf
2025-09-01 17:35:58,666 - ERROR - Error computing hash for .\temp_1_WHO_FCTC.pdf: [Errno 2] No such file or directory: '.\\temp_1_WHO_FCTC.pdf'
2025-09-01 17:35:59,150 - INFO - Invalidated cache for temp_1_WHO_FCTC.pdf
2025-09-01 17:38:27,197 - INFO - Deduplicated 0 -> 0 documents
2025-09-01 17:40:42,959 - INFO - Detected created document: .\temp_1_WHO_FCTC.pdf
2025-09-01 17:40:42,960 - INFO - Using sequential document processing
2025-09-01 17:40:43,236 - INFO - Invalidated cache for temp_1_WHO_FCTC.pdf
2025-09-01 17:40:43,237 - INFO - Detected modified document: .\temp_1_WHO_FCTC.pdf
2025-09-01 17:40:50,923 - INFO - Deduplicated 1 -> 1 documents
2025-09-01 17:40:50,924 - INFO - Deduplicated 2 -> 1 documents
2025-09-01 17:40:50,938 - INFO - Created and saved FAISS vector store at vectorstore/db_faiss
2025-09-01 17:40:50,954 - INFO - Initialized and saved BM25 retriever at bm25_retriever.pkl
2025-09-01 17:40:54,419 - WARNING - Some parameters are on the meta device because they were offloaded to the cpu.
2025-09-01 17:40:54,432 - INFO - QA chain setup complete with TinyLlama/TinyLlama-1.1B-Chat-v1.0
2025-09-01 17:40:54,433 - INFO - Knowledge base updated successfully
2025-09-01 17:40:54,433 - INFO - Added 1 new documents
2025-09-01 17:40:54,435 - INFO - Detected deleted document: .\temp_1_WHO_FCTC.pdf
2025-09-01 17:40:54,437 - ERROR - Error computing hash for .\temp_1_WHO_FCTC.pdf: [Errno 2] No such file or directory: '.\\temp_1_WHO_FCTC.pdf'
2025-09-01 17:40:55,002 - INFO - Invalidated cache for temp_1_WHO_FCTC.pdf
2025-09-01 17:42:12,342 - INFO - Deduplicated 0 -> 0 documents
2025-09-01 17:44:06,574 - INFO - Detected created document: .\temp_3_Canada_Cybersec_Strategy.pdf
2025-09-01 17:44:06,574 - INFO - Using sequential document processing
2025-09-01 17:44:06,664 - INFO - Invalidated cache for temp_3_Canada_Cybersec_Strategy.pdf
2025-09-01 17:44:06,664 - INFO - Detected modified document: .\temp_3_Canada_Cybersec_Strategy.pdf
2025-09-01 17:44:08,297 - WARNING - Cannot set gray stroke color because /'P0' is an invalid float value
2025-09-01 17:44:08,944 - WARNING - Cannot set gray stroke color because /'P0' is an invalid float value
2025-09-01 17:44:09,172 - WARNING - Cannot set gray stroke color because /'P0' is an invalid float value
2025-09-01 17:44:09,260 - WARNING - Cannot set gray stroke color because /'P0' is an invalid float value
2025-09-01 17:44:09,333 - WARNING - Cannot set gray stroke color because /'P0' is an invalid float value
2025-09-01 17:44:09,449 - WARNING - Cannot set gray stroke color because /'P0' is an invalid float value
2025-09-01 17:44:09,479 - WARNING - Cannot set gray stroke color because /'P0' is an invalid float value
2025-09-01 17:44:10,115 - WARNING - Cannot set gray stroke color because /'P0' is an invalid float value
2025-09-01 17:44:10,210 - WARNING - Cannot set gray stroke color because /'P0' is an invalid float value
2025-09-01 17:44:13,546 - INFO - Deduplicated 1 -> 1 documents
2025-09-01 17:44:13,546 - INFO - Deduplicated 2 -> 2 documents
2025-09-01 17:44:14,024 - INFO - Created and saved FAISS vector store at vectorstore/db_faiss
2025-09-01 17:44:14,046 - INFO - Initialized and saved BM25 retriever at bm25_retriever.pkl
2025-09-01 17:44:15,132 - INFO - We will use 90% of the memory on device 0 for storing the model, and 10% for the buffer to avoid OOM. You can set `max_memory` in to a higher value to use more memory (at your own risk).
2025-09-01 17:44:17,390 - WARNING - Some parameters are on the meta device because they were offloaded to the cpu.
2025-09-01 17:44:17,403 - INFO - QA chain setup complete with TinyLlama/TinyLlama-1.1B-Chat-v1.0
2025-09-01 17:44:17,404 - INFO - Knowledge base updated successfully
2025-09-01 17:44:17,404 - INFO - Added 1 new documents
2025-09-01 17:44:17,406 - INFO - Detected deleted document: .\temp_3_Canada_Cybersec_Strategy.pdf
2025-09-01 17:44:17,407 - ERROR - Error computing hash for .\temp_3_Canada_Cybersec_Strategy.pdf: [Errno 2] No such file or directory: '.\\temp_3_Canada_Cybersec_Strategy.pdf'
2025-09-01 17:44:17,997 - INFO - Invalidated cache for temp_3_Canada_Cybersec_Strategy.pdf
2025-09-01 17:46:23,166 - INFO - Deduplicated 0 -> 0 documents
2025-09-02 11:50:52,509 - INFO - RAG System initialized
2025-09-02 11:50:52,512 - INFO - Loading embedding model...
2025-09-02 11:50:52,515 - INFO - Load pretrained SentenceTransformer: mixedbread-ai/mxbai-embed-large-v1
2025-09-02 11:50:58,336 - INFO - 2 prompts are loaded, with the keys: ['query', 'passage']
2025-09-02 11:50:58,336 - INFO - Loading hallucination detector...
2025-09-02 11:50:58,341 - INFO - Use pytorch device_name: cuda:0
2025-09-02 11:50:58,341 - INFO - Load pretrained SentenceTransformer: all-mpnet-base-v2
2025-09-02 11:51:02,402 - INFO - Loaded hallucination detection model (all-mpnet-base-v2)
2025-09-02 11:51:02,405 - INFO - Started document watcher for .
2025-09-02 11:51:02,406 - INFO - RAG System fully initialized
2025-09-02 11:52:18,153 - INFO - Using sequential document processing
2025-09-02 11:52:18,154 - INFO - Detected created document: .\temp_1_WHO_FCTC.pdf
2025-09-02 11:52:18,424 - INFO - Invalidated cache for temp_1_WHO_FCTC.pdf
2025-09-02 11:52:18,426 - INFO - Detected modified document: .\temp_1_WHO_FCTC.pdf
2025-09-02 11:52:27,649 - INFO - Deduplicated 1 -> 1 documents
2025-09-02 11:52:27,650 - INFO - Deduplicated 1 -> 1 documents
2025-09-02 11:52:27,677 - INFO - Loading faiss with AVX2 support.
2025-09-02 11:52:27,775 - INFO - Successfully loaded faiss with AVX2 support.
2025-09-02 11:52:27,787 - INFO - Failed to load GPU Faiss: name 'GpuIndexIVFFlat' is not defined. Will not load constructor refs for GPU indexes. This is only an error if you're trying to use GPU Faiss.
2025-09-02 11:52:27,792 - INFO - Created and saved FAISS vector store at vectorstore/db_faiss
2025-09-02 11:52:27,805 - INFO - Initialized and saved BM25 retriever at bm25_retriever.pkl
2025-09-02 11:52:29,358 - INFO - We will use 90% of the memory on device 0 for storing the model, and 10% for the buffer to avoid OOM. You can set `max_memory` in to a higher value to use more memory (at your own risk).
2025-09-02 11:52:33,070 - WARNING - Some parameters are on the meta device because they were offloaded to the cpu.
2025-09-02 11:52:33,095 - INFO - QA chain setup complete with TinyLlama/TinyLlama-1.1B-Chat-v1.0
2025-09-02 11:52:33,096 - INFO - Knowledge base updated successfully
2025-09-02 11:52:33,096 - INFO - Added 1 new documents
2025-09-02 11:52:33,100 - INFO - Detected deleted document: .\temp_1_WHO_FCTC.pdf
2025-09-02 11:52:33,103 - ERROR - Error computing hash for .\temp_1_WHO_FCTC.pdf: [Errno 2] No such file or directory: '.\\temp_1_WHO_FCTC.pdf'
2025-09-02 11:52:33,761 - INFO - Invalidated cache for temp_1_WHO_FCTC.pdf
2025-09-02 11:54:38,238 - INFO - Deduplicated 0 -> 0 documents
2025-09-02 12:05:00,654 - INFO - RAG System initialized
2025-09-02 12:05:00,657 - INFO - Loading embedding model...
2025-09-02 12:05:00,664 - INFO - Load pretrained SentenceTransformer: mixedbread-ai/mxbai-embed-large-v1
2025-09-02 12:05:06,400 - INFO - 2 prompts are loaded, with the keys: ['query', 'passage']
2025-09-02 12:05:06,400 - INFO - Loading hallucination detector...
2025-09-02 12:05:06,405 - INFO - Use pytorch device_name: cuda:0
2025-09-02 12:05:06,406 - INFO - Load pretrained SentenceTransformer: all-mpnet-base-v2
2025-09-02 12:05:10,464 - INFO - Loaded hallucination detection model (all-mpnet-base-v2)
2025-09-02 12:05:10,466 - INFO - Started document watcher for .
2025-09-02 12:05:10,466 - INFO - RAG System fully initialized
2025-09-02 12:06:24,181 - INFO - Detected created document: .\temp_1_WHO_FCTC.pdf
2025-09-02 12:06:24,188 - INFO - Using parallel document processing
2025-09-02 12:06:24,197 - INFO - Invalidated cache for temp_1_WHO_FCTC.pdf
2025-09-02 12:06:24,197 - INFO - Detected modified document: .\temp_1_WHO_FCTC.pdf
2025-09-02 12:06:24,199 - INFO - Detected created document: .\temp_2_SalesTaxAct2018_Malaysia.pdf
2025-09-02 12:06:24,207 - INFO - Invalidated cache for temp_2_SalesTaxAct2018_Malaysia.pdf
2025-09-02 12:06:24,208 - INFO - Detected modified document: .\temp_2_SalesTaxAct2018_Malaysia.pdf
2025-09-02 12:06:24,212 - INFO - Detected created document: .\temp_3_Canada_Cybersec_Strategy.pdf
2025-09-02 12:06:24,221 - INFO - Invalidated cache for temp_3_Canada_Cybersec_Strategy.pdf
2025-09-02 12:06:24,222 - INFO - Detected modified document: .\temp_3_Canada_Cybersec_Strategy.pdf
2025-09-02 12:06:24,224 - INFO - Detected created document: .\temp_4_GovStack_Specs.docx
2025-09-02 12:06:24,229 - INFO - Invalidated cache for temp_4_GovStack_Specs.docx
2025-09-02 12:06:24,229 - INFO - Detected modified document: .\temp_4_GovStack_Specs.docx
2025-09-02 12:06:24,230 - INFO - Detected created document: .\temp_5_CyberPeace_Report.pdf
2025-09-02 12:06:24,238 - INFO - Invalidated cache for temp_5_CyberPeace_Report.pdf
2025-09-02 12:06:24,238 - INFO - Detected modified document: .\temp_5_CyberPeace_Report.pdf
2025-09-02 12:06:49,377 - WARNING - Cannot set gray stroke color because /'P0' is an invalid float value
2025-09-02 12:06:49,632 - INFO - Successfully processed DOCX temp_4_GovStack_Specs.docx: 32 elements extracted
2025-09-02 12:06:49,632 - INFO - Extracted text and metadata from temp_4_GovStack_Specs.docx
2025-09-02 12:06:50,236 - WARNING - Cannot set gray stroke color because /'P0' is an invalid float value
2025-09-02 12:06:50,445 - WARNING - Cannot set gray stroke color because /'P0' is an invalid float value
2025-09-02 12:06:50,579 - WARNING - Cannot set gray stroke color because /'P0' is an invalid float value
2025-09-02 12:06:50,676 - WARNING - Cannot set gray stroke color because /'P0' is an invalid float value
2025-09-02 12:06:50,845 - WARNING - Cannot set gray stroke color because /'P0' is an invalid float value
2025-09-02 12:06:50,884 - WARNING - Cannot set gray stroke color because /'P0' is an invalid float value
2025-09-02 12:06:51,936 - WARNING - Cannot set gray stroke color because /'P0' is an invalid float value
2025-09-02 12:06:52,050 - WARNING - Cannot set gray stroke color because /'P0' is an invalid float value
2025-09-02 12:06:52,969 - INFO - Successfully processed temp_3_Canada_Cybersec_Strategy.pdf: 43 elements extracted, 40 pages detected
2025-09-02 12:06:52,969 - INFO - Extracted text and metadata from temp_3_Canada_Cybersec_Strategy.pdf
2025-09-02 12:06:53,133 - INFO - Successfully processed temp_1_WHO_FCTC.pdf: 49 elements extracted, 44 pages detected
2025-09-02 12:06:53,133 - INFO - Extracted text and metadata from temp_1_WHO_FCTC.pdf
2025-09-02 12:06:56,884 - INFO - Successfully processed temp_5_CyberPeace_Report.pdf: 61 elements extracted, 60 pages detected
2025-09-02 12:06:56,884 - INFO - Extracted text and metadata from temp_5_CyberPeace_Report.pdf
2025-09-02 12:06:57,712 - INFO - Successfully processed temp_2_SalesTaxAct2018_Malaysia.pdf: 89 elements extracted, 89 pages detected
2025-09-02 12:06:57,713 - INFO - Extracted text and metadata from temp_2_SalesTaxAct2018_Malaysia.pdf
2025-09-02 12:07:00,775 - INFO - Deduplicated 274 -> 274 documents
2025-09-02 12:07:01,246 - INFO - Deduplicated 274 -> 274 documents
2025-09-02 12:07:14,278 - INFO - Loading faiss with AVX2 support.
2025-09-02 12:07:14,361 - INFO - Successfully loaded faiss with AVX2 support.
2025-09-02 12:07:14,370 - INFO - Failed to load GPU Faiss: name 'GpuIndexIVFFlat' is not defined. Will not load constructor refs for GPU indexes. This is only an error if you're trying to use GPU Faiss.
2025-09-02 12:07:14,399 - INFO - Created and saved FAISS vector store at vectorstore/db_faiss
2025-09-02 12:07:14,454 - INFO - Initialized and saved BM25 retriever at bm25_retriever.pkl
2025-09-02 12:07:16,052 - INFO - We will use 90% of the memory on device 0 for storing the model, and 10% for the buffer to avoid OOM. You can set `max_memory` in to a higher value to use more memory (at your own risk).
2025-09-02 12:07:19,381 - WARNING - Some parameters are on the meta device because they were offloaded to the cpu.
2025-09-02 12:07:19,394 - INFO - QA chain setup complete with TinyLlama/TinyLlama-1.1B-Chat-v1.0
2025-09-02 12:07:19,395 - INFO - Knowledge base updated successfully
2025-09-02 12:07:19,395 - INFO - Added 274 new documents
2025-09-02 12:07:19,396 - INFO - Detected deleted document: .\temp_1_WHO_FCTC.pdf
2025-09-02 12:07:19,397 - ERROR - Error computing hash for .\temp_1_WHO_FCTC.pdf: [Errno 2] No such file or directory: '.\\temp_1_WHO_FCTC.pdf'
2025-09-02 12:07:19,842 - INFO - Invalidated cache for temp_1_WHO_FCTC.pdf
2025-09-02 12:07:19,843 - INFO - Detected deleted document: .\temp_2_SalesTaxAct2018_Malaysia.pdf
2025-09-02 12:07:19,844 - ERROR - Error computing hash for .\temp_2_SalesTaxAct2018_Malaysia.pdf: [Errno 2] No such file or directory: '.\\temp_2_SalesTaxAct2018_Malaysia.pdf'
2025-09-02 12:07:19,847 - INFO - Invalidated cache for temp_2_SalesTaxAct2018_Malaysia.pdf
2025-09-02 12:07:19,848 - INFO - Detected deleted document: .\temp_3_Canada_Cybersec_Strategy.pdf
2025-09-02 12:07:19,848 - ERROR - Error computing hash for .\temp_3_Canada_Cybersec_Strategy.pdf: [Errno 2] No such file or directory: '.\\temp_3_Canada_Cybersec_Strategy.pdf'
2025-09-02 12:07:19,852 - INFO - Invalidated cache for temp_3_Canada_Cybersec_Strategy.pdf
2025-09-02 12:07:19,852 - INFO - Detected deleted document: .\temp_4_GovStack_Specs.docx
2025-09-02 12:07:19,853 - ERROR - Error computing hash for .\temp_4_GovStack_Specs.docx: [Errno 2] No such file or directory: '.\\temp_4_GovStack_Specs.docx'
2025-09-02 12:07:19,856 - INFO - Invalidated cache for temp_4_GovStack_Specs.docx
2025-09-02 12:07:19,856 - INFO - Detected deleted document: .\temp_5_CyberPeace_Report.pdf
2025-09-02 12:07:19,856 - ERROR - Error computing hash for .\temp_5_CyberPeace_Report.pdf: [Errno 2] No such file or directory: '.\\temp_5_CyberPeace_Report.pdf'
2025-09-02 12:07:19,861 - INFO - Invalidated cache for temp_5_CyberPeace_Report.pdf
2025-09-02 12:07:26,356 - INFO - Deduplicated 0 -> 0 documents
2025-09-02 12:21:56,712 - INFO - RAG System initialized
2025-09-02 12:21:56,715 - INFO - Loading embedding model...
2025-09-02 12:21:56,718 - INFO - Load pretrained SentenceTransformer: mixedbread-ai/mxbai-embed-large-v1
2025-09-02 12:22:01,818 - INFO - 2 prompts are loaded, with the keys: ['query', 'passage']
2025-09-02 12:22:01,818 - INFO - Loading hallucination detector...
2025-09-02 12:22:01,822 - INFO - Use pytorch device_name: cuda:0
2025-09-02 12:22:01,822 - INFO - Load pretrained SentenceTransformer: all-mpnet-base-v2
2025-09-02 12:22:05,580 - INFO - Loaded hallucination detection model (all-mpnet-base-v2)
2025-09-02 12:22:05,582 - INFO - Started document watcher for .
2025-09-02 12:22:05,583 - INFO - RAG System fully initialized
2025-09-02 12:22:54,951 - INFO - Detected created document: .\temp_3_Canada_Cybersec_Strategy.pdf
2025-09-02 12:22:54,952 - INFO - Using sequential document processing
2025-09-02 12:22:55,020 - INFO - Invalidated cache for temp_3_Canada_Cybersec_Strategy.pdf
2025-09-02 12:22:55,021 - INFO - Detected modified document: .\temp_3_Canada_Cybersec_Strategy.pdf
2025-09-02 12:22:56,535 - WARNING - Cannot set gray stroke color because /'P0' is an invalid float value
2025-09-02 12:22:57,097 - WARNING - Cannot set gray stroke color because /'P0' is an invalid float value
2025-09-02 12:22:57,247 - WARNING - Cannot set gray stroke color because /'P0' is an invalid float value
2025-09-02 12:22:57,326 - WARNING - Cannot set gray stroke color because /'P0' is an invalid float value
2025-09-02 12:22:57,391 - WARNING - Cannot set gray stroke color because /'P0' is an invalid float value
2025-09-02 12:22:57,498 - WARNING - Cannot set gray stroke color because /'P0' is an invalid float value
2025-09-02 12:22:57,525 - WARNING - Cannot set gray stroke color because /'P0' is an invalid float value
2025-09-02 12:22:57,966 - WARNING - Cannot set gray stroke color because /'P0' is an invalid float value
2025-09-02 12:22:58,058 - WARNING - Cannot set gray stroke color because /'P0' is an invalid float value
2025-09-02 12:23:01,378 - INFO - Deduplicated 1 -> 1 documents
2025-09-02 12:23:01,378 - INFO - Deduplicated 1 -> 1 documents
2025-09-02 12:23:01,402 - INFO - Loading faiss with AVX2 support.
2025-09-02 12:23:01,442 - INFO - Successfully loaded faiss with AVX2 support.
2025-09-02 12:23:01,451 - INFO - Failed to load GPU Faiss: name 'GpuIndexIVFFlat' is not defined. Will not load constructor refs for GPU indexes. This is only an error if you're trying to use GPU Faiss.
2025-09-02 12:23:01,454 - INFO - Created and saved FAISS vector store at vectorstore/db_faiss
2025-09-02 12:23:01,463 - INFO - Initialized and saved BM25 retriever at bm25_retriever.pkl
2025-09-02 12:23:02,862 - INFO - We will use 90% of the memory on device 0 for storing the model, and 10% for the buffer to avoid OOM. You can set `max_memory` in to a higher value to use more memory (at your own risk).
2025-09-02 12:23:06,336 - WARNING - Some parameters are on the meta device because they were offloaded to the cpu.
2025-09-02 12:23:06,350 - ERROR - Error setting up QA chain: 1 validation error for LLMChain
prompt
  Input should be a valid dictionary or instance of BasePromptTemplate [type=model_type, input_value="You are an expert assist...\n- ...\n- [Point 10]\n", input_type=str]
    For further information visit https://errors.pydantic.dev/2.11/v/model_type
2025-09-02 12:23:06,350 - ERROR - Error updating knowledge base: 1 validation error for LLMChain
prompt
  Input should be a valid dictionary or instance of BasePromptTemplate [type=model_type, input_value="You are an expert assist...\n- ...\n- [Point 10]\n", input_type=str]
    For further information visit https://errors.pydantic.dev/2.11/v/model_type
2025-09-02 12:23:06,351 - ERROR - Error processing documents: 1 validation error for LLMChain
prompt
  Input should be a valid dictionary or instance of BasePromptTemplate [type=model_type, input_value="You are an expert assist...\n- ...\n- [Point 10]\n", input_type=str]
    For further information visit https://errors.pydantic.dev/2.11/v/model_type
2025-09-02 12:23:06,360 - INFO - Detected deleted document: .\temp_3_Canada_Cybersec_Strategy.pdf
2025-09-02 12:23:06,361 - ERROR - Error computing hash for .\temp_3_Canada_Cybersec_Strategy.pdf: [Errno 2] No such file or directory: '.\\temp_3_Canada_Cybersec_Strategy.pdf'
2025-09-02 12:23:06,722 - INFO - Invalidated cache for temp_3_Canada_Cybersec_Strategy.pdf
2025-09-02 12:25:49,322 - INFO - RAG System initialized
2025-09-02 12:25:49,324 - INFO - Loading embedding model...
2025-09-02 12:25:49,329 - INFO - Load pretrained SentenceTransformer: mixedbread-ai/mxbai-embed-large-v1
2025-09-02 12:25:54,543 - INFO - 2 prompts are loaded, with the keys: ['query', 'passage']
2025-09-02 12:25:54,544 - INFO - Loading hallucination detector...
2025-09-02 12:25:54,548 - INFO - Use pytorch device_name: cuda:0
2025-09-02 12:25:54,548 - INFO - Load pretrained SentenceTransformer: all-mpnet-base-v2
2025-09-02 12:25:58,824 - INFO - Loaded hallucination detection model (all-mpnet-base-v2)
2025-09-02 12:25:58,827 - INFO - Started document watcher for .
2025-09-02 12:25:58,827 - INFO - RAG System fully initialized
2025-09-02 12:26:47,488 - INFO - Using sequential document processing
2025-09-02 12:26:47,488 - INFO - Detected created document: .\temp_3_Canada_Cybersec_Strategy.pdf
2025-09-02 12:26:47,555 - INFO - Invalidated cache for temp_3_Canada_Cybersec_Strategy.pdf
2025-09-02 12:26:47,555 - INFO - Detected modified document: .\temp_3_Canada_Cybersec_Strategy.pdf
2025-09-02 12:26:49,205 - WARNING - Cannot set gray stroke color because /'P0' is an invalid float value
2025-09-02 12:26:49,738 - WARNING - Cannot set gray stroke color because /'P0' is an invalid float value
2025-09-02 12:26:49,888 - WARNING - Cannot set gray stroke color because /'P0' is an invalid float value
2025-09-02 12:26:49,972 - WARNING - Cannot set gray stroke color because /'P0' is an invalid float value
2025-09-02 12:26:50,044 - WARNING - Cannot set gray stroke color because /'P0' is an invalid float value
2025-09-02 12:26:50,206 - WARNING - Cannot set gray stroke color because /'P0' is an invalid float value
2025-09-02 12:26:50,233 - WARNING - Cannot set gray stroke color because /'P0' is an invalid float value
2025-09-02 12:26:50,738 - WARNING - Cannot set gray stroke color because /'P0' is an invalid float value
2025-09-02 12:26:50,843 - WARNING - Cannot set gray stroke color because /'P0' is an invalid float value
2025-09-02 12:26:54,095 - INFO - Deduplicated 1 -> 1 documents
2025-09-02 12:26:54,096 - INFO - Deduplicated 1 -> 1 documents
2025-09-02 12:26:54,119 - INFO - Loading faiss with AVX2 support.
2025-09-02 12:26:54,154 - INFO - Successfully loaded faiss with AVX2 support.
2025-09-02 12:26:54,162 - INFO - Failed to load GPU Faiss: name 'GpuIndexIVFFlat' is not defined. Will not load constructor refs for GPU indexes. This is only an error if you're trying to use GPU Faiss.
2025-09-02 12:26:54,165 - INFO - Created and saved FAISS vector store at vectorstore/db_faiss
2025-09-02 12:26:54,175 - INFO - Initialized and saved BM25 retriever at bm25_retriever.pkl
2025-09-02 12:26:55,504 - INFO - We will use 90% of the memory on device 0 for storing the model, and 10% for the buffer to avoid OOM. You can set `max_memory` in to a higher value to use more memory (at your own risk).
2025-09-02 12:26:59,456 - WARNING - Some parameters are on the meta device because they were offloaded to the cpu.
2025-09-02 12:26:59,469 - ERROR - Error setting up QA chain: 1 validation error for StuffDocumentsChain
  Value error, document_variable_name context was not found in llm_chain input_variables: [] [type=value_error, input_value={'llm_chain': LLMChain(ve...None, 'callbacks': None}, input_type=dict]
    For further information visit https://errors.pydantic.dev/2.11/v/value_error
2025-09-02 12:26:59,469 - ERROR - Error updating knowledge base: 1 validation error for StuffDocumentsChain
  Value error, document_variable_name context was not found in llm_chain input_variables: [] [type=value_error, input_value={'llm_chain': LLMChain(ve...None, 'callbacks': None}, input_type=dict]
    For further information visit https://errors.pydantic.dev/2.11/v/value_error
2025-09-02 12:26:59,470 - ERROR - Error processing documents: 1 validation error for StuffDocumentsChain
  Value error, document_variable_name context was not found in llm_chain input_variables: [] [type=value_error, input_value={'llm_chain': LLMChain(ve...None, 'callbacks': None}, input_type=dict]
    For further information visit https://errors.pydantic.dev/2.11/v/value_error
2025-09-02 12:26:59,478 - INFO - Detected deleted document: .\temp_3_Canada_Cybersec_Strategy.pdf
2025-09-02 12:26:59,480 - ERROR - Error computing hash for .\temp_3_Canada_Cybersec_Strategy.pdf: [Errno 2] No such file or directory: '.\\temp_3_Canada_Cybersec_Strategy.pdf'
2025-09-02 12:26:59,851 - INFO - Invalidated cache for temp_3_Canada_Cybersec_Strategy.pdf
2025-09-02 21:49:27,508 - INFO - RAG System initialized
2025-09-02 21:49:27,512 - INFO - Loading embedding model...
2025-09-02 21:49:27,519 - INFO - Load pretrained SentenceTransformer: mixedbread-ai/mxbai-embed-large-v1
2025-09-02 21:49:33,739 - INFO - 2 prompts are loaded, with the keys: ['query', 'passage']
2025-09-02 21:49:33,739 - INFO - Loading hallucination detector...
2025-09-02 21:49:33,745 - INFO - Use pytorch device_name: cuda:0
2025-09-02 21:49:33,746 - INFO - Load pretrained SentenceTransformer: all-mpnet-base-v2
2025-09-02 21:49:38,863 - INFO - Loaded hallucination detection model (all-mpnet-base-v2)
2025-09-02 21:49:38,866 - INFO - Started document watcher for .
2025-09-02 21:49:38,866 - INFO - RAG System fully initialized
2025-09-02 21:50:40,068 - INFO - Using sequential document processing
2025-09-02 21:50:40,068 - INFO - Detected created document: .\temp_2_SalesTaxAct2018_Malaysia.pdf
2025-09-02 21:50:40,594 - INFO - Invalidated cache for temp_2_SalesTaxAct2018_Malaysia.pdf
2025-09-02 21:50:40,595 - INFO - Detected modified document: .\temp_2_SalesTaxAct2018_Malaysia.pdf
2025-09-02 21:50:59,258 - INFO - Deduplicated 1 -> 1 documents
2025-09-02 21:50:59,259 - INFO - Deduplicated 1 -> 1 documents
2025-09-02 21:50:59,290 - INFO - Loading faiss with AVX2 support.
2025-09-02 21:50:59,393 - INFO - Successfully loaded faiss with AVX2 support.
2025-09-02 21:50:59,406 - INFO - Failed to load GPU Faiss: name 'GpuIndexIVFFlat' is not defined. Will not load constructor refs for GPU indexes. This is only an error if you're trying to use GPU Faiss.
2025-09-02 21:50:59,413 - INFO - Created and saved FAISS vector store at vectorstore/db_faiss
2025-09-02 21:50:59,432 - INFO - Initialized and saved BM25 retriever at bm25_retriever.pkl
2025-09-02 21:51:01,053 - INFO - We will use 90% of the memory on device 0 for storing the model, and 10% for the buffer to avoid OOM. You can set `max_memory` in to a higher value to use more memory (at your own risk).
2025-09-02 21:51:04,947 - WARNING - Some parameters are on the meta device because they were offloaded to the cpu.
2025-09-02 21:51:04,952 - INFO - Loaded generation pipeline for TinyLlama/TinyLlama-1.1B-Chat-v1.0 (device=cuda)
2025-09-02 21:51:04,960 - ERROR - Error setting up QA chain: 1 validation error for StuffDocumentsChain
  Value error, document_variable_name context was not found in llm_chain input_variables: ['answer', 'supporting_points'] [type=value_error, input_value={'llm_chain': LLMChain(ve...None, 'callbacks': None}, input_type=dict]
    For further information visit https://errors.pydantic.dev/2.11/v/value_error
2025-09-02 21:51:04,961 - ERROR - Error updating knowledge base: 1 validation error for StuffDocumentsChain
  Value error, document_variable_name context was not found in llm_chain input_variables: ['answer', 'supporting_points'] [type=value_error, input_value={'llm_chain': LLMChain(ve...None, 'callbacks': None}, input_type=dict]
    For further information visit https://errors.pydantic.dev/2.11/v/value_error
2025-09-02 21:51:04,962 - ERROR - Error processing documents: 1 validation error for StuffDocumentsChain
  Value error, document_variable_name context was not found in llm_chain input_variables: ['answer', 'supporting_points'] [type=value_error, input_value={'llm_chain': LLMChain(ve...None, 'callbacks': None}, input_type=dict]
    For further information visit https://errors.pydantic.dev/2.11/v/value_error
2025-09-02 21:51:04,974 - INFO - Detected deleted document: .\temp_2_SalesTaxAct2018_Malaysia.pdf
2025-09-02 21:51:04,975 - ERROR - Error computing hash for .\temp_2_SalesTaxAct2018_Malaysia.pdf: [Errno 2] No such file or directory: '.\\temp_2_SalesTaxAct2018_Malaysia.pdf'
2025-09-02 21:51:05,529 - INFO - Invalidated cache for temp_2_SalesTaxAct2018_Malaysia.pdf
2025-09-02 21:55:54,253 - INFO - RAG System initialized
2025-09-02 21:55:54,257 - INFO - Loading embedding model...
2025-09-02 21:55:54,262 - INFO - Load pretrained SentenceTransformer: mixedbread-ai/mxbai-embed-large-v1
2025-09-02 21:56:00,442 - INFO - 2 prompts are loaded, with the keys: ['query', 'passage']
2025-09-02 21:56:00,443 - INFO - Loading hallucination detector...
2025-09-02 21:56:00,449 - INFO - Use pytorch device_name: cuda:0
2025-09-02 21:56:00,450 - INFO - Load pretrained SentenceTransformer: all-mpnet-base-v2
2025-09-02 21:56:05,739 - INFO - Loaded hallucination detection model (all-mpnet-base-v2)
2025-09-02 21:56:05,742 - INFO - Started document watcher for .
2025-09-02 21:56:05,743 - INFO - RAG System fully initialized
2025-09-02 21:56:56,483 - INFO - Using sequential document processing
2025-09-02 21:56:56,483 - INFO - Detected created document: .\temp_2_SalesTaxAct2018_Malaysia.pdf
2025-09-02 21:56:57,087 - INFO - Invalidated cache for temp_2_SalesTaxAct2018_Malaysia.pdf
2025-09-02 21:56:57,087 - INFO - Detected modified document: .\temp_2_SalesTaxAct2018_Malaysia.pdf
2025-09-02 21:57:15,692 - INFO - Deduplicated 1 -> 1 documents
2025-09-02 21:57:15,693 - INFO - Deduplicated 1 -> 1 documents
2025-09-02 21:57:15,726 - INFO - Loading faiss with AVX2 support.
2025-09-02 21:57:15,766 - INFO - Successfully loaded faiss with AVX2 support.
2025-09-02 21:57:15,779 - INFO - Failed to load GPU Faiss: name 'GpuIndexIVFFlat' is not defined. Will not load constructor refs for GPU indexes. This is only an error if you're trying to use GPU Faiss.
2025-09-02 21:57:15,782 - INFO - Created and saved FAISS vector store at vectorstore/db_faiss
2025-09-02 21:57:15,801 - INFO - Initialized and saved BM25 retriever at bm25_retriever.pkl
2025-09-02 21:57:17,414 - INFO - We will use 90% of the memory on device 0 for storing the model, and 10% for the buffer to avoid OOM. You can set `max_memory` in to a higher value to use more memory (at your own risk).
2025-09-02 21:57:20,550 - WARNING - Some parameters are on the meta device because they were offloaded to the cpu.
2025-09-02 21:57:20,553 - INFO - Loaded generation pipeline for TinyLlama/TinyLlama-1.1B-Chat-v1.0 (device=cuda)
2025-09-02 21:57:20,560 - ERROR - Error setting up QA chain: 1 validation error for RetrievalQA
document_variable_name
  Extra inputs are not permitted [type=extra_forbidden, input_value='context', input_type=str]
    For further information visit https://errors.pydantic.dev/2.11/v/extra_forbidden
2025-09-02 21:57:20,560 - ERROR - Error updating knowledge base: 1 validation error for RetrievalQA
document_variable_name
  Extra inputs are not permitted [type=extra_forbidden, input_value='context', input_type=str]
    For further information visit https://errors.pydantic.dev/2.11/v/extra_forbidden
2025-09-02 21:57:20,561 - ERROR - Error processing documents: 1 validation error for RetrievalQA
document_variable_name
  Extra inputs are not permitted [type=extra_forbidden, input_value='context', input_type=str]
    For further information visit https://errors.pydantic.dev/2.11/v/extra_forbidden
2025-09-02 21:57:20,570 - INFO - Detected deleted document: .\temp_2_SalesTaxAct2018_Malaysia.pdf
2025-09-02 21:57:20,572 - ERROR - Error computing hash for .\temp_2_SalesTaxAct2018_Malaysia.pdf: [Errno 2] No such file or directory: '.\\temp_2_SalesTaxAct2018_Malaysia.pdf'
2025-09-02 21:57:21,054 - INFO - Invalidated cache for temp_2_SalesTaxAct2018_Malaysia.pdf
2025-09-02 22:04:38,252 - INFO - RAG System initialized
2025-09-02 22:04:38,254 - INFO - Loading embedding model...
2025-09-02 22:04:38,260 - INFO - Load pretrained SentenceTransformer: mixedbread-ai/mxbai-embed-large-v1
2025-09-02 22:04:44,131 - INFO - 2 prompts are loaded, with the keys: ['query', 'passage']
2025-09-02 22:04:44,132 - INFO - Loading hallucination detector...
2025-09-02 22:04:44,137 - INFO - Use pytorch device_name: cuda:0
2025-09-02 22:04:44,137 - INFO - Load pretrained SentenceTransformer: all-mpnet-base-v2
2025-09-02 22:04:49,051 - INFO - Loaded hallucination detection model (all-mpnet-base-v2)
2025-09-02 22:04:49,055 - INFO - Started document watcher for .
2025-09-02 22:04:49,055 - INFO - RAG System fully initialized
2025-09-02 22:05:49,544 - INFO - Using sequential document processing
2025-09-02 22:05:49,544 - INFO - Detected created document: .\temp_2_SalesTaxAct2018_Malaysia.pdf
2025-09-02 22:05:50,021 - INFO - Invalidated cache for temp_2_SalesTaxAct2018_Malaysia.pdf
2025-09-02 22:05:50,023 - INFO - Detected modified document: .\temp_2_SalesTaxAct2018_Malaysia.pdf
2025-09-02 22:06:08,389 - INFO - Deduplicated 1 -> 1 documents
2025-09-02 22:06:08,390 - INFO - Deduplicated 1 -> 1 documents
2025-09-02 22:06:08,420 - INFO - Loading faiss with AVX2 support.
2025-09-02 22:06:08,459 - INFO - Successfully loaded faiss with AVX2 support.
2025-09-02 22:06:08,471 - INFO - Failed to load GPU Faiss: name 'GpuIndexIVFFlat' is not defined. Will not load constructor refs for GPU indexes. This is only an error if you're trying to use GPU Faiss.
2025-09-02 22:06:08,475 - INFO - Created and saved FAISS vector store at vectorstore/db_faiss
2025-09-02 22:06:08,492 - INFO - Initialized and saved BM25 retriever at bm25_retriever.pkl
2025-09-02 22:06:09,977 - INFO - We will use 90% of the memory on device 0 for storing the model, and 10% for the buffer to avoid OOM. You can set `max_memory` in to a higher value to use more memory (at your own risk).
2025-09-02 22:06:13,973 - WARNING - Some parameters are on the meta device because they were offloaded to the cpu.
2025-09-02 22:06:13,976 - INFO - Loaded generation pipeline for TinyLlama/TinyLlama-1.1B-Chat-v1.0 (device=cuda)
2025-09-02 22:06:13,985 - ERROR - Error setting up QA chain: 1 validation error for RetrievalQA
document_variable_name
  Extra inputs are not permitted [type=extra_forbidden, input_value='context', input_type=str]
    For further information visit https://errors.pydantic.dev/2.11/v/extra_forbidden
2025-09-02 22:06:13,985 - ERROR - Error updating knowledge base: 1 validation error for RetrievalQA
document_variable_name
  Extra inputs are not permitted [type=extra_forbidden, input_value='context', input_type=str]
    For further information visit https://errors.pydantic.dev/2.11/v/extra_forbidden
2025-09-02 22:06:13,986 - ERROR - Error processing documents: 1 validation error for RetrievalQA
document_variable_name
  Extra inputs are not permitted [type=extra_forbidden, input_value='context', input_type=str]
    For further information visit https://errors.pydantic.dev/2.11/v/extra_forbidden
2025-09-02 22:06:13,996 - INFO - Detected deleted document: .\temp_2_SalesTaxAct2018_Malaysia.pdf
2025-09-02 22:06:13,998 - ERROR - Error computing hash for .\temp_2_SalesTaxAct2018_Malaysia.pdf: [Errno 2] No such file or directory: '.\\temp_2_SalesTaxAct2018_Malaysia.pdf'
2025-09-02 22:06:14,692 - INFO - Invalidated cache for temp_2_SalesTaxAct2018_Malaysia.pdf
2025-09-02 22:15:25,810 - INFO - RAG System initialized
2025-09-02 22:15:25,815 - INFO - Loading embedding model...
2025-09-02 22:15:25,822 - INFO - Load pretrained SentenceTransformer: mixedbread-ai/mxbai-embed-large-v1
2025-09-02 22:15:31,688 - INFO - 2 prompts are loaded, with the keys: ['query', 'passage']
2025-09-02 22:15:31,689 - INFO - Loading hallucination detector...
2025-09-02 22:15:31,695 - INFO - Use pytorch device_name: cuda:0
2025-09-02 22:15:31,696 - INFO - Load pretrained SentenceTransformer: all-mpnet-base-v2
2025-09-02 22:15:35,894 - INFO - Loaded hallucination detection model (all-mpnet-base-v2)
2025-09-02 22:15:35,896 - INFO - Started document watcher for .
2025-09-02 22:15:35,897 - INFO - RAG System fully initialized
2025-09-02 22:17:12,109 - INFO - Using sequential document processing
2025-09-02 22:17:12,110 - INFO - Detected created document: .\temp_2_SalesTaxAct2018_Malaysia.pdf
2025-09-02 22:17:12,608 - INFO - Invalidated cache for temp_2_SalesTaxAct2018_Malaysia.pdf
2025-09-02 22:17:12,609 - INFO - Detected modified document: .\temp_2_SalesTaxAct2018_Malaysia.pdf
2025-09-02 22:17:30,688 - INFO - Deduplicated 1 -> 1 documents
2025-09-02 22:17:30,689 - INFO - Deduplicated 1 -> 1 documents
2025-09-02 22:17:30,716 - INFO - Loading faiss with AVX2 support.
2025-09-02 22:17:30,757 - INFO - Successfully loaded faiss with AVX2 support.
2025-09-02 22:17:30,769 - INFO - Failed to load GPU Faiss: name 'GpuIndexIVFFlat' is not defined. Will not load constructor refs for GPU indexes. This is only an error if you're trying to use GPU Faiss.
2025-09-02 22:17:30,773 - INFO - Created and saved FAISS vector store at vectorstore/db_faiss
2025-09-02 22:17:30,792 - INFO - Initialized and saved BM25 retriever at bm25_retriever.pkl
2025-09-02 22:17:32,358 - INFO - We will use 90% of the memory on device 0 for storing the model, and 10% for the buffer to avoid OOM. You can set `max_memory` in to a higher value to use more memory (at your own risk).
2025-09-02 22:17:36,603 - WARNING - Some parameters are on the meta device because they were offloaded to the cpu.
2025-09-02 22:17:36,608 - INFO - Loaded generation pipeline for TinyLlama/TinyLlama-1.1B-Chat-v1.0 (device=cuda)
2025-09-02 22:17:36,612 - INFO - QA chain setup complete with TinyLlama/TinyLlama-1.1B-Chat-v1.0
2025-09-02 22:17:36,612 - INFO - Knowledge base updated successfully
2025-09-02 22:17:36,613 - INFO - Added 1 new documents
2025-09-02 22:17:36,615 - INFO - Detected deleted document: .\temp_2_SalesTaxAct2018_Malaysia.pdf
2025-09-02 22:17:36,616 - ERROR - Error computing hash for .\temp_2_SalesTaxAct2018_Malaysia.pdf: [Errno 2] No such file or directory: '.\\temp_2_SalesTaxAct2018_Malaysia.pdf'
2025-09-02 22:17:37,241 - INFO - Invalidated cache for temp_2_SalesTaxAct2018_Malaysia.pdf
2025-09-02 22:17:59,150 - INFO - Deduplicated 0 -> 0 documents
2025-09-02 22:28:25,209 - INFO - RAG System initialized
2025-09-02 22:28:25,212 - INFO - Loading embedding model...
2025-09-02 22:28:25,217 - INFO - Load pretrained SentenceTransformer: mixedbread-ai/mxbai-embed-large-v1
2025-09-02 22:28:29,683 - INFO - 2 prompts are loaded, with the keys: ['query', 'passage']
2025-09-02 22:28:29,684 - INFO - Loading hallucination detector...
2025-09-02 22:28:29,688 - INFO - Use pytorch device_name: cuda:0
2025-09-02 22:28:29,688 - INFO - Load pretrained SentenceTransformer: all-mpnet-base-v2
2025-09-02 22:28:33,889 - INFO - Loaded hallucination detection model (all-mpnet-base-v2)
2025-09-02 22:28:33,892 - INFO - Started document watcher for .
2025-09-02 22:28:33,892 - INFO - RAG System fully initialized
2025-09-02 22:29:23,348 - INFO - Detected created document: .\temp_2_SalesTaxAct2018_Malaysia.pdf
2025-09-02 22:29:23,348 - INFO - Using sequential document processing
2025-09-02 22:29:23,710 - INFO - Invalidated cache for temp_2_SalesTaxAct2018_Malaysia.pdf
2025-09-02 22:29:23,710 - INFO - Detected modified document: .\temp_2_SalesTaxAct2018_Malaysia.pdf
2025-09-02 22:29:37,841 - INFO - Deduplicated 1 -> 1 documents
2025-09-02 22:29:37,842 - INFO - Deduplicated 1 -> 1 documents
2025-09-02 22:29:37,867 - INFO - Loading faiss with AVX2 support.
2025-09-02 22:29:37,902 - INFO - Successfully loaded faiss with AVX2 support.
2025-09-02 22:29:37,910 - INFO - Failed to load GPU Faiss: name 'GpuIndexIVFFlat' is not defined. Will not load constructor refs for GPU indexes. This is only an error if you're trying to use GPU Faiss.
2025-09-02 22:29:37,914 - INFO - Created and saved FAISS vector store at vectorstore/db_faiss
2025-09-02 22:29:37,928 - INFO - Initialized and saved BM25 retriever at bm25_retriever.pkl
2025-09-02 22:29:39,703 - INFO - We will use 90% of the memory on device 0 for storing the model, and 10% for the buffer to avoid OOM. You can set `max_memory` in to a higher value to use more memory (at your own risk).
2025-09-02 22:29:42,365 - WARNING - Some parameters are on the meta device because they were offloaded to the cpu.
2025-09-02 22:29:42,367 - INFO - Loaded generation pipeline for TinyLlama/TinyLlama-1.1B-Chat-v1.0 (device=cuda)
2025-09-02 22:29:42,369 - INFO - QA chain setup complete with TinyLlama/TinyLlama-1.1B-Chat-v1.0
2025-09-02 22:29:42,370 - INFO - Knowledge base updated successfully
2025-09-02 22:29:42,370 - INFO - Added 1 new documents
2025-09-02 22:29:42,371 - INFO - Detected deleted document: .\temp_2_SalesTaxAct2018_Malaysia.pdf
2025-09-02 22:29:42,372 - ERROR - Error computing hash for .\temp_2_SalesTaxAct2018_Malaysia.pdf: [Errno 2] No such file or directory: '.\\temp_2_SalesTaxAct2018_Malaysia.pdf'
2025-09-02 22:29:42,745 - INFO - Invalidated cache for temp_2_SalesTaxAct2018_Malaysia.pdf
2025-09-02 22:29:59,443 - INFO - Deduplicated 0 -> 0 documents
2025-09-02 22:30:46,739 - INFO - Deduplicated 0 -> 0 documents
2025-09-03 12:01:38,081 - INFO - RAG System initialized
2025-09-03 12:01:38,084 - INFO - Loading embedding model...
2025-09-03 12:01:38,089 - INFO - Load pretrained SentenceTransformer: mixedbread-ai/mxbai-embed-large-v1
2025-09-03 12:01:54,303 - INFO - 2 prompts are loaded, with the keys: ['query', 'passage']
2025-09-03 12:01:54,304 - INFO - Loading hallucination detector...
2025-09-03 12:01:54,308 - INFO - Use pytorch device_name: cuda:0
2025-09-03 12:01:54,309 - INFO - Load pretrained SentenceTransformer: all-mpnet-base-v2
2025-09-03 12:01:58,361 - INFO - Loaded hallucination detection model (all-mpnet-base-v2)
2025-09-03 12:01:58,365 - INFO - Started document watcher for .
2025-09-03 12:01:58,365 - INFO - RAG System fully initialized
2025-09-03 12:03:12,071 - INFO - Detected created document: .\temp_3_Canada_Cybersec_Strategy.pdf
2025-09-03 12:03:12,071 - INFO - Using sequential document processing
2025-09-03 12:03:12,167 - INFO - Invalidated cache for temp_3_Canada_Cybersec_Strategy.pdf
2025-09-03 12:03:12,168 - INFO - Detected modified document: .\temp_3_Canada_Cybersec_Strategy.pdf
2025-09-03 12:03:14,193 - WARNING - Cannot set gray stroke color because /'P0' is an invalid float value
2025-09-03 12:03:14,859 - WARNING - Cannot set gray stroke color because /'P0' is an invalid float value
2025-09-03 12:03:15,097 - WARNING - Cannot set gray stroke color because /'P0' is an invalid float value
2025-09-03 12:03:15,245 - WARNING - Cannot set gray stroke color because /'P0' is an invalid float value
2025-09-03 12:03:15,360 - WARNING - Cannot set gray stroke color because /'P0' is an invalid float value
2025-09-03 12:03:15,532 - WARNING - Cannot set gray stroke color because /'P0' is an invalid float value
2025-09-03 12:03:15,573 - WARNING - Cannot set gray stroke color because /'P0' is an invalid float value
2025-09-03 12:03:16,146 - WARNING - Cannot set gray stroke color because /'P0' is an invalid float value
2025-09-03 12:03:16,246 - WARNING - Cannot set gray stroke color because /'P0' is an invalid float value
2025-09-03 12:03:20,411 - INFO - Deduplicated 1 -> 1 documents
2025-09-03 12:03:20,412 - INFO - Deduplicated 1 -> 1 documents
2025-09-03 12:03:20,444 - INFO - Loading faiss with AVX2 support.
2025-09-03 12:03:20,561 - INFO - Successfully loaded faiss with AVX2 support.
2025-09-03 12:03:20,574 - INFO - Failed to load GPU Faiss: name 'GpuIndexIVFFlat' is not defined. Will not load constructor refs for GPU indexes. This is only an error if you're trying to use GPU Faiss.
2025-09-03 12:03:20,581 - INFO - Created and saved FAISS vector store at vectorstore/db_faiss
2025-09-03 12:03:20,591 - INFO - Initialized and saved BM25 retriever at bm25_retriever.pkl
2025-09-03 12:03:22,468 - INFO - We will use 90% of the memory on device 0 for storing the model, and 10% for the buffer to avoid OOM. You can set `max_memory` in to a higher value to use more memory (at your own risk).
2025-09-03 12:03:26,758 - WARNING - Some parameters are on the meta device because they were offloaded to the cpu.
2025-09-03 12:03:26,761 - INFO - Loaded generation pipeline for TinyLlama/TinyLlama-1.1B-Chat-v1.0 (device=cuda)
2025-09-03 12:03:26,768 - INFO - QA chain setup complete with TinyLlama/TinyLlama-1.1B-Chat-v1.0
2025-09-03 12:03:26,769 - INFO - Knowledge base updated successfully
2025-09-03 12:03:26,769 - INFO - Added 1 new documents
2025-09-03 12:03:26,771 - INFO - Detected deleted document: .\temp_3_Canada_Cybersec_Strategy.pdf
2025-09-03 12:03:26,772 - ERROR - Error computing hash for .\temp_3_Canada_Cybersec_Strategy.pdf: [Errno 2] No such file or directory: '.\\temp_3_Canada_Cybersec_Strategy.pdf'
2025-09-03 12:03:27,197 - INFO - Invalidated cache for temp_3_Canada_Cybersec_Strategy.pdf
2025-09-03 12:03:40,936 - INFO - Deduplicated 0 -> 0 documents
2025-09-03 12:11:11,028 - INFO - Deduplicated 0 -> 0 documents
2025-09-03 12:13:21,036 - INFO - Deduplicated 0 -> 0 documents
2025-09-03 12:16:53,723 - INFO - Deduplicated 0 -> 0 documents
2025-09-03 12:18:54,614 - INFO - Using cached query results for: Provide a summary of disaster response
...
2025-09-03 12:18:54,615 - INFO - Deduplicated 0 -> 0 documents
2025-09-03 12:29:49,433 - INFO - RAG System initialized
2025-09-03 12:29:49,436 - INFO - Loading embedding model...
2025-09-03 12:29:49,440 - INFO - Load pretrained SentenceTransformer: mixedbread-ai/mxbai-embed-large-v1
2025-09-03 12:29:55,585 - INFO - 2 prompts are loaded, with the keys: ['query', 'passage']
2025-09-03 12:29:55,585 - INFO - Loading hallucination detector...
2025-09-03 12:29:55,590 - INFO - Use pytorch device_name: cuda:0
2025-09-03 12:29:55,590 - INFO - Load pretrained SentenceTransformer: all-mpnet-base-v2
2025-09-03 12:29:59,392 - INFO - Loaded hallucination detection model (all-mpnet-base-v2)
2025-09-03 12:29:59,394 - INFO - Started document watcher for .
2025-09-03 12:29:59,394 - INFO - RAG System fully initialized
2025-09-03 12:30:40,727 - INFO - Using sequential document processing
2025-09-03 12:30:40,727 - INFO - Detected created document: .\temp_1_WHO_FCTC.pdf
2025-09-03 12:30:40,972 - INFO - Invalidated cache for temp_1_WHO_FCTC.pdf
2025-09-03 12:30:40,973 - INFO - Detected modified document: .\temp_1_WHO_FCTC.pdf
2025-09-03 12:30:48,596 - INFO - Deduplicated 1 -> 1 documents
2025-09-03 12:30:48,597 - INFO - Deduplicated 1 -> 1 documents
2025-09-03 12:30:48,621 - INFO - Loading faiss with AVX2 support.
2025-09-03 12:30:48,658 - INFO - Successfully loaded faiss with AVX2 support.
2025-09-03 12:30:48,666 - INFO - Failed to load GPU Faiss: name 'GpuIndexIVFFlat' is not defined. Will not load constructor refs for GPU indexes. This is only an error if you're trying to use GPU Faiss.
2025-09-03 12:30:48,669 - INFO - Created and saved FAISS vector store at vectorstore/db_faiss
2025-09-03 12:30:48,681 - INFO - Initialized and saved BM25 retriever at bm25_retriever.pkl
2025-09-03 12:30:49,865 - INFO - We will use 90% of the memory on device 0 for storing the model, and 10% for the buffer to avoid OOM. You can set `max_memory` in to a higher value to use more memory (at your own risk).
2025-09-03 12:30:53,251 - WARNING - Some parameters are on the meta device because they were offloaded to the cpu.
2025-09-03 12:30:53,254 - INFO - Loaded generation pipeline for TinyLlama/TinyLlama-1.1B-Chat-v1.0 (device=cuda)
2025-09-03 12:30:53,256 - INFO - QA chain setup complete with TinyLlama/TinyLlama-1.1B-Chat-v1.0
2025-09-03 12:30:53,256 - INFO - Knowledge base updated successfully
2025-09-03 12:30:53,256 - INFO - Added 1 new documents
2025-09-03 12:30:53,258 - INFO - Detected deleted document: .\temp_1_WHO_FCTC.pdf
2025-09-03 12:30:53,260 - ERROR - Error computing hash for .\temp_1_WHO_FCTC.pdf: [Errno 2] No such file or directory: '.\\temp_1_WHO_FCTC.pdf'
2025-09-03 12:30:53,643 - INFO - Invalidated cache for temp_1_WHO_FCTC.pdf
2025-09-03 12:31:43,679 - INFO - Deduplicated 0 -> 0 documents
2025-09-03 12:35:19,147 - INFO - Deduplicated 0 -> 0 documents
2025-09-03 12:36:15,722 - INFO - Deduplicated 0 -> 0 documents
2025-09-03 12:45:21,404 - INFO - Detected created document: .\temp_Unlocking AI Though modern data architecture.pdf
2025-09-03 12:45:21,405 - INFO - Using sequential document processing
2025-09-03 12:45:21,494 - INFO - Invalidated cache for temp_Unlocking AI Though modern data architecture.pdf
2025-09-03 12:45:21,495 - INFO - Detected modified document: .\temp_Unlocking AI Though modern data architecture.pdf
2025-09-03 12:45:38,383 - INFO - Deduplicated 1 -> 1 documents
2025-09-03 12:45:38,383 - INFO - Deduplicated 2 -> 2 documents
2025-09-03 12:45:39,060 - INFO - Created and saved FAISS vector store at vectorstore/db_faiss
2025-09-03 12:45:39,079 - INFO - Initialized and saved BM25 retriever at bm25_retriever.pkl
2025-09-03 12:45:43,584 - WARNING - Some parameters are on the meta device because they were offloaded to the cpu.
2025-09-03 12:45:43,585 - INFO - Loaded generation pipeline for TinyLlama/TinyLlama-1.1B-Chat-v1.0 (device=cuda)
2025-09-03 12:45:43,590 - INFO - QA chain setup complete with TinyLlama/TinyLlama-1.1B-Chat-v1.0
2025-09-03 12:45:43,590 - INFO - Knowledge base updated successfully
2025-09-03 12:45:43,590 - INFO - Added 1 new documents
2025-09-03 12:45:43,592 - INFO - Detected deleted document: .\temp_Unlocking AI Though modern data architecture.pdf
2025-09-03 12:45:43,594 - ERROR - Error computing hash for .\temp_Unlocking AI Though modern data architecture.pdf: [Errno 2] No such file or directory: '.\\temp_Unlocking AI Though modern data architecture.pdf'
2025-09-03 12:45:43,968 - INFO - Invalidated cache for temp_Unlocking AI Though modern data architecture.pdf
2025-09-03 12:46:17,413 - INFO - Deduplicated 0 -> 0 documents
2025-09-03 14:09:13,902 - INFO - RAG System initialized
2025-09-03 14:09:13,906 - INFO - Loading embedding model...
2025-09-03 14:09:13,909 - INFO - Load pretrained SentenceTransformer: mixedbread-ai/mxbai-embed-large-v1
2025-09-03 14:09:18,665 - INFO - 2 prompts are loaded, with the keys: ['query', 'passage']
2025-09-03 14:09:18,666 - INFO - Loading hallucination detector...
2025-09-03 14:09:18,669 - INFO - Use pytorch device_name: cuda:0
2025-09-03 14:09:18,669 - INFO - Load pretrained SentenceTransformer: all-mpnet-base-v2
2025-09-03 14:09:22,492 - INFO - Loaded hallucination detection model (all-mpnet-base-v2)
2025-09-03 14:09:22,494 - INFO - Started document watcher for .
2025-09-03 14:09:22,495 - INFO - RAG System fully initialized
2025-09-03 14:14:26,254 - INFO - RAG System initialized
2025-09-03 14:14:26,258 - INFO - Loading embedding model...
2025-09-03 14:14:26,262 - INFO - Load pretrained SentenceTransformer: mixedbread-ai/mxbai-embed-large-v1
2025-09-03 14:14:31,525 - INFO - 2 prompts are loaded, with the keys: ['query', 'passage']
2025-09-03 14:14:31,526 - INFO - Loading hallucination detector...
2025-09-03 14:14:31,530 - INFO - Use pytorch device_name: cuda:0
2025-09-03 14:14:31,530 - INFO - Load pretrained SentenceTransformer: all-mpnet-base-v2
2025-09-03 14:14:35,494 - INFO - Loaded hallucination detection model (all-mpnet-base-v2)
2025-09-03 14:14:35,496 - INFO - Started document watcher for .
2025-09-03 14:14:35,497 - INFO - RAG System fully initialized
2025-09-03 14:19:45,666 - INFO - Detected created document: .\temp_3_Canada_Cybersec_Strategy.pdf
2025-09-03 14:19:45,668 - INFO - Using parallel document processing
2025-09-03 14:19:45,680 - INFO - Invalidated cache for temp_3_Canada_Cybersec_Strategy.pdf
2025-09-03 14:19:45,680 - INFO - Detected modified document: .\temp_3_Canada_Cybersec_Strategy.pdf
2025-09-03 14:19:45,682 - INFO - Detected created document: .\temp_4_GovStack_Specs.docx
2025-09-03 14:19:45,686 - INFO - Invalidated cache for temp_4_GovStack_Specs.docx
2025-09-03 14:19:45,687 - INFO - Detected modified document: .\temp_4_GovStack_Specs.docx
2025-09-03 14:20:07,577 - WARNING - Cannot set gray stroke color because /'P0' is an invalid float value
2025-09-03 14:20:07,835 - INFO - Successfully processed DOCX temp_4_GovStack_Specs.docx: 32 elements extracted
2025-09-03 14:20:07,836 - INFO - Extracted text and metadata from temp_4_GovStack_Specs.docx
2025-09-03 14:20:08,495 - WARNING - Cannot set gray stroke color because /'P0' is an invalid float value
2025-09-03 14:20:08,650 - WARNING - Cannot set gray stroke color because /'P0' is an invalid float value
2025-09-03 14:20:08,768 - WARNING - Cannot set gray stroke color because /'P0' is an invalid float value
2025-09-03 14:20:08,832 - WARNING - Cannot set gray stroke color because /'P0' is an invalid float value
2025-09-03 14:20:08,941 - WARNING - Cannot set gray stroke color because /'P0' is an invalid float value
2025-09-03 14:20:08,968 - WARNING - Cannot set gray stroke color because /'P0' is an invalid float value
2025-09-03 14:20:09,380 - WARNING - Cannot set gray stroke color because /'P0' is an invalid float value
2025-09-03 14:20:09,454 - WARNING - Cannot set gray stroke color because /'P0' is an invalid float value
2025-09-03 14:20:10,113 - INFO - Successfully processed temp_3_Canada_Cybersec_Strategy.pdf: 43 elements extracted, 40 pages detected
2025-09-03 14:20:10,113 - INFO - Extracted text and metadata from temp_3_Canada_Cybersec_Strategy.pdf
2025-09-03 14:20:12,389 - INFO - Deduplicated 75 -> 75 documents
2025-09-03 14:20:12,391 - INFO - Deduplicated 75 -> 75 documents
2025-09-03 14:20:12,929 - INFO - Loading faiss with AVX2 support.
2025-09-03 14:20:13,018 - INFO - Successfully loaded faiss with AVX2 support.
2025-09-03 14:20:13,027 - INFO - Failed to load GPU Faiss: name 'GpuIndexIVFFlat' is not defined. Will not load constructor refs for GPU indexes. This is only an error if you're trying to use GPU Faiss.
2025-09-03 14:20:13,038 - INFO - Created and saved FAISS vector store at vectorstore/db_faiss
2025-09-03 14:20:13,056 - INFO - Initialized and saved BM25 retriever at bm25_retriever.pkl
2025-09-03 14:20:14,468 - INFO - We will use 90% of the memory on device 0 for storing the model, and 10% for the buffer to avoid OOM. You can set `max_memory` in to a higher value to use more memory (at your own risk).
2025-09-03 14:20:17,815 - WARNING - Some parameters are on the meta device because they were offloaded to the cpu.
2025-09-03 14:20:17,817 - INFO - Loaded generation pipeline for TinyLlama/TinyLlama-1.1B-Chat-v1.0 (device=cuda)
2025-09-03 14:20:17,820 - INFO - QA chain setup complete with TinyLlama/TinyLlama-1.1B-Chat-v1.0
2025-09-03 14:20:17,820 - INFO - Knowledge base updated successfully
2025-09-03 14:20:17,821 - INFO - Added 75 new documents
2025-09-03 14:20:17,822 - INFO - Detected deleted document: .\temp_3_Canada_Cybersec_Strategy.pdf
2025-09-03 14:20:17,822 - ERROR - Error computing hash for .\temp_3_Canada_Cybersec_Strategy.pdf: [Errno 2] No such file or directory: '.\\temp_3_Canada_Cybersec_Strategy.pdf'
2025-09-03 14:20:18,245 - INFO - Invalidated cache for temp_3_Canada_Cybersec_Strategy.pdf
2025-09-03 14:20:18,246 - INFO - Detected deleted document: .\temp_4_GovStack_Specs.docx
2025-09-03 14:20:18,248 - ERROR - Error computing hash for .\temp_4_GovStack_Specs.docx: [Errno 2] No such file or directory: '.\\temp_4_GovStack_Specs.docx'
2025-09-03 14:20:18,612 - INFO - Invalidated cache for temp_4_GovStack_Specs.docx
2025-09-03 14:26:29,591 - INFO - Deduplicated 2 -> 2 documents
2025-09-03 14:40:44,152 - INFO - Deduplicated 0 -> 0 documents
2025-09-04 21:20:53,582 - INFO - RAG System initialized
2025-09-04 21:20:53,586 - INFO - Loading embedding model...
2025-09-04 21:20:53,592 - INFO - Load pretrained SentenceTransformer: mixedbread-ai/mxbai-embed-large-v1
2025-09-04 21:21:00,116 - INFO - 2 prompts are loaded, with the keys: ['query', 'passage']
2025-09-04 21:21:00,116 - INFO - Loading hallucination detector...
2025-09-04 21:21:00,120 - INFO - Use pytorch device_name: cuda:0
2025-09-04 21:21:00,121 - INFO - Load pretrained SentenceTransformer: all-mpnet-base-v2
2025-09-04 21:21:08,349 - INFO - Loaded hallucination detection model (all-mpnet-base-v2)
2025-09-04 21:21:08,351 - INFO - Started document watcher for .
2025-09-04 21:21:08,352 - INFO - RAG System fully initialized
2025-09-04 21:22:06,823 - INFO - Detected created document: .\temp_3_Canada_Cybersec_Strategy.pdf
2025-09-04 21:22:06,823 - INFO - Using sequential document processing
2025-09-04 21:22:06,891 - INFO - Invalidated cache for temp_3_Canada_Cybersec_Strategy.pdf
2025-09-04 21:22:06,892 - INFO - Detected modified document: .\temp_3_Canada_Cybersec_Strategy.pdf
2025-09-04 21:22:08,453 - WARNING - Cannot set gray stroke color because /'P0' is an invalid float value
2025-09-04 21:22:09,051 - WARNING - Cannot set gray stroke color because /'P0' is an invalid float value
2025-09-04 21:22:09,196 - WARNING - Cannot set gray stroke color because /'P0' is an invalid float value
2025-09-04 21:22:09,280 - WARNING - Cannot set gray stroke color because /'P0' is an invalid float value
2025-09-04 21:22:09,343 - WARNING - Cannot set gray stroke color because /'P0' is an invalid float value
2025-09-04 21:22:09,448 - WARNING - Cannot set gray stroke color because /'P0' is an invalid float value
2025-09-04 21:22:09,474 - WARNING - Cannot set gray stroke color because /'P0' is an invalid float value
2025-09-04 21:22:10,003 - WARNING - Cannot set gray stroke color because /'P0' is an invalid float value
2025-09-04 21:22:10,101 - WARNING - Cannot set gray stroke color because /'P0' is an invalid float value
2025-09-04 21:22:13,402 - INFO - Deduplicated 1 -> 1 documents
2025-09-04 21:22:13,402 - INFO - Deduplicated 1 -> 1 documents
2025-09-04 21:22:13,430 - INFO - Loading faiss with AVX2 support.
2025-09-04 21:22:13,527 - INFO - Successfully loaded faiss with AVX2 support.
2025-09-04 21:22:13,539 - INFO - Failed to load GPU Faiss: name 'GpuIndexIVFFlat' is not defined. Will not load constructor refs for GPU indexes. This is only an error if you're trying to use GPU Faiss.
2025-09-04 21:22:13,545 - INFO - Created and saved FAISS vector store at vectorstore/db_faiss
2025-09-04 21:22:13,556 - INFO - Initialized and saved BM25 retriever at bm25_retriever.pkl
2025-09-04 21:22:15,611 - INFO - We will use 90% of the memory on device 0 for storing the model, and 10% for the buffer to avoid OOM. You can set `max_memory` in to a higher value to use more memory (at your own risk).
2025-09-04 21:22:19,178 - WARNING - Some parameters are on the meta device because they were offloaded to the cpu.
2025-09-04 21:22:19,180 - INFO - Loaded generation pipeline for TinyLlama/TinyLlama-1.1B-Chat-v1.0 (device=cuda)
2025-09-04 21:22:19,182 - INFO - QA chain setup complete with TinyLlama/TinyLlama-1.1B-Chat-v1.0
2025-09-04 21:22:19,182 - INFO - Knowledge base updated successfully
2025-09-04 21:22:19,183 - INFO - Added 1 new documents
2025-09-04 21:22:19,184 - INFO - Detected deleted document: .\temp_3_Canada_Cybersec_Strategy.pdf
2025-09-04 21:22:19,185 - ERROR - Error computing hash for .\temp_3_Canada_Cybersec_Strategy.pdf: [Errno 2] No such file or directory: '.\\temp_3_Canada_Cybersec_Strategy.pdf'
2025-09-04 21:22:19,557 - INFO - Invalidated cache for temp_3_Canada_Cybersec_Strategy.pdf
2025-09-04 21:23:06,748 - INFO - Deduplicated 0 -> 0 documents
2025-09-04 21:24:08,814 - INFO - RAG System initialized
2025-09-04 21:24:08,817 - INFO - Loading embedding model...
2025-09-04 21:24:08,825 - INFO - Load pretrained SentenceTransformer: mixedbread-ai/mxbai-embed-large-v1
2025-09-04 21:24:14,756 - INFO - 2 prompts are loaded, with the keys: ['query', 'passage']
2025-09-04 21:24:14,757 - INFO - Loading hallucination detector...
2025-09-04 21:24:14,762 - INFO - Use pytorch device_name: cuda:0
2025-09-04 21:24:14,762 - INFO - Load pretrained SentenceTransformer: all-mpnet-base-v2
2025-09-04 21:24:19,156 - INFO - Loaded hallucination detection model (all-mpnet-base-v2)
2025-09-04 21:24:19,159 - INFO - Started document watcher for .
2025-09-04 21:24:19,159 - INFO - RAG System fully initialized
2025-09-04 21:26:22,896 - INFO - RAG System initialized
2025-09-04 21:26:22,898 - INFO - Loading embedding model...
2025-09-04 21:26:22,902 - INFO - Load pretrained SentenceTransformer: mixedbread-ai/mxbai-embed-large-v1
2025-09-04 21:26:27,664 - INFO - 2 prompts are loaded, with the keys: ['query', 'passage']
2025-09-04 21:26:27,665 - INFO - Loading hallucination detector...
2025-09-04 21:26:27,665 - ERROR - Error initializing RAG system: 'cpu'
2025-09-05 12:34:00,119 - INFO - RAG System initialized
2025-09-05 12:34:00,123 - INFO - Loading embedding model...
2025-09-05 12:34:00,131 - INFO - Load pretrained SentenceTransformer: mixedbread-ai/mxbai-embed-large-v1
2025-09-05 12:34:05,858 - INFO - 2 prompts are loaded, with the keys: ['query', 'passage']
2025-09-05 12:34:05,858 - INFO - Loading hallucination detector...
2025-09-05 12:34:05,859 - ERROR - Error initializing RAG system: 'cpu'
2025-09-05 12:43:19,004 - INFO - RAG System initialized
2025-09-05 12:43:19,007 - INFO - Loading embedding model...
2025-09-05 12:43:19,011 - INFO - Load pretrained SentenceTransformer: mixedbread-ai/mxbai-embed-large-v1
2025-09-05 12:43:23,392 - INFO - 2 prompts are loaded, with the keys: ['query', 'passage']
2025-09-05 12:43:23,392 - INFO - Loading hallucination detector...
2025-09-05 12:43:23,392 - ERROR - Error initializing RAG system: 'cpu'
2025-09-05 12:51:16,032 - INFO - RAG System initialized
2025-09-05 12:51:16,035 - INFO - Loading embedding model...
2025-09-05 12:51:16,039 - INFO - Use pytorch device_name: cuda:0
2025-09-05 12:51:16,039 - INFO - Load pretrained SentenceTransformer: mixedbread-ai/mxbai-embed-large-v1
2025-09-05 12:51:21,664 - INFO - 2 prompts are loaded, with the keys: ['query', 'passage']
2025-09-05 12:51:21,665 - INFO - Loading hallucination detector...
2025-09-05 12:51:21,665 - ERROR - Error initializing RAG system: 'cpu'
2025-09-05 12:52:32,100 - INFO - RAG System initialized
2025-09-05 12:52:32,104 - INFO - Loading embedding model...
2025-09-05 12:52:32,109 - INFO - Use pytorch device_name: cuda:0
2025-09-05 12:52:32,110 - INFO - Load pretrained SentenceTransformer: mixedbread-ai/mxbai-embed-large-v1
2025-09-05 12:52:37,276 - INFO - 2 prompts are loaded, with the keys: ['query', 'passage']
2025-09-05 12:52:37,277 - INFO - Loading hallucination detector...
2025-09-05 12:52:37,277 - ERROR - Error initializing RAG system: 'cpu'
2025-09-05 12:53:59,457 - INFO - Using sequential document processing
2025-09-05 12:54:12,965 - INFO - Deduplicated 1 -> 1 documents
2025-09-05 12:54:12,966 - INFO - Deduplicated 1 -> 1 documents
2025-09-05 12:54:12,993 - INFO - Loading faiss with AVX2 support.
2025-09-05 12:54:13,191 - INFO - Successfully loaded faiss with AVX2 support.
2025-09-05 12:54:13,200 - INFO - Failed to load GPU Faiss: name 'GpuIndexIVFFlat' is not defined. Will not load constructor refs for GPU indexes. This is only an error if you're trying to use GPU Faiss.
2025-09-05 12:54:13,205 - INFO - Created and saved FAISS vector store at vectorstore/db_faiss
2025-09-05 12:54:13,221 - INFO - Initialized and saved BM25 retriever at bm25_retriever.pkl
2025-09-05 12:54:13,799 - ERROR - Failed to load 7B model: You are trying to access a gated repo.
Make sure to have access to it at https://huggingface.co/mistralai/Mistral-7B-Instruct-v0.3.
403 Client Error. (Request ID: Root=1-68ba901d-687b15a153d28a6f71148a69;25291e0e-7f9d-440c-a32f-84b6578fb8cd)

Cannot access gated repo for url https://huggingface.co/mistralai/Mistral-7B-Instruct-v0.3/resolve/main/config.json.
Access to model mistralai/Mistral-7B-Instruct-v0.3 is restricted and you are not in the authorized list. Visit https://huggingface.co/mistralai/Mistral-7B-Instruct-v0.3 to ask for access.
2025-09-05 12:54:13,799 - INFO - Falling back to TinyLlama...
2025-09-05 12:54:13,800 - INFO - Loading fallback TinyLlama model: TinyLlama/TinyLlama-1.1B-Chat-v1.0
2025-09-05 12:54:14,634 - WARNING - Using mock pipeline - for development only!
2025-09-05 12:54:14,634 - ERROR - Error setting up QA chain: 'MockPipeline' object has no attribute 'model'
2025-09-05 12:54:14,635 - ERROR - Error updating knowledge base: 'MockPipeline' object has no attribute 'model'
2025-09-05 12:54:14,635 - ERROR - Error processing documents: 'MockPipeline' object has no attribute 'model'
2025-09-05 12:58:07,142 - INFO - RAG System initialized
2025-09-05 12:58:07,144 - INFO - Loading embedding model...
2025-09-05 12:58:07,147 - INFO - Use pytorch device_name: cuda:0
2025-09-05 12:58:07,147 - INFO - Load pretrained SentenceTransformer: mixedbread-ai/mxbai-embed-large-v1
2025-09-05 12:58:11,460 - INFO - 2 prompts are loaded, with the keys: ['query', 'passage']
2025-09-05 12:58:11,460 - INFO - Loading hallucination detector...
2025-09-05 12:58:11,463 - INFO - Use pytorch device_name: cuda:0
2025-09-05 12:58:11,463 - INFO - Load pretrained SentenceTransformer: all-mpnet-base-v2
2025-09-05 12:58:15,427 - INFO - Loaded hallucination detection model (all-mpnet-base-v2) on cpu
2025-09-05 12:58:15,429 - INFO - Started document watcher for .
2025-09-05 12:58:15,430 - INFO - RAG System fully initialized
2025-09-05 12:59:01,180 - INFO - Using sequential document processing
2025-09-05 12:59:01,181 - INFO - Detected created document: .\temp_2_SalesTaxAct2018_Malaysia.pdf
2025-09-05 12:59:01,557 - INFO - Invalidated cache for temp_2_SalesTaxAct2018_Malaysia.pdf
2025-09-05 12:59:01,557 - INFO - Detected modified document: .\temp_2_SalesTaxAct2018_Malaysia.pdf
2025-09-05 12:59:16,243 - INFO - Deduplicated 1 -> 1 documents
2025-09-05 12:59:16,244 - INFO - Deduplicated 1 -> 1 documents
2025-09-05 12:59:16,264 - INFO - Loading faiss with AVX2 support.
2025-09-05 12:59:16,292 - INFO - Successfully loaded faiss with AVX2 support.
2025-09-05 12:59:16,299 - INFO - Failed to load GPU Faiss: name 'GpuIndexIVFFlat' is not defined. Will not load constructor refs for GPU indexes. This is only an error if you're trying to use GPU Faiss.
2025-09-05 12:59:16,302 - INFO - Created and saved FAISS vector store at vectorstore/db_faiss
2025-09-05 12:59:16,315 - INFO - Initialized and saved BM25 retriever at bm25_retriever.pkl
2025-09-05 12:59:17,050 - ERROR - Failed to load 7B model: You are trying to access a gated repo.
Make sure to have access to it at https://huggingface.co/mistralai/Mistral-7B-Instruct-v0.3.
403 Client Error. (Request ID: Root=1-68ba914d-169b836f7d7c320429f78095;919a5dfe-21ae-4edd-8e15-fec95ba00d3b)

Cannot access gated repo for url https://huggingface.co/mistralai/Mistral-7B-Instruct-v0.3/resolve/main/config.json.
Access to model mistralai/Mistral-7B-Instruct-v0.3 is restricted and you are not in the authorized list. Visit https://huggingface.co/mistralai/Mistral-7B-Instruct-v0.3 to ask for access.
2025-09-05 12:59:17,051 - INFO - Falling back to TinyLlama...
2025-09-05 12:59:17,051 - INFO - Loading fallback TinyLlama model: TinyLlama/TinyLlama-1.1B-Chat-v1.0
2025-09-05 12:59:17,374 - WARNING - Using mock pipeline - for development only!
2025-09-05 12:59:17,374 - ERROR - Error setting up QA chain: 'MockPipeline' object has no attribute 'model'
2025-09-05 12:59:17,375 - ERROR - Error updating knowledge base: 'MockPipeline' object has no attribute 'model'
2025-09-05 12:59:17,375 - ERROR - Error processing documents: 'MockPipeline' object has no attribute 'model'
2025-09-05 12:59:17,376 - INFO - Detected deleted document: .\temp_2_SalesTaxAct2018_Malaysia.pdf
2025-09-05 12:59:17,377 - ERROR - Error computing hash for .\temp_2_SalesTaxAct2018_Malaysia.pdf: [Errno 2] No such file or directory: '.\\temp_2_SalesTaxAct2018_Malaysia.pdf'
2025-09-05 12:59:17,736 - INFO - Invalidated cache for temp_2_SalesTaxAct2018_Malaysia.pdf
2025-09-05 15:37:24,485 - INFO - RAG System initialized
2025-09-05 15:37:24,488 - INFO - Loading embedding model...
2025-09-05 15:37:24,494 - INFO - Use pytorch device_name: cuda:0
2025-09-05 15:37:24,494 - INFO - Load pretrained SentenceTransformer: mixedbread-ai/mxbai-embed-large-v1
2025-09-05 15:37:30,330 - INFO - 2 prompts are loaded, with the keys: ['query', 'passage']
2025-09-05 15:37:30,331 - INFO - Loading hallucination detector...
2025-09-05 15:37:30,338 - INFO - Use pytorch device_name: cuda:0
2025-09-05 15:37:30,338 - INFO - Load pretrained SentenceTransformer: all-mpnet-base-v2
2025-09-05 15:37:34,314 - INFO - Loaded hallucination detection model (all-mpnet-base-v2) on cpu
2025-09-05 15:37:34,316 - INFO - Started document watcher for .
2025-09-05 15:37:34,317 - INFO - RAG System fully initialized
2025-09-05 15:38:30,833 - INFO - Detected created document: .\temp_2_SalesTaxAct2018_Malaysia.pdf
2025-09-05 15:38:30,834 - INFO - Using sequential document processing
2025-09-05 15:38:31,260 - INFO - Invalidated cache for temp_2_SalesTaxAct2018_Malaysia.pdf
2025-09-05 15:38:31,261 - INFO - Detected modified document: .\temp_2_SalesTaxAct2018_Malaysia.pdf
2025-09-05 15:38:45,611 - INFO - Deduplicated 1 -> 1 documents
2025-09-05 15:38:45,611 - INFO - Deduplicated 1 -> 1 documents
2025-09-05 15:38:45,638 - INFO - Loading faiss with AVX2 support.
2025-09-05 15:38:45,725 - INFO - Successfully loaded faiss with AVX2 support.
2025-09-05 15:38:45,735 - INFO - Failed to load GPU Faiss: name 'GpuIndexIVFFlat' is not defined. Will not load constructor refs for GPU indexes. This is only an error if you're trying to use GPU Faiss.
2025-09-05 15:38:45,741 - INFO - Created and saved FAISS vector store at vectorstore/db_faiss
2025-09-05 15:38:45,757 - INFO - Initialized and saved BM25 retriever at bm25_retriever.pkl
2025-09-05 15:38:46,371 - ERROR - Failed to load 7B model: You are trying to access a gated repo.
Make sure to have access to it at https://huggingface.co/mistralai/Mistral-7B-Instruct-v0.3.
403 Client Error. (Request ID: Root=1-68bab6af-6236335615f9b22e4c845583;f358cfe6-2e3e-4dd8-8046-20944f69e4ef)

Cannot access gated repo for url https://huggingface.co/mistralai/Mistral-7B-Instruct-v0.3/resolve/main/config.json.
Access to model mistralai/Mistral-7B-Instruct-v0.3 is restricted and you are not in the authorized list. Visit https://huggingface.co/mistralai/Mistral-7B-Instruct-v0.3 to ask for access.
2025-09-05 15:38:46,372 - INFO - Falling back to TinyLlama...
2025-09-05 15:38:46,372 - INFO - Loading fallback TinyLlama model: TinyLlama/TinyLlama-1.1B-Chat-v1.0
2025-09-05 15:38:46,631 - WARNING - Using mock pipeline - for development only!
2025-09-05 15:38:46,632 - ERROR - Error setting up QA chain: 'MockPipeline' object has no attribute 'model'
2025-09-05 15:38:46,632 - ERROR - Error updating knowledge base: 'MockPipeline' object has no attribute 'model'
2025-09-05 15:38:46,632 - ERROR - Error processing documents: 'MockPipeline' object has no attribute 'model'
2025-09-05 15:38:46,634 - INFO - Detected deleted document: .\temp_2_SalesTaxAct2018_Malaysia.pdf
2025-09-05 15:38:46,635 - ERROR - Error computing hash for .\temp_2_SalesTaxAct2018_Malaysia.pdf: [Errno 2] No such file or directory: '.\\temp_2_SalesTaxAct2018_Malaysia.pdf'
2025-09-05 15:38:47,003 - INFO - Invalidated cache for temp_2_SalesTaxAct2018_Malaysia.pdf
2025-09-05 15:57:07,119 - INFO - RAG System initialized
2025-09-05 15:57:07,123 - INFO - Loading embedding model...
2025-09-05 15:57:07,129 - INFO - Use pytorch device_name: cuda:0
2025-09-05 15:57:07,129 - INFO - Load pretrained SentenceTransformer: mixedbread-ai/mxbai-embed-large-v1
2025-09-05 15:57:13,000 - INFO - 2 prompts are loaded, with the keys: ['query', 'passage']
2025-09-05 15:57:13,001 - INFO - Loading hallucination detector...
2025-09-05 15:57:13,005 - INFO - Use pytorch device_name: cuda:0
2025-09-05 15:57:13,005 - INFO - Load pretrained SentenceTransformer: all-mpnet-base-v2
2025-09-05 15:57:17,605 - INFO - Loaded hallucination detection model (all-mpnet-base-v2) on cpu
2025-09-05 15:57:17,608 - INFO - Started document watcher for .
2025-09-05 15:57:17,609 - INFO - RAG System fully initialized
2025-09-05 15:58:18,940 - INFO - Using sequential document processing
2025-09-05 15:58:18,940 - INFO - Detected created document: .\temp_2_SalesTaxAct2018_Malaysia.pdf
2025-09-05 15:58:19,296 - INFO - Invalidated cache for temp_2_SalesTaxAct2018_Malaysia.pdf
2025-09-05 15:58:19,296 - INFO - Detected modified document: .\temp_2_SalesTaxAct2018_Malaysia.pdf
2025-09-05 15:58:33,879 - INFO - Deduplicated 1 -> 1 documents
2025-09-05 15:58:33,880 - INFO - Deduplicated 1 -> 1 documents
2025-09-05 15:58:33,904 - INFO - Loading faiss with AVX2 support.
2025-09-05 15:58:33,992 - INFO - Successfully loaded faiss with AVX2 support.
2025-09-05 15:58:34,001 - INFO - Failed to load GPU Faiss: name 'GpuIndexIVFFlat' is not defined. Will not load constructor refs for GPU indexes. This is only an error if you're trying to use GPU Faiss.
2025-09-05 15:58:34,007 - INFO - Created and saved FAISS vector store at vectorstore/db_faiss
2025-09-05 15:58:34,023 - INFO - Initialized and saved BM25 retriever at bm25_retriever.pkl
2025-09-05 15:58:35,322 - WARNING - Xet Storage is enabled for this repo, but the 'hf_xet' package is not installed. Falling back to regular HTTP download. For better performance, install the package with: `pip install huggingface_hub[hf_xet]` or `pip install hf_xet`
2025-09-05 15:58:38,229 - ERROR - Failed to load 7B model: Cannot instantiate this tokenizer from a slow version. If it's based on sentencepiece, make sure you have sentencepiece installed.
2025-09-05 15:58:38,230 - INFO - Falling back to TinyLlama...
2025-09-05 15:58:38,230 - INFO - Loading fallback TinyLlama model: TinyLlama/TinyLlama-1.1B-Chat-v1.0
2025-09-05 15:58:38,487 - WARNING - Using mock pipeline - for development only!
2025-09-05 15:58:38,488 - ERROR - Error setting up QA chain: 'MockPipeline' object has no attribute 'model'
2025-09-05 15:58:38,488 - ERROR - Error updating knowledge base: 'MockPipeline' object has no attribute 'model'
2025-09-05 15:58:38,488 - ERROR - Error processing documents: 'MockPipeline' object has no attribute 'model'
2025-09-05 15:58:38,490 - INFO - Detected deleted document: .\temp_2_SalesTaxAct2018_Malaysia.pdf
2025-09-05 15:58:38,491 - ERROR - Error computing hash for .\temp_2_SalesTaxAct2018_Malaysia.pdf: [Errno 2] No such file or directory: '.\\temp_2_SalesTaxAct2018_Malaysia.pdf'
2025-09-05 15:58:38,841 - INFO - Invalidated cache for temp_2_SalesTaxAct2018_Malaysia.pdf
2025-09-05 16:09:25,002 - INFO - RAG System initialized
2025-09-05 16:09:25,004 - INFO - Loading embedding model...
2025-09-05 16:09:25,007 - INFO - Use pytorch device_name: cuda:0
2025-09-05 16:09:25,008 - INFO - Load pretrained SentenceTransformer: mixedbread-ai/mxbai-embed-large-v1
2025-09-05 16:09:31,062 - INFO - 2 prompts are loaded, with the keys: ['query', 'passage']
2025-09-05 16:09:31,063 - INFO - Loading hallucination detector...
2025-09-05 16:09:31,066 - INFO - Use pytorch device_name: cuda:0
2025-09-05 16:09:31,067 - INFO - Load pretrained SentenceTransformer: all-mpnet-base-v2
2025-09-05 16:09:36,912 - INFO - Loaded hallucination detection model (all-mpnet-base-v2) on cpu
2025-09-05 16:09:36,915 - INFO - Started document watcher for .
2025-09-05 16:09:36,915 - INFO - RAG System fully initialized
2025-09-05 16:10:20,699 - INFO - Detected created document: .\temp_2_SalesTaxAct2018_Malaysia.pdf
2025-09-05 16:10:20,699 - INFO - Using sequential document processing
2025-09-05 16:10:21,062 - INFO - Invalidated cache for temp_2_SalesTaxAct2018_Malaysia.pdf
2025-09-05 16:10:21,063 - INFO - Detected modified document: .\temp_2_SalesTaxAct2018_Malaysia.pdf
2025-09-05 16:10:35,315 - INFO - Deduplicated 1 -> 1 documents
2025-09-05 16:10:35,315 - INFO - Deduplicated 1 -> 1 documents
2025-09-05 16:10:35,338 - INFO - Loading faiss with AVX2 support.
2025-09-05 16:10:35,370 - INFO - Successfully loaded faiss with AVX2 support.
2025-09-05 16:10:35,377 - INFO - Failed to load GPU Faiss: name 'GpuIndexIVFFlat' is not defined. Will not load constructor refs for GPU indexes. This is only an error if you're trying to use GPU Faiss.
2025-09-05 16:10:35,380 - INFO - Created and saved FAISS vector store at vectorstore/db_faiss
2025-09-05 16:10:35,395 - INFO - Initialized and saved BM25 retriever at bm25_retriever.pkl
2025-09-05 16:10:45,456 - WARNING - Xet Storage is enabled for this repo, but the 'hf_xet' package is not installed. Falling back to regular HTTP download. For better performance, install the package with: `pip install huggingface_hub[hf_xet]` or `pip install hf_xet`
2025-09-05 16:10:45,457 - WARNING - Xet Storage is enabled for this repo, but the 'hf_xet' package is not installed. Falling back to regular HTTP download. For better performance, install the package with: `pip install huggingface_hub[hf_xet]` or `pip install hf_xet`
2025-09-05 16:10:45,564 - WARNING - Xet Storage is enabled for this repo, but the 'hf_xet' package is not installed. Falling back to regular HTTP download. For better performance, install the package with: `pip install huggingface_hub[hf_xet]` or `pip install hf_xet`
2025-09-05 16:11:02,466 - WARNING - Error while downloading from https://huggingface.co/mistralai/Mistral-7B-Instruct-v0.3/resolve/0d4b76e1efeb5eb6f6b5e757c79870472e04bd3a/model-00001-of-00003.safetensors: HTTPSConnectionPool(host='cas-bridge.xethub.hf.co', port=443): Read timed out.
Trying to resume download...
2025-09-05 16:11:02,474 - WARNING - Error while downloading from https://huggingface.co/mistralai/Mistral-7B-Instruct-v0.3/resolve/0d4b76e1efeb5eb6f6b5e757c79870472e04bd3a/model-00002-of-00003.safetensors: HTTPSConnectionPool(host='cas-bridge.xethub.hf.co', port=443): Read timed out.
Trying to resume download...
2025-09-05 16:11:02,474 - WARNING - Error while downloading from https://huggingface.co/mistralai/Mistral-7B-Instruct-v0.3/resolve/0d4b76e1efeb5eb6f6b5e757c79870472e04bd3a/model-00003-of-00003.safetensors: HTTPSConnectionPool(host='cas-bridge.xethub.hf.co', port=443): Read timed out.
Trying to resume download...
2025-09-05 16:32:56,202 - ERROR - Failed to load 7B model: Calling `to()` is not supported for `4-bit` quantized models with the installed version of bitsandbytes. The current device is `cuda:0`. If you intended to move the model, please install bitsandbytes >= 0.43.2.
2025-09-05 16:32:56,206 - INFO - Falling back to TinyLlama...
2025-09-05 16:32:56,208 - INFO - Loading fallback TinyLlama model: TinyLlama/TinyLlama-1.1B-Chat-v1.0
2025-09-05 16:32:56,497 - ERROR - Even fallback TinyLlama failed to load: Expecting value: line 1 column 1 (char 0)
2025-09-05 16:32:56,498 - WARNING - Using mock pipeline - for development only!
2025-09-05 16:32:56,525 - ERROR - Error setting up QA chain: 'MockPipeline' object has no attribute 'model'
2025-09-05 16:32:56,526 - ERROR - Error updating knowledge base: 'MockPipeline' object has no attribute 'model'
2025-09-05 16:32:56,527 - ERROR - Error processing documents: 'MockPipeline' object has no attribute 'model'
2025-09-05 16:32:56,551 - INFO - Detected deleted document: .\temp_2_SalesTaxAct2018_Malaysia.pdf
2025-09-05 16:32:56,565 - ERROR - Error computing hash for .\temp_2_SalesTaxAct2018_Malaysia.pdf: [Errno 2] No such file or directory: '.\\temp_2_SalesTaxAct2018_Malaysia.pdf'
2025-09-05 16:32:58,142 - INFO - Invalidated cache for temp_2_SalesTaxAct2018_Malaysia.pdf
2025-09-05 16:37:22,171 - INFO - RAG System initialized
2025-09-05 16:37:22,174 - INFO - Loading embedding model...
2025-09-05 16:37:22,177 - INFO - Use pytorch device_name: cuda:0
2025-09-05 16:37:22,177 - INFO - Load pretrained SentenceTransformer: mixedbread-ai/mxbai-embed-large-v1
2025-09-05 16:37:27,316 - INFO - 2 prompts are loaded, with the keys: ['query', 'passage']
2025-09-05 16:37:27,316 - INFO - Loading hallucination detector...
2025-09-05 16:37:27,319 - INFO - Use pytorch device_name: cuda:0
2025-09-05 16:37:27,320 - INFO - Load pretrained SentenceTransformer: all-mpnet-base-v2
2025-09-05 16:37:30,814 - INFO - Loaded hallucination detection model (all-mpnet-base-v2) on cpu
2025-09-05 16:37:30,816 - INFO - Started document watcher for .
2025-09-05 16:37:30,817 - INFO - RAG System fully initialized
2025-09-05 16:38:22,891 - INFO - Detected created document: .\temp_5_CyberPeace_Report.pdf
2025-09-05 16:38:22,892 - INFO - Using sequential document processing
2025-09-05 16:38:22,961 - INFO - Invalidated cache for temp_5_CyberPeace_Report.pdf
2025-09-05 16:38:22,961 - INFO - Detected modified document: .\temp_5_CyberPeace_Report.pdf
2025-09-05 16:38:30,644 - INFO - Deduplicated 1 -> 1 documents
2025-09-05 16:38:30,644 - INFO - Deduplicated 1 -> 1 documents
2025-09-05 16:38:30,676 - INFO - Loading faiss with AVX2 support.
2025-09-05 16:38:30,702 - INFO - Successfully loaded faiss with AVX2 support.
2025-09-05 16:38:30,708 - INFO - Failed to load GPU Faiss: name 'GpuIndexIVFFlat' is not defined. Will not load constructor refs for GPU indexes. This is only an error if you're trying to use GPU Faiss.
2025-09-05 16:38:30,711 - INFO - Created and saved FAISS vector store at vectorstore/db_faiss
2025-09-05 16:38:30,720 - INFO - Initialized and saved BM25 retriever at bm25_retriever.pkl
2025-09-05 16:39:09,448 - ERROR - Failed to load 7B model: The model has been loaded with `accelerate` and therefore cannot be moved to a specific device. Please discard the `device` argument when creating your pipeline object.
2025-09-05 16:39:09,449 - INFO - Falling back to TinyLlama...
2025-09-05 16:39:09,450 - INFO - Loading fallback TinyLlama model: TinyLlama/TinyLlama-1.1B-Chat-v1.0
2025-09-05 16:39:09,727 - ERROR - Even fallback TinyLlama failed to load: Expecting value: line 1 column 1 (char 0)
2025-09-05 16:39:09,727 - WARNING - Using mock pipeline - for development only!
2025-09-05 16:39:09,744 - ERROR - Error setting up QA chain: 'MockPipeline' object has no attribute 'model'
2025-09-05 16:39:09,745 - ERROR - Error updating knowledge base: 'MockPipeline' object has no attribute 'model'
2025-09-05 16:39:09,745 - ERROR - Error processing documents: 'MockPipeline' object has no attribute 'model'
2025-09-05 16:39:10,117 - INFO - Detected deleted document: .\temp_5_CyberPeace_Report.pdf
2025-09-05 16:39:10,118 - ERROR - Error computing hash for .\temp_5_CyberPeace_Report.pdf: [Errno 2] No such file or directory: '.\\temp_5_CyberPeace_Report.pdf'
2025-09-05 16:39:10,127 - INFO - Invalidated cache for temp_5_CyberPeace_Report.pdf
2025-09-05 17:23:07,216 - INFO - RAG System initialized
2025-09-05 17:23:07,220 - INFO - Loading embedding model...
2025-09-05 17:23:07,226 - INFO - Use pytorch device_name: cuda:0
2025-09-05 17:23:07,226 - INFO - Load pretrained SentenceTransformer: mixedbread-ai/mxbai-embed-large-v1
2025-09-05 17:23:13,702 - INFO - 2 prompts are loaded, with the keys: ['query', 'passage']
2025-09-05 17:23:13,703 - INFO - Loading hallucination detector...
2025-09-05 17:23:13,709 - INFO - Use pytorch device_name: cuda:0
2025-09-05 17:23:13,709 - INFO - Load pretrained SentenceTransformer: all-mpnet-base-v2
2025-09-05 17:23:18,643 - INFO - Loaded hallucination detection model (all-mpnet-base-v2) on cpu
2025-09-05 17:23:18,648 - INFO - Started document watcher for .
2025-09-05 17:23:18,649 - INFO - RAG System fully initialized
2025-09-05 17:24:07,763 - INFO - Using sequential document processing
2025-09-05 17:24:07,764 - INFO - Detected created document: .\temp_4_GovStack_Specs.docx
2025-09-05 17:24:07,787 - INFO - Invalidated cache for temp_4_GovStack_Specs.docx
2025-09-05 17:24:07,788 - INFO - Detected modified document: .\temp_4_GovStack_Specs.docx
2025-09-05 17:24:13,588 - INFO - Deduplicated 1 -> 1 documents
2025-09-05 17:24:13,589 - INFO - Deduplicated 1 -> 1 documents
2025-09-05 17:24:13,620 - INFO - Loading faiss with AVX2 support.
2025-09-05 17:24:13,721 - INFO - Successfully loaded faiss with AVX2 support.
2025-09-05 17:24:13,731 - INFO - Failed to load GPU Faiss: name 'GpuIndexIVFFlat' is not defined. Will not load constructor refs for GPU indexes. This is only an error if you're trying to use GPU Faiss.
2025-09-05 17:24:13,739 - INFO - Created and saved FAISS vector store at vectorstore/db_faiss
2025-09-05 17:24:13,752 - INFO - Initialized and saved BM25 retriever at bm25_retriever.pkl
2025-09-05 17:25:01,199 - INFO - Loaded generation pipeline for mistralai/Mistral-7B-Instruct-v0.3 (device=0)
2025-09-05 17:25:01,239 - INFO - QA chain setup complete with mistralai/Mistral-7B-Instruct-v0.3
2025-09-05 17:25:01,240 - INFO - Knowledge base updated successfully
2025-09-05 17:25:01,241 - INFO - Added 1 new documents
2025-09-05 17:25:01,249 - INFO - Detected deleted document: .\temp_4_GovStack_Specs.docx
2025-09-05 17:25:01,256 - ERROR - Error computing hash for .\temp_4_GovStack_Specs.docx: [Errno 2] No such file or directory: '.\\temp_4_GovStack_Specs.docx'
2025-09-05 17:25:03,256 - INFO - Invalidated cache for temp_4_GovStack_Specs.docx
2025-09-05 17:25:36,528 - INFO - Deduplicated 0 -> 0 documents
2025-09-05 17:28:20,996 - INFO - Deduplicated 0 -> 0 documents
2025-09-05 17:37:49,379 - INFO - RAG System initialized
2025-09-05 17:37:49,384 - INFO - Loading embedding model...
2025-09-05 17:37:49,392 - INFO - Use pytorch device_name: cuda:0
2025-09-05 17:37:49,392 - INFO - Load pretrained SentenceTransformer: mixedbread-ai/mxbai-embed-large-v1
2025-09-05 17:37:55,987 - INFO - 2 prompts are loaded, with the keys: ['query', 'passage']
2025-09-05 17:37:55,988 - INFO - Loading hallucination detector...
2025-09-05 17:37:55,994 - INFO - Use pytorch device_name: cuda:0
2025-09-05 17:37:55,995 - INFO - Load pretrained SentenceTransformer: all-mpnet-base-v2
2025-09-05 17:38:00,889 - INFO - Loaded hallucination detection model (all-mpnet-base-v2) on cpu
2025-09-05 17:38:00,898 - INFO - Started document watcher for .
2025-09-05 17:38:00,899 - INFO - RAG System fully initialized
2025-09-05 17:39:03,616 - INFO - Detected created document: .\temp_1_WHO_FCTC.pdf
2025-09-05 17:39:03,617 - INFO - Using sequential document processing
2025-09-05 17:39:03,990 - INFO - Invalidated cache for temp_1_WHO_FCTC.pdf
2025-09-05 17:39:03,993 - INFO - Detected modified document: .\temp_1_WHO_FCTC.pdf
2025-09-05 17:39:13,831 - INFO - Deduplicated 1 -> 1 documents
2025-09-05 17:39:13,831 - INFO - Deduplicated 1 -> 1 documents
2025-09-05 17:39:13,859 - INFO - Loading faiss with AVX2 support.
2025-09-05 17:39:13,951 - INFO - Successfully loaded faiss with AVX2 support.
2025-09-05 17:39:13,964 - INFO - Failed to load GPU Faiss: name 'GpuIndexIVFFlat' is not defined. Will not load constructor refs for GPU indexes. This is only an error if you're trying to use GPU Faiss.
2025-09-05 17:39:13,970 - INFO - Created and saved FAISS vector store at vectorstore/db_faiss
2025-09-05 17:39:13,983 - INFO - Initialized and saved BM25 retriever at bm25_retriever.pkl
2025-09-05 17:39:55,723 - INFO - Loaded generation pipeline for mistralai/Mistral-7B-Instruct-v0.3 (device=0)
2025-09-05 17:39:55,742 - INFO - QA chain setup complete with mistralai/Mistral-7B-Instruct-v0.3
2025-09-05 17:39:55,742 - INFO - Knowledge base updated successfully
2025-09-05 17:39:55,743 - INFO - Added 1 new documents
2025-09-05 17:39:55,756 - INFO - Detected deleted document: .\temp_1_WHO_FCTC.pdf
2025-09-05 17:39:55,764 - ERROR - Error computing hash for .\temp_1_WHO_FCTC.pdf: [Errno 2] No such file or directory: '.\\temp_1_WHO_FCTC.pdf'
2025-09-05 17:39:56,822 - INFO - Invalidated cache for temp_1_WHO_FCTC.pdf
2025-09-05 17:40:17,402 - INFO - Deduplicated 0 -> 0 documents
2025-09-05 17:41:21,056 - INFO - Deduplicated 0 -> 0 documents
2025-09-05 17:42:45,463 - INFO - Deduplicated 0 -> 0 documents
2025-09-05 17:49:48,986 - INFO - RAG System initialized
2025-09-05 17:49:48,988 - INFO - Loading embedding model...
2025-09-05 17:49:48,992 - INFO - Use pytorch device_name: cuda:0
2025-09-05 17:49:48,992 - INFO - Load pretrained SentenceTransformer: mixedbread-ai/mxbai-embed-large-v1
2025-09-05 17:49:54,183 - INFO - 2 prompts are loaded, with the keys: ['query', 'passage']
2025-09-05 17:49:54,183 - INFO - Loading hallucination detector...
2025-09-05 17:49:54,187 - INFO - Use pytorch device_name: cuda:0
2025-09-05 17:49:54,187 - INFO - Load pretrained SentenceTransformer: all-mpnet-base-v2
2025-09-05 17:49:58,594 - INFO - Loaded hallucination detection model (all-mpnet-base-v2) on cpu
2025-09-05 17:49:58,596 - INFO - Started document watcher for .
2025-09-05 17:49:58,597 - INFO - RAG System fully initialized
2025-09-05 17:50:50,116 - INFO - Using sequential document processing
2025-09-05 17:50:50,117 - INFO - Detected created document: .\temp_5_CyberPeace_Report.pdf
2025-09-05 17:50:50,249 - INFO - Invalidated cache for temp_5_CyberPeace_Report.pdf
2025-09-05 17:50:50,251 - INFO - Detected modified document: .\temp_5_CyberPeace_Report.pdf
2025-09-05 17:51:01,930 - INFO - Deduplicated 1 -> 1 documents
2025-09-05 17:51:01,931 - INFO - Deduplicated 1 -> 1 documents
2025-09-05 17:51:01,954 - INFO - Loading faiss with AVX2 support.
2025-09-05 17:51:01,988 - INFO - Successfully loaded faiss with AVX2 support.
2025-09-05 17:51:01,995 - INFO - Failed to load GPU Faiss: name 'GpuIndexIVFFlat' is not defined. Will not load constructor refs for GPU indexes. This is only an error if you're trying to use GPU Faiss.
2025-09-05 17:51:01,999 - INFO - Created and saved FAISS vector store at vectorstore/db_faiss
2025-09-05 17:51:02,013 - INFO - Initialized and saved BM25 retriever at bm25_retriever.pkl
2025-09-05 17:51:39,517 - INFO - Loaded generation pipeline for mistralai/Mistral-7B-Instruct-v0.3 (device=0)
2025-09-05 17:51:39,552 - ERROR - Error setting up QA chain: 1 validation error for StuffDocumentsChain
  Value error, document_variable_name context was not found in llm_chain input_variables: ['question'] [type=value_error, input_value={'llm_chain': LLMChain(ve...None, 'callbacks': None}, input_type=dict]
    For further information visit https://errors.pydantic.dev/2.11/v/value_error
2025-09-05 17:51:39,552 - ERROR - Error updating knowledge base: 1 validation error for StuffDocumentsChain
  Value error, document_variable_name context was not found in llm_chain input_variables: ['question'] [type=value_error, input_value={'llm_chain': LLMChain(ve...None, 'callbacks': None}, input_type=dict]
    For further information visit https://errors.pydantic.dev/2.11/v/value_error
2025-09-05 17:51:39,553 - ERROR - Error processing documents: 1 validation error for StuffDocumentsChain
  Value error, document_variable_name context was not found in llm_chain input_variables: ['question'] [type=value_error, input_value={'llm_chain': LLMChain(ve...None, 'callbacks': None}, input_type=dict]
    For further information visit https://errors.pydantic.dev/2.11/v/value_error
2025-09-05 17:51:39,587 - INFO - Detected deleted document: .\temp_5_CyberPeace_Report.pdf
2025-09-05 17:51:39,598 - ERROR - Error computing hash for .\temp_5_CyberPeace_Report.pdf: [Errno 2] No such file or directory: '.\\temp_5_CyberPeace_Report.pdf'
2025-09-05 17:51:40,767 - INFO - Invalidated cache for temp_5_CyberPeace_Report.pdf
2025-09-05 17:59:20,880 - INFO - RAG System initialized
2025-09-05 17:59:20,884 - INFO - Loading embedding model...
2025-09-05 17:59:20,888 - INFO - Use pytorch device_name: cuda:0
2025-09-05 17:59:20,889 - INFO - Load pretrained SentenceTransformer: mixedbread-ai/mxbai-embed-large-v1
2025-09-05 17:59:27,163 - INFO - 2 prompts are loaded, with the keys: ['query', 'passage']
2025-09-05 17:59:27,163 - INFO - Loading hallucination detector...
2025-09-05 17:59:27,167 - INFO - Use pytorch device_name: cuda:0
2025-09-05 17:59:27,167 - INFO - Load pretrained SentenceTransformer: all-mpnet-base-v2
2025-09-05 17:59:30,996 - INFO - Loaded hallucination detection model (all-mpnet-base-v2) on cpu
2025-09-05 17:59:30,999 - INFO - Started document watcher for .
2025-09-05 17:59:30,999 - INFO - RAG System fully initialized
2025-09-05 18:00:24,105 - INFO - Using sequential document processing
2025-09-05 18:00:24,106 - INFO - Detected created document: .\temp_3_Canada_Cybersec_Strategy.pdf
2025-09-05 18:00:24,176 - INFO - Invalidated cache for temp_3_Canada_Cybersec_Strategy.pdf
2025-09-05 18:00:24,176 - INFO - Detected modified document: .\temp_3_Canada_Cybersec_Strategy.pdf
2025-09-05 18:00:25,844 - WARNING - Cannot set gray stroke color because /'P0' is an invalid float value
2025-09-05 18:00:26,414 - WARNING - Cannot set gray stroke color because /'P0' is an invalid float value
2025-09-05 18:00:26,578 - WARNING - Cannot set gray stroke color because /'P0' is an invalid float value
2025-09-05 18:00:26,667 - WARNING - Cannot set gray stroke color because /'P0' is an invalid float value
2025-09-05 18:00:26,737 - WARNING - Cannot set gray stroke color because /'P0' is an invalid float value
2025-09-05 18:00:26,855 - WARNING - Cannot set gray stroke color because /'P0' is an invalid float value
2025-09-05 18:00:26,885 - WARNING - Cannot set gray stroke color because /'P0' is an invalid float value
2025-09-05 18:00:27,445 - WARNING - Cannot set gray stroke color because /'P0' is an invalid float value
2025-09-05 18:00:27,557 - WARNING - Cannot set gray stroke color because /'P0' is an invalid float value
2025-09-05 18:00:30,876 - INFO - Deduplicated 1 -> 1 documents
2025-09-05 18:00:30,877 - INFO - Deduplicated 1 -> 1 documents
2025-09-05 18:00:30,877 - INFO - [DEBUG] Number of document chunks to index: 1
2025-09-05 18:00:30,890 - INFO - [DEBUG] Creating FAISS vector store with 1 document chunks.
2025-09-05 18:00:30,903 - INFO - Loading faiss with AVX2 support.
2025-09-05 18:00:30,979 - INFO - Successfully loaded faiss with AVX2 support.
2025-09-05 18:00:30,987 - INFO - Failed to load GPU Faiss: name 'GpuIndexIVFFlat' is not defined. Will not load constructor refs for GPU indexes. This is only an error if you're trying to use GPU Faiss.
2025-09-05 18:00:30,992 - INFO - Created and saved FAISS vector store at vectorstore/db_faiss
2025-09-05 18:00:31,002 - INFO - Initialized and saved BM25 retriever at bm25_retriever.pkl
2025-09-05 18:01:09,728 - INFO - Loaded generation pipeline for mistralai/Mistral-7B-Instruct-v0.3 (device=0)
2025-09-05 18:01:09,756 - INFO - QA chain setup complete with mistralai/Mistral-7B-Instruct-v0.3
2025-09-05 18:01:09,757 - INFO - Knowledge base updated successfully
2025-09-05 18:01:09,757 - INFO - Added 1 new documents
2025-09-05 18:01:09,767 - INFO - Detected deleted document: .\temp_3_Canada_Cybersec_Strategy.pdf
2025-09-05 18:01:09,780 - ERROR - Error computing hash for .\temp_3_Canada_Cybersec_Strategy.pdf: [Errno 2] No such file or directory: '.\\temp_3_Canada_Cybersec_Strategy.pdf'
2025-09-05 18:01:10,954 - INFO - Invalidated cache for temp_3_Canada_Cybersec_Strategy.pdf
2025-09-05 18:02:03,703 - INFO - Deduplicated 0 -> 0 documents
2025-09-05 18:02:59,761 - INFO - [DEBUG] Number of source documents returned for query: 0
2025-09-05 18:02:59,789 - INFO - [DEBUG] UI displaying 0 source documents for this query.
2025-09-05 18:03:53,957 - INFO - Deduplicated 0 -> 0 documents
2025-09-05 18:04:24,994 - INFO - [DEBUG] Number of source documents returned for query: 0
2025-09-05 18:04:25,020 - INFO - [DEBUG] UI displaying 0 source documents for this query.
2025-09-05 18:06:29,233 - INFO - RAG System initialized
2025-09-05 18:06:29,237 - INFO - Loading embedding model...
2025-09-05 18:06:29,242 - INFO - Use pytorch device_name: cuda:0
2025-09-05 18:06:29,243 - INFO - Load pretrained SentenceTransformer: mixedbread-ai/mxbai-embed-large-v1
2025-09-05 18:06:35,395 - INFO - 2 prompts are loaded, with the keys: ['query', 'passage']
2025-09-05 18:06:35,396 - INFO - Loading hallucination detector...
2025-09-05 18:06:35,399 - INFO - Use pytorch device_name: cuda:0
2025-09-05 18:06:35,400 - INFO - Load pretrained SentenceTransformer: all-mpnet-base-v2
2025-09-05 18:06:39,881 - INFO - Loaded hallucination detection model (all-mpnet-base-v2) on cpu
2025-09-05 18:06:39,883 - INFO - Started document watcher for .
2025-09-05 18:06:39,884 - INFO - RAG System fully initialized
2025-09-05 18:07:48,787 - INFO - Detected created document: .\temp_3_Canada_Cybersec_Strategy.pdf
2025-09-05 18:07:48,788 - INFO - Using sequential document processing
2025-09-05 18:07:48,859 - INFO - Invalidated cache for temp_3_Canada_Cybersec_Strategy.pdf
2025-09-05 18:07:48,859 - INFO - Detected modified document: .\temp_3_Canada_Cybersec_Strategy.pdf
2025-09-05 18:07:50,551 - WARNING - Cannot set gray stroke color because /'P0' is an invalid float value
2025-09-05 18:07:51,163 - WARNING - Cannot set gray stroke color because /'P0' is an invalid float value
2025-09-05 18:07:51,324 - WARNING - Cannot set gray stroke color because /'P0' is an invalid float value
2025-09-05 18:07:51,413 - WARNING - Cannot set gray stroke color because /'P0' is an invalid float value
2025-09-05 18:07:51,477 - WARNING - Cannot set gray stroke color because /'P0' is an invalid float value
2025-09-05 18:07:51,594 - WARNING - Cannot set gray stroke color because /'P0' is an invalid float value
2025-09-05 18:07:51,622 - WARNING - Cannot set gray stroke color because /'P0' is an invalid float value
2025-09-05 18:07:52,202 - WARNING - Cannot set gray stroke color because /'P0' is an invalid float value
2025-09-05 18:07:52,317 - WARNING - Cannot set gray stroke color because /'P0' is an invalid float value
2025-09-05 18:07:53,133 - INFO - Successfully processed temp_3_Canada_Cybersec_Strategy.pdf: 43 elements extracted, 40 pages detected
2025-09-05 18:07:57,122 - INFO - Deduplicated 43 -> 43 documents
2025-09-05 18:07:57,124 - INFO - Deduplicated 43 -> 43 documents
2025-09-05 18:07:57,124 - INFO - [DEBUG] Number of document chunks to index: 43
2025-09-05 18:07:57,428 - INFO - [DEBUG] Creating FAISS vector store with 43 document chunks.
2025-09-05 18:08:01,587 - INFO - Loading faiss with AVX2 support.
2025-09-05 18:08:01,667 - INFO - Successfully loaded faiss with AVX2 support.
2025-09-05 18:08:01,674 - INFO - Failed to load GPU Faiss: name 'GpuIndexIVFFlat' is not defined. Will not load constructor refs for GPU indexes. This is only an error if you're trying to use GPU Faiss.
2025-09-05 18:08:01,683 - INFO - Created and saved FAISS vector store at vectorstore/db_faiss
2025-09-05 18:08:01,696 - INFO - Initialized and saved BM25 retriever at bm25_retriever.pkl
2025-09-05 18:08:41,347 - INFO - Loaded generation pipeline for mistralai/Mistral-7B-Instruct-v0.3 (device=0)
2025-09-05 18:08:41,351 - INFO - QA chain setup complete with mistralai/Mistral-7B-Instruct-v0.3
2025-09-05 18:08:41,351 - INFO - Knowledge base updated successfully
2025-09-05 18:08:41,351 - INFO - Added 43 new documents
2025-09-05 18:08:41,354 - INFO - Detected deleted document: .\temp_3_Canada_Cybersec_Strategy.pdf
2025-09-05 18:08:41,359 - ERROR - Error computing hash for .\temp_3_Canada_Cybersec_Strategy.pdf: [Errno 2] No such file or directory: '.\\temp_3_Canada_Cybersec_Strategy.pdf'
2025-09-05 18:08:41,824 - INFO - Invalidated cache for temp_3_Canada_Cybersec_Strategy.pdf
2025-09-05 18:09:04,066 - INFO - Deduplicated 0 -> 0 documents
2025-09-05 18:10:05,790 - INFO - [DEBUG] Number of source documents returned for query: 0
2025-09-05 18:10:05,811 - INFO - [DEBUG] UI displaying 0 source documents for this query.
2025-09-05 18:11:58,124 - INFO - RAG System initialized
2025-09-05 18:11:58,127 - INFO - Loading embedding model...
2025-09-05 18:11:58,131 - INFO - Use pytorch device_name: cuda:0
2025-09-05 18:11:58,132 - INFO - Load pretrained SentenceTransformer: mixedbread-ai/mxbai-embed-large-v1
2025-09-05 18:12:03,939 - INFO - 2 prompts are loaded, with the keys: ['query', 'passage']
2025-09-05 18:12:03,940 - INFO - Loading hallucination detector...
2025-09-05 18:12:03,946 - INFO - Use pytorch device_name: cuda:0
2025-09-05 18:12:03,946 - INFO - Load pretrained SentenceTransformer: all-mpnet-base-v2
2025-09-05 18:12:07,936 - INFO - Loaded hallucination detection model (all-mpnet-base-v2) on cpu
2025-09-05 18:12:07,938 - INFO - Started document watcher for .
2025-09-05 18:12:07,939 - INFO - RAG System fully initialized
2025-09-05 18:13:02,400 - INFO - Detected created document: .\temp_5_CyberPeace_Report.pdf
2025-09-05 18:13:02,402 - INFO - Using sequential document processing
2025-09-05 18:13:02,545 - INFO - Invalidated cache for temp_5_CyberPeace_Report.pdf
2025-09-05 18:13:02,546 - INFO - Detected modified document: .\temp_5_CyberPeace_Report.pdf
2025-09-05 18:13:09,357 - INFO - Successfully processed temp_5_CyberPeace_Report.pdf: 61 elements extracted, 60 pages detected
2025-09-05 18:13:15,825 - INFO - Deduplicated 61 -> 61 documents
2025-09-05 18:13:15,826 - INFO - Deduplicated 61 -> 61 documents
2025-09-05 18:13:15,826 - INFO - [DEBUG] Number of document chunks to index: 61
2025-09-05 18:13:15,826 - INFO - [DEBUG] Indexed chunk 1: page_number=1, content[:200]='<REDACTED_ORG> REPORT\n\nNGOs SERVING HUMANITY AT RISK: CYBER THREATS AFFECTING INTERNATIONAL GENEVA\n\nForeword\n\n5\n\nPART 1\n\n6\n\nIntroduction\n\n6\n\nWhy this <REDACTED_ORG>? From <REDACTED_ORG>\n\n8\n\nPART 2\n\n10'
2025-09-05 18:13:15,826 - INFO - [DEBUG] Indexed chunk 2: page_number=6, content[:200]='Part 1\n\nIntroduction\n\nIn the heart of International <REDACTED_LOCATION>, a diverse ecosystem thrives,\n\nhousing 38 international organizations (IOs), 432 non-governmental\n\norganizations (NGOs), and sev'
2025-09-05 18:13:15,827 - INFO - [DEBUG] Indexed chunk 3: page_number=6, content[:200]='primary actors of their cybersecurity.\n\nThis report builds on technical analysis conducted by our cyber\n\nanalysts and a comprehensive survey with 27 <REDACTED_LOCATION>-based NGOs.\n\n6\n\nThe sample size'
2025-09-05 18:13:16,237 - INFO - [DEBUG] Creating FAISS vector store with 61 document chunks.
2025-09-05 18:13:22,674 - INFO - Loading faiss with AVX2 support.
2025-09-05 18:13:22,710 - INFO - Successfully loaded faiss with AVX2 support.
2025-09-05 18:13:22,719 - INFO - Failed to load GPU Faiss: name 'GpuIndexIVFFlat' is not defined. Will not load constructor refs for GPU indexes. This is only an error if you're trying to use GPU Faiss.
2025-09-05 18:13:22,729 - INFO - Created and saved FAISS vector store at vectorstore/db_faiss
2025-09-05 18:13:22,746 - INFO - Initialized and saved BM25 retriever at bm25_retriever.pkl
2025-09-05 18:14:00,722 - INFO - Loaded generation pipeline for mistralai/Mistral-7B-Instruct-v0.3 (device=0)
2025-09-05 18:14:00,726 - INFO - QA chain setup complete with mistralai/Mistral-7B-Instruct-v0.3
2025-09-05 18:14:00,726 - INFO - Knowledge base updated successfully
2025-09-05 18:14:00,727 - INFO - Added 61 new documents
2025-09-05 18:14:00,728 - INFO - Detected deleted document: .\temp_5_CyberPeace_Report.pdf
2025-09-05 18:14:00,729 - ERROR - Error computing hash for .\temp_5_CyberPeace_Report.pdf: [Errno 2] No such file or directory: '.\\temp_5_CyberPeace_Report.pdf'
2025-09-05 18:14:01,317 - INFO - Invalidated cache for temp_5_CyberPeace_Report.pdf
2025-09-05 18:14:30,385 - INFO - [DEBUG] Query string: "What are the key findings of the CyberPeace Institute's analysis of cyber threats affecting NGOs in International Geneva?\n"
2025-09-05 18:14:30,509 - INFO - Deduplicated 4 -> 4 documents
2025-09-05 18:22:39,075 - INFO - [DEBUG] Number of source documents returned for query: 4
2025-09-05 18:22:39,075 - INFO - [DEBUG] Retrieved chunk 1: page_number=10, content[:200]='10\n<REDACTED_ORG> ReportPart 2\nKey Findings\nKey Finding 1\nNGOs in International Geneva are targeted by \ncyberattacks.\n• 41% of NGOs report having been victim of a cyberattack within the \npast three ye'
2025-09-05 18:22:39,076 - INFO - [DEBUG] Retrieved chunk 2: page_number=53, content[:200]='with NGOs through the <REDACTED_ORG> program. The surveys\n\nwere conducted in English.\n\nFurthermore, from the 27 NGOs, 6 interviews were conducted with\n\norganisations that had direct experience of cybe'
2025-09-05 18:22:39,077 - INFO - [DEBUG] Retrieved chunk 3: page_number=8, content[:200]='recommendations.\n\nThese recommendations address the following areas:\n\n1. How NGOs can better defend and protect themselves from\n\ncyberattacks and their associated impact and harm. A separate\n\ntechnica'
2025-09-05 18:22:56,568 - INFO - [DEBUG] UI displaying 4 source documents for this query.
2025-09-05 18:26:04,535 - INFO - RAG System initialized
2025-09-05 18:26:04,538 - INFO - Loading embedding model...
2025-09-05 18:26:04,543 - INFO - Use pytorch device_name: cuda:0
2025-09-05 18:26:04,544 - INFO - Load pretrained SentenceTransformer: mixedbread-ai/mxbai-embed-large-v1
2025-09-05 18:26:09,943 - INFO - 2 prompts are loaded, with the keys: ['query', 'passage']
2025-09-05 18:26:09,944 - INFO - Loading hallucination detector...
2025-09-05 18:26:09,947 - INFO - Use pytorch device_name: cuda:0
2025-09-05 18:26:09,948 - INFO - Load pretrained SentenceTransformer: all-mpnet-base-v2
2025-09-05 18:26:13,807 - INFO - Loaded hallucination detection model (all-mpnet-base-v2) on cpu
2025-09-05 18:26:13,810 - INFO - Started document watcher for .
2025-09-05 18:26:13,810 - INFO - RAG System fully initialized
2025-09-05 18:26:59,708 - INFO - Using sequential document processing
2025-09-05 18:26:59,709 - INFO - Detected created document: .\temp_3_Canada_Cybersec_Strategy.pdf
2025-09-05 18:26:59,788 - INFO - Invalidated cache for temp_3_Canada_Cybersec_Strategy.pdf
2025-09-05 18:26:59,790 - INFO - Detected modified document: .\temp_3_Canada_Cybersec_Strategy.pdf
2025-09-05 18:27:01,596 - WARNING - Cannot set gray stroke color because /'P0' is an invalid float value
2025-09-05 18:27:02,169 - WARNING - Cannot set gray stroke color because /'P0' is an invalid float value
2025-09-05 18:27:02,352 - WARNING - Cannot set gray stroke color because /'P0' is an invalid float value
2025-09-05 18:27:02,441 - WARNING - Cannot set gray stroke color because /'P0' is an invalid float value
2025-09-05 18:27:02,506 - WARNING - Cannot set gray stroke color because /'P0' is an invalid float value
2025-09-05 18:27:02,623 - WARNING - Cannot set gray stroke color because /'P0' is an invalid float value
2025-09-05 18:27:02,651 - WARNING - Cannot set gray stroke color because /'P0' is an invalid float value
2025-09-05 18:27:03,275 - WARNING - Cannot set gray stroke color because /'P0' is an invalid float value
2025-09-05 18:27:03,370 - WARNING - Cannot set gray stroke color because /'P0' is an invalid float value
2025-09-05 18:27:04,024 - INFO - Successfully processed temp_3_Canada_Cybersec_Strategy.pdf: 43 elements extracted, 40 pages detected
2025-09-05 18:27:07,795 - INFO - Deduplicated 43 -> 43 documents
2025-09-05 18:27:07,795 - INFO - Deduplicated 43 -> 43 documents
2025-09-05 18:27:07,796 - INFO - [DEBUG] Number of document chunks to index: 43
2025-09-05 18:27:07,796 - INFO - [DEBUG] Indexed chunk 1: page_number=1, content[:200]='<REDACTED_ORG> <REDACTED_ORG> in the Digital Age\n\n© Her Majesty the Queen in Right of <REDACTED_LOCATION>, 2018\n\nCat. No.: PS4-239/2018E ISBN: <REDACTED_CREDIT_CARD>\n\nTable of Contents\n\nExecutive Summ'
2025-09-05 18:27:07,796 - INFO - [DEBUG] Indexed chunk 2: page_number=3, content[:200]='i of iii • NATiONAL CYBER SECURiTY STRATEGY\n\n<REDACTED_ORG> everything Canadians do is touched by technology in some way\n\n– on a per capita basis, we spend the most time online of any country in\n\nthe '
2025-09-05 18:27:07,796 - INFO - [DEBUG] Indexed chunk 3: page_number=4, content[:200]='THE HONOURABLE RALPH GOODALE\n\nMinister of Public Safety and Emergency\n\nPreparedness <REDACTED_LOCATION>\n\nAmong the new measures introduced:\n\nFunding for the new <REDACTED_ORG> for Cyber Security to su'
2025-09-05 18:27:08,097 - INFO - [DEBUG] Creating FAISS vector store with 43 document chunks.
2025-09-05 18:27:08,131 - INFO - Loading faiss with AVX2 support.
2025-09-05 18:27:08,177 - INFO - Successfully loaded faiss with AVX2 support.
2025-09-05 18:27:08,186 - INFO - Failed to load GPU Faiss: name 'GpuIndexIVFFlat' is not defined. Will not load constructor refs for GPU indexes. This is only an error if you're trying to use GPU Faiss.
2025-09-05 18:27:08,196 - INFO - Created and saved FAISS vector store at vectorstore/db_faiss
2025-09-05 18:27:08,211 - INFO - Initialized and saved BM25 retriever at bm25_retriever.pkl
2025-09-05 18:27:46,273 - INFO - Loaded generation pipeline for mistralai/Mistral-7B-Instruct-v0.3 (device=0)
2025-09-05 18:27:46,296 - ERROR - Error setting up QA chain: 1 validation error for StuffDocumentsChain
  Value error, document_variable_name context was not found in llm_chain input_variables: [] [type=value_error, input_value={'llm_chain': LLMChain(ve...None, 'callbacks': None}, input_type=dict]
    For further information visit https://errors.pydantic.dev/2.11/v/value_error
2025-09-05 18:27:46,297 - ERROR - Error updating knowledge base: 1 validation error for StuffDocumentsChain
  Value error, document_variable_name context was not found in llm_chain input_variables: [] [type=value_error, input_value={'llm_chain': LLMChain(ve...None, 'callbacks': None}, input_type=dict]
    For further information visit https://errors.pydantic.dev/2.11/v/value_error
2025-09-05 18:27:46,297 - ERROR - Error processing documents: 1 validation error for StuffDocumentsChain
  Value error, document_variable_name context was not found in llm_chain input_variables: [] [type=value_error, input_value={'llm_chain': LLMChain(ve...None, 'callbacks': None}, input_type=dict]
    For further information visit https://errors.pydantic.dev/2.11/v/value_error
2025-09-05 18:27:46,317 - INFO - Detected deleted document: .\temp_3_Canada_Cybersec_Strategy.pdf
2025-09-05 18:27:46,326 - ERROR - Error computing hash for .\temp_3_Canada_Cybersec_Strategy.pdf: [Errno 2] No such file or directory: '.\\temp_3_Canada_Cybersec_Strategy.pdf'
2025-09-05 18:27:47,461 - INFO - Invalidated cache for temp_3_Canada_Cybersec_Strategy.pdf
2025-09-05 18:28:10,776 - INFO - [DEBUG] UI displaying 0 source documents for this query.
2025-09-05 18:29:59,902 - INFO - RAG System initialized
2025-09-05 18:29:59,905 - INFO - Loading embedding model...
2025-09-05 18:29:59,910 - INFO - Use pytorch device_name: cuda:0
2025-09-05 18:29:59,911 - INFO - Load pretrained SentenceTransformer: mixedbread-ai/mxbai-embed-large-v1
2025-09-05 18:30:07,070 - INFO - 2 prompts are loaded, with the keys: ['query', 'passage']
2025-09-05 18:30:07,070 - INFO - Loading hallucination detector...
2025-09-05 18:30:07,075 - INFO - Use pytorch device_name: cuda:0
2025-09-05 18:30:07,076 - INFO - Load pretrained SentenceTransformer: all-mpnet-base-v2
2025-09-05 18:30:11,135 - INFO - Loaded hallucination detection model (all-mpnet-base-v2) on cpu
2025-09-05 18:30:11,138 - INFO - Started document watcher for .
2025-09-05 18:30:11,138 - INFO - RAG System fully initialized
2025-09-05 18:31:15,980 - INFO - Using sequential document processing
2025-09-05 18:31:15,980 - INFO - Detected created document: .\temp_2_SalesTaxAct2018_Malaysia.pdf
2025-09-05 18:31:16,408 - INFO - Invalidated cache for temp_2_SalesTaxAct2018_Malaysia.pdf
2025-09-05 18:31:16,409 - INFO - Detected modified document: .\temp_2_SalesTaxAct2018_Malaysia.pdf
2025-09-05 18:31:23,445 - INFO - Successfully processed temp_2_SalesTaxAct2018_Malaysia.pdf: 89 elements extracted, 89 pages detected
2025-09-05 18:31:34,918 - INFO - Deduplicated 89 -> 89 documents
2025-09-05 18:31:34,919 - INFO - Deduplicated 89 -> 89 documents
2025-09-05 18:31:34,919 - INFO - [DEBUG] Number of document chunks to index: 89
2025-09-05 18:31:34,919 - INFO - [DEBUG] Indexed chunk 1: page_number=1, content[:200]='<REDACTED_ORG>\n\nAct 806\n\nSALES TAX ACT 2018\n\n1\n\n2\n\nLaws of <REDACTED_LOCATION>\n\nACT 806\n\nDate of <REDACTED_ORG>\n\n...\n\n...\n\n24 August 2018\n\nDate of publication in the <REDACTED_NAME>\n\n...\n\n...\n\n...\n\n28'
2025-09-05 18:31:34,920 - INFO - [DEBUG] Indexed chunk 2: page_number=4, content[:200]='PART VI\n\nEXEMPTION, REFUND, <REDACTED_ORG> AND REMISSION\n\n35. Power of Minister to exempt and refund\n\n36. Claim for refund of sales tax in relation to bad debt\n\n37. Repayment of sales tax in relation '
2025-09-05 18:31:34,920 - INFO - [DEBUG] Indexed chunk 3: page_number=6, content[:200]='PART XI\n\nTRIALS AND PROCEEDINGS\n\n73.\n\nJurisdiction to try offences\n\n74. Evidence by certificate, etc.\n\n75. Production of certificate of analysis\n\n76. Proof as to registration or licensing of conveyanc'
2025-09-05 18:31:35,528 - INFO - [DEBUG] Creating FAISS vector store with 89 document chunks.
2025-09-05 18:31:42,695 - INFO - Loading faiss with AVX2 support.
2025-09-05 18:31:42,778 - INFO - Successfully loaded faiss with AVX2 support.
2025-09-05 18:31:42,786 - INFO - Failed to load GPU Faiss: name 'GpuIndexIVFFlat' is not defined. Will not load constructor refs for GPU indexes. This is only an error if you're trying to use GPU Faiss.
2025-09-05 18:31:42,814 - INFO - Created and saved FAISS vector store at vectorstore/db_faiss
2025-09-05 18:31:42,836 - INFO - Initialized and saved BM25 retriever at bm25_retriever.pkl
2025-09-05 18:32:21,418 - INFO - Loaded generation pipeline for mistralai/Mistral-7B-Instruct-v0.3 (device=0)
2025-09-05 18:32:21,428 - INFO - QA chain setup complete with mistralai/Mistral-7B-Instruct-v0.3
2025-09-05 18:32:21,429 - INFO - Knowledge base updated successfully
2025-09-05 18:32:21,429 - INFO - Added 89 new documents
2025-09-05 18:32:21,434 - INFO - Detected deleted document: .\temp_2_SalesTaxAct2018_Malaysia.pdf
2025-09-05 18:32:21,439 - ERROR - Error computing hash for .\temp_2_SalesTaxAct2018_Malaysia.pdf: [Errno 2] No such file or directory: '.\\temp_2_SalesTaxAct2018_Malaysia.pdf'
2025-09-05 18:32:22,348 - INFO - Invalidated cache for temp_2_SalesTaxAct2018_Malaysia.pdf
2025-09-05 18:32:42,311 - INFO - [DEBUG] Query string: 'I opened a company to produce sensors in Kuala Lumpur. During product I paid sales tax on my inputs. Based on the law in the file, what are conditions to be eligible for a refund of the sales tax?\n'
2025-09-05 18:32:42,426 - INFO - Deduplicated 1 -> 1 documents
2025-09-05 18:34:56,041 - INFO - [DEBUG] Number of source documents returned for query: 1
2025-09-05 18:34:56,041 - INFO - [DEBUG] Retrieved chunk 1: page_number=34, content[:200]='Laws of Malaysia\n\nACT 806\n\nsales tax or refund, the Director General may, for the purposes of making good any loss of sales tax or payment of refund of sales tax attributable to the fraud or wilful de'
2025-09-05 18:35:05,669 - INFO - [DEBUG] UI displaying 1 source documents for this query.
2025-09-05 22:18:36,456 - INFO - RAG System initialized
2025-09-05 22:18:36,460 - INFO - Loading embedding model...
2025-09-05 22:18:36,466 - INFO - Use pytorch device_name: cuda:0
2025-09-05 22:18:36,466 - INFO - Load pretrained SentenceTransformer: mixedbread-ai/mxbai-embed-large-v1
2025-09-05 22:18:42,139 - INFO - 2 prompts are loaded, with the keys: ['query', 'passage']
2025-09-05 22:18:42,139 - INFO - Loading hallucination detector...
2025-09-05 22:18:42,145 - INFO - Use pytorch device_name: cuda:0
2025-09-05 22:18:42,146 - INFO - Load pretrained SentenceTransformer: all-mpnet-base-v2
2025-09-05 22:18:46,738 - INFO - Loaded hallucination detection model (all-mpnet-base-v2) on cpu
2025-09-05 22:18:46,742 - INFO - Started document watcher for .
2025-09-05 22:18:46,743 - INFO - RAG System fully initialized
2025-09-05 22:20:21,552 - INFO - Detected created document: .\temp_1_WHO_FCTC.pdf
2025-09-05 22:20:21,556 - INFO - Using parallel document processing
2025-09-05 22:20:21,572 - INFO - Invalidated cache for temp_1_WHO_FCTC.pdf
2025-09-05 22:20:21,572 - INFO - Detected modified document: .\temp_1_WHO_FCTC.pdf
2025-09-05 22:20:21,576 - INFO - Detected created document: .\temp_2_SalesTaxAct2018_Malaysia.pdf
2025-09-05 22:20:21,584 - INFO - Invalidated cache for temp_2_SalesTaxAct2018_Malaysia.pdf
2025-09-05 22:20:21,585 - INFO - Detected modified document: .\temp_2_SalesTaxAct2018_Malaysia.pdf
2025-09-05 22:20:21,590 - INFO - Detected created document: .\temp_3_Canada_Cybersec_Strategy.pdf
2025-09-05 22:20:21,600 - INFO - Invalidated cache for temp_3_Canada_Cybersec_Strategy.pdf
2025-09-05 22:20:21,601 - INFO - Detected modified document: .\temp_3_Canada_Cybersec_Strategy.pdf
2025-09-05 22:20:50,170 - WARNING - Cannot set gray stroke color because /'P0' is an invalid float value
2025-09-05 22:20:51,561 - WARNING - Cannot set gray stroke color because /'P0' is an invalid float value
2025-09-05 22:20:51,859 - WARNING - Cannot set gray stroke color because /'P0' is an invalid float value
2025-09-05 22:20:52,018 - WARNING - Cannot set gray stroke color because /'P0' is an invalid float value
2025-09-05 22:20:52,132 - WARNING - Cannot set gray stroke color because /'P0' is an invalid float value
2025-09-05 22:20:52,330 - WARNING - Cannot set gray stroke color because /'P0' is an invalid float value
2025-09-05 22:20:52,367 - WARNING - Cannot set gray stroke color because /'P0' is an invalid float value
2025-09-05 22:20:53,144 - WARNING - Cannot set gray stroke color because /'P0' is an invalid float value
2025-09-05 22:20:53,275 - WARNING - Cannot set gray stroke color because /'P0' is an invalid float value
2025-09-05 22:20:54,332 - INFO - Successfully processed temp_3_Canada_Cybersec_Strategy.pdf: 43 elements extracted, 40 pages detected
2025-09-05 22:20:54,332 - INFO - Extracted text and metadata from temp_3_Canada_Cybersec_Strategy.pdf
2025-09-05 22:20:54,382 - INFO - Successfully processed temp_1_WHO_FCTC.pdf: 49 elements extracted, 44 pages detected
2025-09-05 22:20:54,382 - INFO - Extracted text and metadata from temp_1_WHO_FCTC.pdf
2025-09-05 22:20:58,601 - INFO - Successfully processed temp_2_SalesTaxAct2018_Malaysia.pdf: 89 elements extracted, 89 pages detected
2025-09-05 22:20:58,601 - INFO - Extracted text and metadata from temp_2_SalesTaxAct2018_Malaysia.pdf
2025-09-05 22:21:01,172 - INFO - Deduplicated 181 -> 181 documents
2025-09-05 22:21:01,174 - INFO - Deduplicated 181 -> 181 documents
2025-09-05 22:21:01,174 - INFO - [DEBUG] Number of document chunks to index: 181
2025-09-05 22:21:01,174 - INFO - [DEBUG] Indexed chunk 1: page_number=1, content[:200]='National Cyber Security Strategy\n\nCanada’s Vision for Security and Prosperity in the Digital Age\n\n© Her Majesty the Queen in Right of Canada, 2018\n\nCat. No.: PS4-239/2018E ISBN: 978-0-660-26553-7\n\nTab'
2025-09-05 22:21:01,174 - INFO - [DEBUG] Indexed chunk 2: page_number=3, content[:200]='i of iii • NATiONAL CYBER SECURiTY STRATEGY\n\nForeword\n\nVirtually everything Canadians do is touched by technology in some way\n\n– on a per capita basis, we spend the most time online of any country in\n'
2025-09-05 22:21:01,175 - INFO - [DEBUG] Indexed chunk 3: page_number=4, content[:200]='THE HONOURABLE RALPH GOODALE\n\nMinister of Public Safety and Emergency\n\nPreparedness Canada\n\nAmong the new measures introduced:\n\nFunding for the new Canadian Centre for Cyber Security to support\n\nleade'
2025-09-05 22:21:02,714 - INFO - [DEBUG] Creating FAISS vector store with 181 document chunks.
2025-09-05 22:21:02,859 - INFO - Loading faiss with AVX2 support.
2025-09-05 22:21:02,964 - INFO - Successfully loaded faiss with AVX2 support.
2025-09-05 22:21:02,977 - INFO - Failed to load GPU Faiss: name 'GpuIndexIVFFlat' is not defined. Will not load constructor refs for GPU indexes. This is only an error if you're trying to use GPU Faiss.
2025-09-05 22:21:03,001 - INFO - Created and saved FAISS vector store at vectorstore/db_faiss
2025-09-05 22:21:03,050 - INFO - Initialized and saved BM25 retriever at bm25_retriever.pkl
2025-09-05 22:21:48,379 - INFO - Loaded generation pipeline for mistralai/Mistral-7B-Instruct-v0.3 (device=0)
2025-09-05 22:21:48,384 - INFO - QA chain setup complete with mistralai/Mistral-7B-Instruct-v0.3
2025-09-05 22:21:48,384 - INFO - Knowledge base updated successfully
2025-09-05 22:21:48,384 - INFO - Added 181 new documents
2025-09-05 22:21:48,386 - INFO - Detected deleted document: .\temp_1_WHO_FCTC.pdf
2025-09-05 22:21:48,387 - ERROR - Error computing hash for .\temp_1_WHO_FCTC.pdf: [Errno 2] No such file or directory: '.\\temp_1_WHO_FCTC.pdf'
2025-09-05 22:21:49,193 - INFO - Invalidated cache for temp_1_WHO_FCTC.pdf
2025-09-05 22:21:49,198 - INFO - Detected deleted document: .\temp_2_SalesTaxAct2018_Malaysia.pdf
2025-09-05 22:21:49,201 - ERROR - Error computing hash for .\temp_2_SalesTaxAct2018_Malaysia.pdf: [Errno 2] No such file or directory: '.\\temp_2_SalesTaxAct2018_Malaysia.pdf'
2025-09-05 22:21:49,641 - INFO - Invalidated cache for temp_2_SalesTaxAct2018_Malaysia.pdf
2025-09-05 22:21:49,641 - INFO - Detected deleted document: .\temp_3_Canada_Cybersec_Strategy.pdf
2025-09-05 22:21:49,642 - ERROR - Error computing hash for .\temp_3_Canada_Cybersec_Strategy.pdf: [Errno 2] No such file or directory: '.\\temp_3_Canada_Cybersec_Strategy.pdf'
2025-09-05 22:21:49,646 - INFO - Invalidated cache for temp_3_Canada_Cybersec_Strategy.pdf
2025-09-05 22:22:22,312 - INFO - [DEBUG] Query string: 'Can the Conference of the Parties of the WHO FCTC assist countries in securing financial resources for implementation?\n'
2025-09-05 22:22:22,448 - INFO - Deduplicated 0 -> 0 documents
2025-09-05 22:22:54,140 - INFO - [DEBUG] Number of source documents returned for query: 0
2025-09-05 22:22:54,173 - INFO - [DEBUG] UI displaying 0 source documents for this query.
2025-09-05 22:23:51,628 - INFO - [DEBUG] Query string: 'What should be the minimum size of health warnings and messages on tobacco products, and where should they be placed?\n\n'
2025-09-05 22:23:51,655 - INFO - Deduplicated 0 -> 0 documents
2025-09-05 22:24:36,752 - INFO - [DEBUG] Number of source documents returned for query: 0
2025-09-05 22:24:36,769 - INFO - [DEBUG] UI displaying 0 source documents for this query.
2025-09-05 22:28:14,778 - INFO - RAG System initialized
2025-09-05 22:28:14,783 - INFO - Loading embedding model...
2025-09-05 22:28:14,789 - INFO - Use pytorch device_name: cuda:0
2025-09-05 22:28:14,789 - INFO - Load pretrained SentenceTransformer: mixedbread-ai/mxbai-embed-large-v1
2025-09-05 22:28:21,445 - INFO - 2 prompts are loaded, with the keys: ['query', 'passage']
2025-09-05 22:28:21,445 - INFO - Loading hallucination detector...
2025-09-05 22:28:21,451 - INFO - Use pytorch device_name: cuda:0
2025-09-05 22:28:21,451 - INFO - Load pretrained SentenceTransformer: all-mpnet-base-v2
2025-09-05 22:28:26,445 - INFO - Loaded hallucination detection model (all-mpnet-base-v2) on cpu
2025-09-05 22:28:26,451 - INFO - Started document watcher for .
2025-09-05 22:28:26,451 - INFO - RAG System fully initialized
2025-09-05 22:29:34,808 - INFO - Detected created document: .\temp_3_Canada_Cybersec_Strategy.pdf
2025-09-05 22:29:34,809 - INFO - Using sequential document processing
2025-09-05 22:29:34,918 - INFO - Invalidated cache for temp_3_Canada_Cybersec_Strategy.pdf
2025-09-05 22:29:34,919 - INFO - Detected modified document: .\temp_3_Canada_Cybersec_Strategy.pdf
2025-09-05 22:29:37,303 - WARNING - Cannot set gray stroke color because /'P0' is an invalid float value
2025-09-05 22:29:38,015 - WARNING - Cannot set gray stroke color because /'P0' is an invalid float value
2025-09-05 22:29:38,281 - WARNING - Cannot set gray stroke color because /'P0' is an invalid float value
2025-09-05 22:29:38,430 - WARNING - Cannot set gray stroke color because /'P0' is an invalid float value
2025-09-05 22:29:38,538 - WARNING - Cannot set gray stroke color because /'P0' is an invalid float value
2025-09-05 22:29:38,710 - WARNING - Cannot set gray stroke color because /'P0' is an invalid float value
2025-09-05 22:29:38,741 - WARNING - Cannot set gray stroke color because /'P0' is an invalid float value
2025-09-05 22:29:39,273 - WARNING - Cannot set gray stroke color because /'P0' is an invalid float value
2025-09-05 22:29:39,376 - WARNING - Cannot set gray stroke color because /'P0' is an invalid float value
2025-09-05 22:29:40,242 - INFO - Successfully processed temp_3_Canada_Cybersec_Strategy.pdf: 43 elements extracted, 40 pages detected
2025-09-05 22:29:45,240 - INFO - Deduplicated 43 -> 43 documents
2025-09-05 22:29:45,241 - INFO - Deduplicated 43 -> 43 documents
2025-09-05 22:29:45,241 - INFO - [DEBUG] Number of document chunks to index: 43
2025-09-05 22:29:45,242 - INFO - [DEBUG] Indexed chunk 1: page_number=1, content[:200]='<REDACTED_ORG> <REDACTED_ORG> in the Digital Age\n\n© Her Majesty the Queen in Right of <REDACTED_LOCATION>, 2018\n\nCat. No.: PS4-239/2018E ISBN: <REDACTED_CREDIT_CARD>\n\nTable of Contents\n\nExecutive Summ'
2025-09-05 22:29:45,242 - INFO - [DEBUG] Indexed chunk 2: page_number=3, content[:200]='i of iii • NATiONAL CYBER SECURiTY STRATEGY\n\n<REDACTED_ORG> everything Canadians do is touched by technology in some way\n\n– on a per capita basis, we spend the most time online of any country in\n\nthe '
2025-09-05 22:29:45,243 - INFO - [DEBUG] Indexed chunk 3: page_number=4, content[:200]='THE HONOURABLE RALPH GOODALE\n\nMinister of Public Safety and Emergency\n\nPreparedness <REDACTED_LOCATION>\n\nAmong the new measures introduced:\n\nFunding for the new <REDACTED_ORG> for Cyber Security to su'
2025-09-05 22:29:45,598 - INFO - [DEBUG] Creating FAISS vector store with 43 document chunks.
2025-09-05 22:29:45,650 - INFO - Loading faiss with AVX2 support.
2025-09-05 22:29:45,696 - INFO - Successfully loaded faiss with AVX2 support.
2025-09-05 22:29:45,706 - INFO - Failed to load GPU Faiss: name 'GpuIndexIVFFlat' is not defined. Will not load constructor refs for GPU indexes. This is only an error if you're trying to use GPU Faiss.
2025-09-05 22:29:45,715 - INFO - Created and saved FAISS vector store at vectorstore/db_faiss
2025-09-05 22:29:45,730 - INFO - Initialized and saved BM25 retriever at bm25_retriever.pkl
2025-09-05 22:30:30,885 - INFO - Loaded generation pipeline for mistralai/Mistral-7B-Instruct-v0.3 (device=0)
2025-09-05 22:30:30,903 - INFO - QA chain setup complete with mistralai/Mistral-7B-Instruct-v0.3
2025-09-05 22:30:30,904 - INFO - Knowledge base updated successfully
2025-09-05 22:30:30,905 - INFO - Added 43 new documents
2025-09-05 22:30:30,924 - INFO - Detected deleted document: .\temp_3_Canada_Cybersec_Strategy.pdf
2025-09-05 22:30:30,932 - ERROR - Error computing hash for .\temp_3_Canada_Cybersec_Strategy.pdf: [Errno 2] No such file or directory: '.\\temp_3_Canada_Cybersec_Strategy.pdf'
2025-09-05 22:30:32,337 - INFO - Invalidated cache for temp_3_Canada_Cybersec_Strategy.pdf
2025-09-05 22:31:08,821 - INFO - [DEBUG] Query string: 'What measures is the government of Canada taking in response to data security challenges posed by the emergence of novel technologies?\n'
2025-09-05 22:31:09,172 - INFO - Deduplicated 11 -> 11 documents
2025-09-05 22:31:20,958 - INFO - Using cached query results for: What measures is the government of Canada taking i...
2025-09-05 22:31:20,960 - INFO - Deduplicated 11 -> 11 documents
2025-09-05 22:31:25,814 - ERROR - Error processing query: CUDA out of memory. Tried to allocate 3.66 GiB. GPU 0 has a total capacity of 4.00 GiB of which 0 bytes is free. Of the allocated memory 6.73 GiB is allocated by PyTorch, and 3.54 GiB is reserved by PyTorch but unallocated. If reserved but unallocated memory is large try setting PYTORCH_CUDA_ALLOC_CONF=expandable_segments:True to avoid fragmentation.  See documentation for Memory Management  (https://pytorch.org/docs/stable/notes/cuda.html#environment-variables)
2025-09-05 22:31:25,840 - INFO - [DEBUG] UI displaying 0 source documents for this query.
2025-09-05 22:35:24,162 - INFO - RAG System initialized
2025-09-05 22:35:24,165 - INFO - Loading embedding model...
2025-09-05 22:35:24,170 - INFO - Use pytorch device_name: cuda:0
2025-09-05 22:35:24,170 - INFO - Load pretrained SentenceTransformer: mixedbread-ai/mxbai-embed-large-v1
2025-09-05 22:35:30,235 - INFO - 2 prompts are loaded, with the keys: ['query', 'passage']
2025-09-05 22:35:30,236 - INFO - Loading hallucination detector...
2025-09-05 22:35:30,244 - INFO - Use pytorch device_name: cuda:0
2025-09-05 22:35:30,244 - INFO - Load pretrained SentenceTransformer: all-mpnet-base-v2
2025-09-05 22:35:35,049 - INFO - Loaded hallucination detection model (all-mpnet-base-v2) on cpu
2025-09-05 22:35:35,053 - INFO - Started document watcher for .
2025-09-05 22:35:35,053 - INFO - RAG System fully initialized
2025-09-05 22:37:17,221 - INFO - Detected created document: .\temp_3_Canada_Cybersec_Strategy.pdf
2025-09-05 22:37:17,221 - INFO - Using sequential document processing
2025-09-05 22:37:17,322 - INFO - Invalidated cache for temp_3_Canada_Cybersec_Strategy.pdf
2025-09-05 22:37:17,324 - INFO - Detected modified document: .\temp_3_Canada_Cybersec_Strategy.pdf
2025-09-05 22:37:19,449 - WARNING - Cannot set gray stroke color because /'P0' is an invalid float value
2025-09-05 22:37:20,131 - WARNING - Cannot set gray stroke color because /'P0' is an invalid float value
2025-09-05 22:37:20,375 - WARNING - Cannot set gray stroke color because /'P0' is an invalid float value
2025-09-05 22:37:20,522 - WARNING - Cannot set gray stroke color because /'P0' is an invalid float value
2025-09-05 22:37:20,625 - WARNING - Cannot set gray stroke color because /'P0' is an invalid float value
2025-09-05 22:37:20,814 - WARNING - Cannot set gray stroke color because /'P0' is an invalid float value
2025-09-05 22:37:20,856 - WARNING - Cannot set gray stroke color because /'P0' is an invalid float value
2025-09-05 22:37:21,545 - WARNING - Cannot set gray stroke color because /'P0' is an invalid float value
2025-09-05 22:37:21,658 - WARNING - Cannot set gray stroke color because /'P0' is an invalid float value
2025-09-05 22:37:22,466 - INFO - Successfully processed temp_3_Canada_Cybersec_Strategy.pdf: 43 elements extracted, 40 pages detected
2025-09-05 22:37:27,329 - INFO - Deduplicated 43 -> 43 documents
2025-09-05 22:37:27,330 - INFO - Deduplicated 43 -> 43 documents
2025-09-05 22:37:27,331 - INFO - [DEBUG] Number of document chunks to index: 43
2025-09-05 22:37:27,331 - INFO - [DEBUG] Indexed chunk 1: page_number=1, content[:200]='<REDACTED_ORG> <REDACTED_ORG> in the Digital Age\n\n© Her Majesty the Queen in Right of <REDACTED_LOCATION>, 2018\n\nCat. No.: PS4-239/2018E ISBN: <REDACTED_CREDIT_CARD>\n\nTable of Contents\n\nExecutive Summ'
2025-09-05 22:37:27,332 - INFO - [DEBUG] Indexed chunk 2: page_number=3, content[:200]='i of iii • NATiONAL CYBER SECURiTY STRATEGY\n\n<REDACTED_ORG> everything Canadians do is touched by technology in some way\n\n– on a per capita basis, we spend the most time online of any country in\n\nthe '
2025-09-05 22:37:27,332 - INFO - [DEBUG] Indexed chunk 3: page_number=4, content[:200]='THE HONOURABLE RALPH GOODALE\n\nMinister of Public Safety and Emergency\n\nPreparedness <REDACTED_LOCATION>\n\nAmong the new measures introduced:\n\nFunding for the new <REDACTED_ORG> for Cyber Security to su'
2025-09-05 22:37:27,691 - INFO - [DEBUG] Creating FAISS vector store with 43 document chunks.
2025-09-05 22:37:27,735 - INFO - Loading faiss with AVX2 support.
2025-09-05 22:37:27,828 - INFO - Successfully loaded faiss with AVX2 support.
2025-09-05 22:37:27,840 - INFO - Failed to load GPU Faiss: name 'GpuIndexIVFFlat' is not defined. Will not load constructor refs for GPU indexes. This is only an error if you're trying to use GPU Faiss.
2025-09-05 22:37:27,851 - INFO - Created and saved FAISS vector store at vectorstore/db_faiss
2025-09-05 22:37:27,867 - INFO - Initialized and saved BM25 retriever at bm25_retriever.pkl
2025-09-05 22:38:16,776 - INFO - Loaded generation pipeline for mistralai/Mistral-7B-Instruct-v0.3 (device=0)
2025-09-05 22:38:16,782 - INFO - QA chain setup complete with mistralai/Mistral-7B-Instruct-v0.3
2025-09-05 22:38:16,782 - INFO - Knowledge base updated successfully
2025-09-05 22:38:16,783 - INFO - Added 43 new documents
2025-09-05 22:38:16,786 - INFO - Detected deleted document: .\temp_3_Canada_Cybersec_Strategy.pdf
2025-09-05 22:38:16,789 - ERROR - Error computing hash for .\temp_3_Canada_Cybersec_Strategy.pdf: [Errno 2] No such file or directory: '.\\temp_3_Canada_Cybersec_Strategy.pdf'
2025-09-05 22:38:17,601 - INFO - Invalidated cache for temp_3_Canada_Cybersec_Strategy.pdf
2025-09-05 22:39:35,851 - INFO - [DEBUG] Query string: 'What measures is the government of Canada taking in response to data security challenges posed by the emergence of novel technologies?\n'
2025-09-05 22:39:36,156 - INFO - Deduplicated 11 -> 11 documents
2025-09-05 22:39:48,113 - INFO - Using cached query results for: What measures is the government of Canada taking i...
2025-09-05 22:39:48,114 - INFO - Deduplicated 11 -> 11 documents
2025-09-05 22:39:52,930 - ERROR - Error processing query: CUDA out of memory. Tried to allocate 3.66 GiB. GPU 0 has a total capacity of 4.00 GiB of which 0 bytes is free. Of the allocated memory 6.73 GiB is allocated by PyTorch, and 3.54 GiB is reserved by PyTorch but unallocated. If reserved but unallocated memory is large try setting PYTORCH_CUDA_ALLOC_CONF=expandable_segments:True to avoid fragmentation.  See documentation for Memory Management  (https://pytorch.org/docs/stable/notes/cuda.html#environment-variables)
2025-09-05 22:39:52,949 - INFO - [DEBUG] UI displaying 0 source documents for this query.
2025-09-06 12:24:52,852 - INFO - RAG System initialized
2025-09-06 12:24:52,855 - INFO - Loading embedding model...
2025-09-06 12:24:52,860 - INFO - Use pytorch device_name: cuda:0
2025-09-06 12:24:52,860 - INFO - Load pretrained SentenceTransformer: mixedbread-ai/mxbai-embed-large-v1
2025-09-06 12:24:58,278 - INFO - 2 prompts are loaded, with the keys: ['query', 'passage']
2025-09-06 12:24:58,279 - INFO - Loading hallucination detector...
2025-09-06 12:24:58,284 - INFO - Use pytorch device_name: cuda:0
2025-09-06 12:24:58,284 - INFO - Load pretrained SentenceTransformer: all-mpnet-base-v2
2025-09-06 12:25:02,742 - INFO - Loaded hallucination detection model (all-mpnet-base-v2) on cpu
2025-09-06 12:25:02,746 - INFO - Started document watcher for .
2025-09-06 12:25:02,746 - INFO - RAG System fully initialized
2025-09-06 12:25:57,387 - INFO - Detected created document: .\temp_3_Canada_Cybersec_Strategy.pdf
2025-09-06 12:25:57,388 - INFO - Using sequential document processing
2025-09-06 12:25:57,479 - INFO - Invalidated cache for temp_3_Canada_Cybersec_Strategy.pdf
2025-09-06 12:25:57,479 - INFO - Detected modified document: .\temp_3_Canada_Cybersec_Strategy.pdf
2025-09-06 12:25:59,343 - WARNING - Cannot set gray stroke color because /'P0' is an invalid float value
2025-09-06 12:25:59,965 - WARNING - Cannot set gray stroke color because /'P0' is an invalid float value
2025-09-06 12:26:00,150 - WARNING - Cannot set gray stroke color because /'P0' is an invalid float value
2025-09-06 12:26:00,241 - WARNING - Cannot set gray stroke color because /'P0' is an invalid float value
2025-09-06 12:26:00,322 - WARNING - Cannot set gray stroke color because /'P0' is an invalid float value
2025-09-06 12:26:00,447 - WARNING - Cannot set gray stroke color because /'P0' is an invalid float value
2025-09-06 12:26:00,478 - WARNING - Cannot set gray stroke color because /'P0' is an invalid float value
2025-09-06 12:26:01,031 - WARNING - Cannot set gray stroke color because /'P0' is an invalid float value
2025-09-06 12:26:01,148 - WARNING - Cannot set gray stroke color because /'P0' is an invalid float value
2025-09-06 12:26:01,971 - INFO - Successfully processed temp_3_Canada_Cybersec_Strategy.pdf: 43 elements extracted, 40 pages detected
2025-09-06 12:26:06,204 - INFO - Deduplicated 43 -> 43 documents
2025-09-06 12:26:06,205 - INFO - Deduplicated 43 -> 43 documents
2025-09-06 12:26:06,205 - INFO - [DEBUG] Number of document chunks to index: 43
2025-09-06 12:26:06,206 - INFO - [DEBUG] Indexed chunk 1: page_number=1, content[:200]='<REDACTED_ORG> <REDACTED_ORG> in the Digital Age\n\n© Her Majesty the Queen in Right of <REDACTED_LOCATION>, 2018\n\nCat. No.: PS4-239/2018E ISBN: <REDACTED_CREDIT_CARD>\n\nTable of Contents\n\nExecutive Summ'
2025-09-06 12:26:06,206 - INFO - [DEBUG] Indexed chunk 2: page_number=3, content[:200]='i of iii • NATiONAL CYBER SECURiTY STRATEGY\n\n<REDACTED_ORG> everything Canadians do is touched by technology in some way\n\n– on a per capita basis, we spend the most time online of any country in\n\nthe '
2025-09-06 12:26:06,206 - INFO - [DEBUG] Indexed chunk 3: page_number=4, content[:200]='THE HONOURABLE RALPH GOODALE\n\nMinister of Public Safety and Emergency\n\nPreparedness <REDACTED_LOCATION>\n\nAmong the new measures introduced:\n\nFunding for the new <REDACTED_ORG> for Cyber Security to su'
2025-09-06 12:26:06,512 - INFO - [DEBUG] Creating FAISS vector store with 43 document chunks.
2025-09-06 12:26:06,548 - INFO - Loading faiss with AVX2 support.
2025-09-06 12:26:06,643 - INFO - Successfully loaded faiss with AVX2 support.
2025-09-06 12:26:06,655 - INFO - Failed to load GPU Faiss: name 'GpuIndexIVFFlat' is not defined. Will not load constructor refs for GPU indexes. This is only an error if you're trying to use GPU Faiss.
2025-09-06 12:26:06,666 - INFO - Created and saved FAISS vector store at vectorstore/db_faiss
2025-09-06 12:26:06,683 - INFO - Initialized and saved BM25 retriever at bm25_retriever.pkl
2025-09-06 12:26:47,382 - INFO - Loaded generation pipeline for mistralai/Mistral-7B-Instruct-v0.3 (device=0)
2025-09-06 12:26:47,431 - INFO - QA chain setup complete with mistralai/Mistral-7B-Instruct-v0.3
2025-09-06 12:26:47,432 - INFO - Knowledge base updated successfully
2025-09-06 12:26:47,435 - INFO - Added 43 new documents
2025-09-06 12:26:47,451 - INFO - Detected deleted document: .\temp_3_Canada_Cybersec_Strategy.pdf
2025-09-06 12:26:47,477 - ERROR - Error computing hash for .\temp_3_Canada_Cybersec_Strategy.pdf: [Errno 2] No such file or directory: '.\\temp_3_Canada_Cybersec_Strategy.pdf'
2025-09-06 12:26:49,282 - INFO - Invalidated cache for temp_3_Canada_Cybersec_Strategy.pdf
2025-09-06 12:27:20,060 - INFO - [DEBUG] Query string: 'What measures is the government of Canada taking in response to data security challenges posed by the emergence of novel technologies?\n'
2025-09-06 12:27:20,342 - INFO - Deduplicated 11 -> 11 documents
2025-09-06 12:27:30,099 - INFO - Using cached query results for: What measures is the government of Canada taking i...
2025-09-06 12:27:30,100 - INFO - Deduplicated 11 -> 11 documents
2025-09-06 12:27:34,296 - ERROR - Error processing query: CUDA out of memory. Tried to allocate 3.66 GiB. GPU 0 has a total capacity of 4.00 GiB of which 0 bytes is free. Of the allocated memory 6.73 GiB is allocated by PyTorch, and 3.54 GiB is reserved by PyTorch but unallocated. If reserved but unallocated memory is large try setting PYTORCH_CUDA_ALLOC_CONF=expandable_segments:True to avoid fragmentation.  See documentation for Memory Management  (https://pytorch.org/docs/stable/notes/cuda.html#environment-variables)
2025-09-06 12:27:34,317 - INFO - [DEBUG] UI displaying 0 source documents for this query.
2025-09-06 12:44:18,772 - INFO - RAG System initialized
2025-09-06 12:44:18,775 - INFO - Loading embedding model...
2025-09-06 12:44:18,780 - INFO - Use pytorch device_name: cuda:0
2025-09-06 12:44:18,780 - INFO - Load pretrained SentenceTransformer: mixedbread-ai/mxbai-embed-large-v1
2025-09-06 12:44:24,688 - INFO - 2 prompts are loaded, with the keys: ['query', 'passage']
2025-09-06 12:44:24,688 - INFO - Loading hallucination detector...
2025-09-06 12:44:24,691 - INFO - Use pytorch device_name: cuda:0
2025-09-06 12:44:24,692 - INFO - Load pretrained SentenceTransformer: all-mpnet-base-v2
2025-09-06 12:44:28,752 - INFO - Loaded hallucination detection model (all-mpnet-base-v2) on cpu
2025-09-06 12:44:28,754 - INFO - Started document watcher for .
2025-09-06 12:44:28,754 - INFO - RAG System fully initialized
2025-09-06 12:45:18,260 - INFO - Detected created document: .\temp_3_Canada_Cybersec_Strategy.pdf
2025-09-06 12:45:18,261 - INFO - Using sequential document processing
2025-09-06 12:45:18,318 - INFO - Invalidated cache for temp_3_Canada_Cybersec_Strategy.pdf
2025-09-06 12:45:18,318 - INFO - Detected modified document: .\temp_3_Canada_Cybersec_Strategy.pdf
2025-09-06 12:45:19,519 - WARNING - Cannot set gray stroke color because /'P0' is an invalid float value
2025-09-06 12:45:19,935 - WARNING - Cannot set gray stroke color because /'P0' is an invalid float value
2025-09-06 12:45:20,046 - WARNING - Cannot set gray stroke color because /'P0' is an invalid float value
2025-09-06 12:45:20,108 - WARNING - Cannot set gray stroke color because /'P0' is an invalid float value
2025-09-06 12:45:20,158 - WARNING - Cannot set gray stroke color because /'P0' is an invalid float value
2025-09-06 12:45:20,241 - WARNING - Cannot set gray stroke color because /'P0' is an invalid float value
2025-09-06 12:45:20,259 - WARNING - Cannot set gray stroke color because /'P0' is an invalid float value
2025-09-06 12:45:20,573 - WARNING - Cannot set gray stroke color because /'P0' is an invalid float value
2025-09-06 12:45:20,629 - WARNING - Cannot set gray stroke color because /'P0' is an invalid float value
2025-09-06 12:45:21,129 - INFO - Successfully processed temp_3_Canada_Cybersec_Strategy.pdf: 43 elements extracted, 40 pages detected
2025-09-06 12:45:23,847 - INFO - Deduplicated 43 -> 43 documents
2025-09-06 12:45:23,848 - INFO - Deduplicated 43 -> 43 documents
2025-09-06 12:45:23,848 - INFO - [DEBUG] Number of document chunks to index: 43
2025-09-06 12:45:23,848 - INFO - [DEBUG] Indexed chunk 1: page_number=1, content[:200]='<REDACTED_ORG> <REDACTED_ORG> in the Digital Age\n\n© Her Majesty the Queen in Right of <REDACTED_LOCATION>, 2018\n\nCat. No.: PS4-239/2018E ISBN: <REDACTED_CREDIT_CARD>\n\nTable of Contents\n\nExecutive Summ'
2025-09-06 12:45:23,848 - INFO - [DEBUG] Indexed chunk 2: page_number=3, content[:200]='i of iii • NATiONAL CYBER SECURiTY STRATEGY\n\n<REDACTED_ORG> everything Canadians do is touched by technology in some way\n\n– on a per capita basis, we spend the most time online of any country in\n\nthe '
2025-09-06 12:45:23,849 - INFO - [DEBUG] Indexed chunk 3: page_number=4, content[:200]='THE HONOURABLE RALPH GOODALE\n\nMinister of Public Safety and Emergency\n\nPreparedness <REDACTED_LOCATION>\n\nAmong the new measures introduced:\n\nFunding for the new <REDACTED_ORG> for Cyber Security to su'
2025-09-06 12:45:24,096 - INFO - [DEBUG] Creating FAISS vector store with 43 document chunks.
2025-09-06 12:45:24,118 - INFO - Loading faiss with AVX2 support.
2025-09-06 12:45:24,203 - INFO - Successfully loaded faiss with AVX2 support.
2025-09-06 12:45:24,211 - INFO - Failed to load GPU Faiss: name 'GpuIndexIVFFlat' is not defined. Will not load constructor refs for GPU indexes. This is only an error if you're trying to use GPU Faiss.
2025-09-06 12:45:24,222 - INFO - Created and saved FAISS vector store at vectorstore/db_faiss
2025-09-06 12:45:24,232 - INFO - Initialized and saved BM25 retriever at bm25_retriever.pkl
2025-09-06 12:45:26,028 - WARNING - Xet Storage is enabled for this repo, but the 'hf_xet' package is not installed. Falling back to regular HTTP download. For better performance, install the package with: `pip install huggingface_hub[hf_xet]` or `pip install hf_xet`
2025-09-06 12:45:35,860 - WARNING - Xet Storage is enabled for this repo, but the 'hf_xet' package is not installed. Falling back to regular HTTP download. For better performance, install the package with: `pip install huggingface_hub[hf_xet]` or `pip install hf_xet`
2025-09-06 12:45:35,864 - WARNING - Xet Storage is enabled for this repo, but the 'hf_xet' package is not installed. Falling back to regular HTTP download. For better performance, install the package with: `pip install huggingface_hub[hf_xet]` or `pip install hf_xet`
2025-09-06 12:57:10,046 - INFO - Loaded generation pipeline for microsoft/Phi-3-mini-128k-instruct (device=0)
2025-09-06 12:57:10,047 - INFO - QA chain setup complete with microsoft/Phi-3-mini-128k-instruct
2025-09-06 12:57:10,048 - INFO - Knowledge base updated successfully
2025-09-06 12:57:10,048 - INFO - Added 43 new documents
2025-09-06 12:57:10,049 - INFO - Detected deleted document: .\temp_3_Canada_Cybersec_Strategy.pdf
2025-09-06 12:57:10,049 - ERROR - Error computing hash for .\temp_3_Canada_Cybersec_Strategy.pdf: [Errno 2] No such file or directory: '.\\temp_3_Canada_Cybersec_Strategy.pdf'
2025-09-06 12:57:10,417 - INFO - Invalidated cache for temp_3_Canada_Cybersec_Strategy.pdf
2025-09-06 12:57:28,003 - INFO - [DEBUG] Query string: 'What measures is the government of Canada taking in response to data security challenges posed by the emergence of novel technologies?\n'
2025-09-06 12:57:28,068 - INFO - Deduplicated 11 -> 11 documents
2025-09-06 13:04:26,902 - INFO - [DEBUG] Number of source documents returned for query: 11
2025-09-06 13:04:26,902 - INFO - [DEBUG] Retrieved chunk 1: page_number=27, content[:200]='use of digital technology.\n\nAs the cyber security environment continues to evolve, there is a constant\n\nneed for reliable and up-to-date information. Canadian statistics and\n\nresearch in the area of c'
2025-09-06 13:04:26,902 - INFO - [DEBUG] Retrieved chunk 2: page_number=29, content[:200]='24 of 35 • NATiONAL CYBER SECURiTY STRATEGY\n\nCyber Security Strategy Goals\n\nThe quality of information at our disposal shapes our ability to understand\n\ncyber trends. The federal government will suppo'
2025-09-06 13:04:26,903 - INFO - [DEBUG] Retrieved chunk 3: page_number=13, content[:200]='through the email attachment and restores\n\nthe backup, which allows her to access all\n\nher documents.\n\nOur Response\n\nThis new <REDACTED_ORG> reflects the perspectives from <REDACTED_ORG>. It also reco'
2025-09-06 13:05:04,717 - INFO - [DEBUG] UI displaying 5 source documents for this query.
2025-09-06 13:07:48,652 - INFO - RAG System initialized
2025-09-06 13:07:48,655 - INFO - Loading embedding model...
2025-09-06 13:07:48,659 - INFO - Use pytorch device_name: cuda:0
2025-09-06 13:07:48,659 - INFO - Load pretrained SentenceTransformer: mixedbread-ai/mxbai-embed-large-v1
2025-09-06 13:07:54,502 - INFO - 2 prompts are loaded, with the keys: ['query', 'passage']
2025-09-06 13:07:54,502 - INFO - Loading hallucination detector...
2025-09-06 13:07:54,508 - INFO - Use pytorch device_name: cuda:0
2025-09-06 13:07:54,508 - INFO - Load pretrained SentenceTransformer: all-mpnet-base-v2
2025-09-06 13:07:59,844 - INFO - Loaded hallucination detection model (all-mpnet-base-v2) on cpu
2025-09-06 13:07:59,846 - INFO - Started document watcher for .
2025-09-06 13:07:59,846 - INFO - RAG System fully initialized
2025-09-06 13:08:46,933 - INFO - Using sequential document processing
2025-09-06 13:08:46,933 - INFO - Detected created document: .\temp_2_SalesTaxAct2018_Malaysia.pdf
2025-09-06 13:08:47,307 - INFO - Invalidated cache for temp_2_SalesTaxAct2018_Malaysia.pdf
2025-09-06 13:08:47,308 - INFO - Detected modified document: .\temp_2_SalesTaxAct2018_Malaysia.pdf
2025-09-06 13:08:54,215 - INFO - Successfully processed temp_2_SalesTaxAct2018_Malaysia.pdf: 89 elements extracted, 89 pages detected
2025-09-06 13:09:04,755 - INFO - Deduplicated 89 -> 89 documents
2025-09-06 13:09:04,756 - INFO - Deduplicated 89 -> 89 documents
2025-09-06 13:09:04,756 - INFO - [DEBUG] Number of document chunks to index: 89
2025-09-06 13:09:04,756 - INFO - [DEBUG] Indexed chunk 1: page_number=1, content[:200]='<REDACTED_ORG>\n\nAct 806\n\nSALES TAX ACT 2018\n\n1\n\n2\n\nLaws of <REDACTED_LOCATION>\n\nACT 806\n\nDate of <REDACTED_ORG>\n\n...\n\n...\n\n24 August 2018\n\nDate of publication in the <REDACTED_NAME>\n\n...\n\n...\n\n...\n\n28'
2025-09-06 13:09:04,757 - INFO - [DEBUG] Indexed chunk 2: page_number=4, content[:200]='PART VI\n\nEXEMPTION, REFUND, <REDACTED_ORG> AND REMISSION\n\n35. Power of Minister to exempt and refund\n\n36. Claim for refund of sales tax in relation to bad debt\n\n37. Repayment of sales tax in relation '
2025-09-06 13:09:04,757 - INFO - [DEBUG] Indexed chunk 3: page_number=6, content[:200]='PART XI\n\nTRIALS AND PROCEEDINGS\n\n73.\n\nJurisdiction to try offences\n\n74. Evidence by certificate, etc.\n\n75. Production of certificate of analysis\n\n76. Proof as to registration or licensing of conveyanc'
2025-09-06 13:09:05,322 - INFO - [DEBUG] Creating FAISS vector store with 89 document chunks.
2025-09-06 13:09:05,393 - INFO - Loading faiss with AVX2 support.
2025-09-06 13:09:05,426 - INFO - Successfully loaded faiss with AVX2 support.
2025-09-06 13:09:05,434 - INFO - Failed to load GPU Faiss: name 'GpuIndexIVFFlat' is not defined. Will not load constructor refs for GPU indexes. This is only an error if you're trying to use GPU Faiss.
2025-09-06 13:09:05,444 - INFO - Created and saved FAISS vector store at vectorstore/db_faiss
2025-09-06 13:09:05,466 - INFO - Initialized and saved BM25 retriever at bm25_retriever.pkl
2025-09-06 13:09:25,728 - INFO - Loaded generation pipeline for microsoft/Phi-3-mini-128k-instruct (device=0)
2025-09-06 13:09:25,730 - INFO - QA chain setup complete with microsoft/Phi-3-mini-128k-instruct
2025-09-06 13:09:25,730 - INFO - Knowledge base updated successfully
2025-09-06 13:09:25,730 - INFO - Added 89 new documents
2025-09-06 13:09:25,732 - INFO - Detected deleted document: .\temp_2_SalesTaxAct2018_Malaysia.pdf
2025-09-06 13:09:25,734 - ERROR - Error computing hash for .\temp_2_SalesTaxAct2018_Malaysia.pdf: [Errno 2] No such file or directory: '.\\temp_2_SalesTaxAct2018_Malaysia.pdf'
2025-09-06 13:09:26,103 - INFO - Invalidated cache for temp_2_SalesTaxAct2018_Malaysia.pdf
2025-09-06 13:09:46,933 - INFO - [DEBUG] Query string: 'I opened a company to produce sensors in Kuala Lumpur. Based on the law in the file, how should I register for sales tax, and what are my obligations?\n'
2025-09-06 13:09:46,997 - INFO - Deduplicated 11 -> 11 documents
2025-09-06 13:17:02,775 - INFO - [DEBUG] Number of source documents returned for query: 11
2025-09-06 13:17:02,775 - INFO - [DEBUG] Retrieved chunk 1: page_number=87, content[:200]='PART XIII\n\nSAVINGS AND TRANSITIONAL\n\nRegistration on commencement date\n\n107. (1) Notwithstanding section 13, any person who manufactures goods before the effective date which goods are taxable goods o'
2025-09-06 13:17:02,775 - INFO - [DEBUG] Retrieved chunk 2: page_number=3, content[:200]='Sales Tax 3\nLAWS OF MALAYSIA\nAct 806\nSALES TAX ACT 2018\nARRANGEMENT OF SECTIONS\nPART I\nPRELIMINARY\n Section\n 1. Short title and commencement\n 2. <REDACTED_ORG>. Meaning of “manufacture”\nPART I I\nADMIN'
2025-09-06 13:17:02,776 - INFO - [DEBUG] Retrieved chunk 3: page_number=57, content[:200]='liable to sales tax;\n\n(b) to ascertain the sales tax payable on such goods; or\n\n(c) for such other purposes as he may deem necessary,\n\nand such samples may be disposed of in such manner as he may dire'
2025-09-06 13:18:01,993 - INFO - [DEBUG] UI displaying 5 source documents for this query.
2025-09-06 20:36:22,135 - INFO - RAG System initialized
2025-09-06 20:36:22,139 - INFO - Loading embedding model...
2025-09-06 20:36:22,145 - INFO - Use pytorch device_name: cuda:0
2025-09-06 20:36:22,145 - INFO - Load pretrained SentenceTransformer: mixedbread-ai/mxbai-embed-large-v1
2025-09-06 20:36:27,813 - INFO - 2 prompts are loaded, with the keys: ['query', 'passage']
2025-09-06 20:36:27,813 - INFO - Loading hallucination detector...
2025-09-06 20:36:27,820 - INFO - Use pytorch device_name: cuda:0
2025-09-06 20:36:27,820 - INFO - Load pretrained SentenceTransformer: all-mpnet-base-v2
2025-09-06 20:36:33,599 - INFO - Loaded hallucination detection model (all-mpnet-base-v2) on cpu
2025-09-06 20:36:33,602 - INFO - Started document watcher for .
2025-09-06 20:36:33,603 - INFO - RAG System fully initialized
2025-09-06 20:37:57,428 - INFO - Detected created document: .\temp_4_GovStack_Specs.docx
2025-09-06 20:37:57,429 - INFO - Using sequential document processing
2025-09-06 20:37:57,474 - INFO - Invalidated cache for temp_4_GovStack_Specs.docx
2025-09-06 20:37:57,476 - INFO - Detected modified document: .\temp_4_GovStack_Specs.docx
2025-09-06 20:37:59,613 - INFO - Successfully processed DOCX temp_4_GovStack_Specs.docx: 32 elements extracted
2025-09-06 20:38:03,619 - INFO - Deduplicated 32 -> 32 documents
2025-09-06 20:38:03,620 - INFO - Deduplicated 32 -> 32 documents
2025-09-06 20:38:03,620 - INFO - [DEBUG] Number of document chunks to index: 32
2025-09-06 20:38:03,620 - INFO - [DEBUG] Indexed chunk 1: page_number=1, content[:200]='Source: <REDACTED_ORG> | 23Q4 | <REDACTED_ORG> Specification (gitbook.io)\n\nAbout Building Blocks\n\nBuilding blocks (BBs) are software modules that can be deployed and combined in a standardized manner.'
2025-09-06 20:38:03,621 - INFO - [DEBUG] Indexed chunk 2: page_number=1, content[:200]='2.2 Criteria for <REDACTED_ORG>\n\nThe following provide criteria and definitions for <REDACTED_ORG>, developed by organizations whose work is focused around achievement of <REDACTED_ORG> (SDGs).\n\nSDG D'
2025-09-06 20:38:03,621 - INFO - [DEBUG] Indexed chunk 3: page_number=1, content[:200]='2.3 <REDACTED_ORG>\n\nBuilding blocks are software modules that can be deployed and combined in a standardized manner. Each building block is capable of working independently, but they can be combined t'
2025-09-06 20:38:03,885 - INFO - [DEBUG] Creating FAISS vector store with 32 document chunks.
2025-09-06 20:38:09,519 - INFO - Loading faiss with AVX2 support.
2025-09-06 20:38:10,633 - INFO - Successfully loaded faiss with AVX2 support.
2025-09-06 20:38:10,647 - INFO - Failed to load GPU Faiss: name 'GpuIndexIVFFlat' is not defined. Will not load constructor refs for GPU indexes. This is only an error if you're trying to use GPU Faiss.
2025-09-06 20:38:10,654 - INFO - Created and saved FAISS vector store at vectorstore/db_faiss
2025-09-06 20:38:10,667 - INFO - Initialized and saved BM25 retriever at bm25_retriever.pkl
2025-09-06 20:38:34,838 - INFO - Loaded generation pipeline for microsoft/Phi-3-mini-128k-instruct (device=0)
2025-09-06 20:38:34,854 - INFO - QA chain setup complete with microsoft/Phi-3-mini-128k-instruct
2025-09-06 20:38:34,855 - INFO - Knowledge base updated successfully
2025-09-06 20:38:34,856 - INFO - Added 32 new documents
2025-09-06 20:38:34,864 - INFO - Detected deleted document: .\temp_4_GovStack_Specs.docx
2025-09-06 20:38:34,870 - ERROR - Error computing hash for .\temp_4_GovStack_Specs.docx: [Errno 2] No such file or directory: '.\\temp_4_GovStack_Specs.docx'
2025-09-06 20:38:35,920 - INFO - Invalidated cache for temp_4_GovStack_Specs.docx
2025-09-06 20:39:15,847 - INFO - Detected created document: .\temp_4_GovStack_Specs.docx
2025-09-06 20:39:15,848 - INFO - Using parallel document processing
2025-09-06 20:39:15,861 - INFO - Invalidated cache for temp_4_GovStack_Specs.docx
2025-09-06 20:39:15,862 - INFO - Detected modified document: .\temp_4_GovStack_Specs.docx
2025-09-06 20:39:15,864 - INFO - Detected created document: .\temp_3_Canada_Cybersec_Strategy.pdf
2025-09-06 20:39:15,870 - INFO - Invalidated cache for temp_3_Canada_Cybersec_Strategy.pdf
2025-09-06 20:39:15,871 - INFO - Detected modified document: .\temp_3_Canada_Cybersec_Strategy.pdf
2025-09-06 20:39:53,086 - WARNING - Cannot set gray stroke color because /'P0' is an invalid float value
2025-09-06 20:39:53,259 - INFO - Successfully processed DOCX temp_4_GovStack_Specs.docx: 32 elements extracted
2025-09-06 20:39:53,260 - INFO - Extracted text and metadata from temp_4_GovStack_Specs.docx
2025-09-06 20:39:54,164 - WARNING - Cannot set gray stroke color because /'P0' is an invalid float value
2025-09-06 20:39:54,352 - WARNING - Cannot set gray stroke color because /'P0' is an invalid float value
2025-09-06 20:39:54,461 - WARNING - Cannot set gray stroke color because /'P0' is an invalid float value
2025-09-06 20:39:54,556 - WARNING - Cannot set gray stroke color because /'P0' is an invalid float value
2025-09-06 20:39:54,701 - WARNING - Cannot set gray stroke color because /'P0' is an invalid float value
2025-09-06 20:39:54,734 - WARNING - Cannot set gray stroke color because /'P0' is an invalid float value
2025-09-06 20:39:55,280 - WARNING - Cannot set gray stroke color because /'P0' is an invalid float value
2025-09-06 20:39:55,381 - WARNING - Cannot set gray stroke color because /'P0' is an invalid float value
2025-09-06 20:39:57,263 - INFO - Successfully processed temp_3_Canada_Cybersec_Strategy.pdf: 43 elements extracted, 40 pages detected
2025-09-06 20:39:57,264 - INFO - Extracted text and metadata from temp_3_Canada_Cybersec_Strategy.pdf
2025-09-06 20:40:00,195 - INFO - Deduplicated 75 -> 75 documents
2025-09-06 20:40:00,196 - INFO - Deduplicated 107 -> 105 documents
2025-09-06 20:40:00,197 - INFO - [DEBUG] Number of document chunks to index: 105
2025-09-06 20:40:00,197 - INFO - [DEBUG] Indexed chunk 1: page_number=1, content[:200]='Source: <REDACTED_ORG> | 23Q4 | <REDACTED_ORG> Specification (gitbook.io)\n\nAbout Building Blocks\n\nBuilding blocks (BBs) are software modules that can be deployed and combined in a standardized manner.'
2025-09-06 20:40:00,197 - INFO - [DEBUG] Indexed chunk 2: page_number=1, content[:200]='2.2 Criteria for <REDACTED_ORG>\n\nThe following provide criteria and definitions for <REDACTED_ORG>, developed by organizations whose work is focused around achievement of <REDACTED_ORG> (SDGs).\n\nSDG D'
2025-09-06 20:40:00,198 - INFO - [DEBUG] Indexed chunk 3: page_number=1, content[:200]='2.3 <REDACTED_ORG>\n\nBuilding blocks are software modules that can be deployed and combined in a standardized manner. Each building block is capable of working independently, but they can be combined t'
2025-09-06 20:40:00,775 - INFO - [DEBUG] Creating FAISS vector store with 105 document chunks.
2025-09-06 20:40:00,890 - INFO - Created and saved FAISS vector store at vectorstore/db_faiss
2025-09-06 20:40:00,917 - INFO - Initialized and saved BM25 retriever at bm25_retriever.pkl
2025-09-06 20:40:25,535 - INFO - Loaded generation pipeline for microsoft/Phi-3-mini-128k-instruct (device=0)
2025-09-06 20:40:25,560 - INFO - QA chain setup complete with microsoft/Phi-3-mini-128k-instruct
2025-09-06 20:40:25,560 - INFO - Knowledge base updated successfully
2025-09-06 20:40:25,561 - INFO - Added 75 new documents
2025-09-06 20:40:25,563 - INFO - Detected deleted document: .\temp_4_GovStack_Specs.docx
2025-09-06 20:40:25,564 - ERROR - Error computing hash for .\temp_4_GovStack_Specs.docx: [Errno 2] No such file or directory: '.\\temp_4_GovStack_Specs.docx'
2025-09-06 20:40:26,264 - INFO - Invalidated cache for temp_4_GovStack_Specs.docx
2025-09-06 20:40:26,264 - INFO - Detected deleted document: .\temp_3_Canada_Cybersec_Strategy.pdf
2025-09-06 20:40:26,264 - ERROR - Error computing hash for .\temp_3_Canada_Cybersec_Strategy.pdf: [Errno 2] No such file or directory: '.\\temp_3_Canada_Cybersec_Strategy.pdf'
2025-09-06 20:40:26,278 - INFO - Invalidated cache for temp_3_Canada_Cybersec_Strategy.pdf
2025-09-06 20:40:58,361 - INFO - [DEBUG] Query string: "What specific indicators and targets are outlined in Canada's Cybersecurity Strategy?\n"
2025-09-06 20:40:58,757 - INFO - Deduplicated 7 -> 7 documents
2025-09-06 20:43:32,293 - INFO - [DEBUG] Number of source documents returned for query: 7
2025-09-06 20:43:32,293 - INFO - [DEBUG] Retrieved chunk 1: page_number=10, content[:200]=' 5 of 35  •  NATiONAL CYBER SECURiTY STRATEGYImplementing the Strategy\nRecognizing that the pace of change we see today will only accelerate, this \nStrategy is designed as the mainstay of the Governme'
2025-09-06 20:43:32,295 - INFO - [DEBUG] Retrieved chunk 2: page_number=30, content[:200]=' 25 of 35  •  NATiONAL CYBER SECURiTY STRATEGY\nThe quality of information at our disposal shapes our ability to understand \ncyber trends. The federal government will support Canadian research and stat'
2025-09-06 20:43:32,295 - INFO - [DEBUG] Retrieved chunk 3: page_number=1, content[:200]='National Cyber Security Strategy\n\nCanada’s Vision for Security and Prosperity in the Digital Age\n\n© Her Majesty the Queen in Right of Canada, 2018\n\nCat. No.: PS4-239/2018E ISBN: 978-0-660-26553-7\n\nTab'
2025-09-06 20:44:07,236 - INFO - [DEBUG] UI displaying 5 source documents for this query.
2025-09-06 20:46:43,057 - INFO - [DEBUG] Query string: 'what are the major policies outlined under canada cyberescurity strategy?\n'
2025-09-06 20:46:43,301 - INFO - Deduplicated 6 -> 6 documents
2025-09-06 20:48:54,628 - INFO - [DEBUG] Number of source documents returned for query: 6
2025-09-06 20:48:54,629 - INFO - [DEBUG] Retrieved chunk 1: page_number=10, content[:200]=' 5 of 35  •  NATiONAL CYBER SECURiTY STRATEGYImplementing the Strategy\nRecognizing that the pace of change we see today will only accelerate, this \nStrategy is designed as the mainstay of the Governme'
2025-09-06 20:48:54,629 - INFO - [DEBUG] Retrieved chunk 2: page_number=4, content[:200]='THE HONOURABLE RALPH GOODALE\n\nMinister of Public Safety and Emergency\n\nPreparedness Canada\n\nAmong the new measures introduced:\n\nFunding for the new Canadian Centre for Cyber Security to support\n\nleade'
2025-09-06 20:48:54,629 - INFO - [DEBUG] Retrieved chunk 3: page_number=30, content[:200]=' 25 of 35  •  NATiONAL CYBER SECURiTY STRATEGY\nThe quality of information at our disposal shapes our ability to understand \ncyber trends. The federal government will support Canadian research and stat'
2025-09-06 20:49:22,941 - INFO - [DEBUG] UI displaying 5 source documents for this query.
2025-09-07 13:00:25,779 - INFO - RAG System initialized
2025-09-07 13:00:25,782 - INFO - Loading embedding model...
2025-09-07 13:00:25,787 - INFO - Use pytorch device_name: cuda:0
2025-09-07 13:00:25,787 - INFO - Load pretrained SentenceTransformer: mixedbread-ai/mxbai-embed-large-v1
2025-09-07 13:00:32,106 - INFO - 2 prompts are loaded, with the keys: ['query', 'passage']
2025-09-07 13:00:32,106 - INFO - Loading hallucination detector...
2025-09-07 13:00:32,110 - INFO - Use pytorch device_name: cuda:0
2025-09-07 13:00:32,111 - INFO - Load pretrained SentenceTransformer: all-mpnet-base-v2
2025-09-07 13:00:36,960 - INFO - Loaded hallucination detection model (all-mpnet-base-v2) on cpu
2025-09-07 13:00:36,963 - INFO - Started document watcher for .
2025-09-07 13:00:36,963 - INFO - RAG System fully initialized
2025-09-07 13:01:55,752 - INFO - Detected created document: .\temp_5_CyberPeace_Report.pdf
2025-09-07 13:01:55,753 - INFO - Using sequential document processing
2025-09-07 13:01:55,897 - INFO - Invalidated cache for temp_5_CyberPeace_Report.pdf
2025-09-07 13:01:55,898 - INFO - Detected modified document: .\temp_5_CyberPeace_Report.pdf
2025-09-07 13:02:02,438 - INFO - Successfully processed temp_5_CyberPeace_Report.pdf: 61 elements extracted, 60 pages detected
2025-09-07 13:02:08,952 - INFO - Deduplicated 61 -> 61 documents
2025-09-07 13:02:08,953 - INFO - Deduplicated 61 -> 61 documents
2025-09-07 13:02:08,953 - INFO - [DEBUG] Number of document chunks to index: 61
2025-09-07 13:02:08,954 - INFO - [DEBUG] Indexed chunk 1: page_number=1, content[:200]='<REDACTED_ORG> REPORT\n\nNGOs SERVING HUMANITY AT RISK: CYBER THREATS AFFECTING INTERNATIONAL GENEVA\n\nForeword\n\n5\n\nPART 1\n\n6\n\nIntroduction\n\n6\n\nWhy this <REDACTED_ORG>? From <REDACTED_ORG>\n\n8\n\nPART 2\n\n10'
2025-09-07 13:02:08,954 - INFO - [DEBUG] Indexed chunk 2: page_number=6, content[:200]='Part 1\n\nIntroduction\n\nIn the heart of International <REDACTED_LOCATION>, a diverse ecosystem thrives,\n\nhousing 38 international organizations (IOs), 432 non-governmental\n\norganizations (NGOs), and sev'
2025-09-07 13:02:08,954 - INFO - [DEBUG] Indexed chunk 3: page_number=6, content[:200]='primary actors of their cybersecurity.\n\nThis report builds on technical analysis conducted by our cyber\n\nanalysts and a comprehensive survey with 27 <REDACTED_LOCATION>-based NGOs.\n\n6\n\nThe sample size'
2025-09-07 13:02:09,349 - INFO - [DEBUG] Creating FAISS vector store with 61 document chunks.
2025-09-07 13:02:09,403 - INFO - Loading faiss with AVX2 support.
2025-09-07 13:02:09,507 - INFO - Successfully loaded faiss with AVX2 support.
2025-09-07 13:02:09,517 - INFO - Failed to load GPU Faiss: name 'GpuIndexIVFFlat' is not defined. Will not load constructor refs for GPU indexes. This is only an error if you're trying to use GPU Faiss.
2025-09-07 13:02:09,529 - INFO - Created and saved FAISS vector store at vectorstore/db_faiss
2025-09-07 13:02:09,549 - INFO - Initialized and saved BM25 retriever at bm25_retriever.pkl
2025-09-07 13:02:28,784 - INFO - Loaded generation pipeline for microsoft/Phi-3-mini-128k-instruct (device=0)
2025-09-07 13:02:28,790 - ERROR - Error setting up QA chain: 1 validation error for StuffDocumentsChain
  Value error, document_variable_name context was not found in llm_chain input_variables: ['question'] [type=value_error, input_value={'llm_chain': LLMChain(ve...None, 'callbacks': None}, input_type=dict]
    For further information visit https://errors.pydantic.dev/2.11/v/value_error
2025-09-07 13:02:28,791 - ERROR - Error updating knowledge base: 1 validation error for StuffDocumentsChain
  Value error, document_variable_name context was not found in llm_chain input_variables: ['question'] [type=value_error, input_value={'llm_chain': LLMChain(ve...None, 'callbacks': None}, input_type=dict]
    For further information visit https://errors.pydantic.dev/2.11/v/value_error
2025-09-07 13:02:28,792 - ERROR - Error processing documents: 1 validation error for StuffDocumentsChain
  Value error, document_variable_name context was not found in llm_chain input_variables: ['question'] [type=value_error, input_value={'llm_chain': LLMChain(ve...None, 'callbacks': None}, input_type=dict]
    For further information visit https://errors.pydantic.dev/2.11/v/value_error
2025-09-07 13:02:28,810 - INFO - Detected deleted document: .\temp_5_CyberPeace_Report.pdf
2025-09-07 13:02:28,811 - ERROR - Error computing hash for .\temp_5_CyberPeace_Report.pdf: [Errno 2] No such file or directory: '.\\temp_5_CyberPeace_Report.pdf'
2025-09-07 13:02:29,258 - INFO - Invalidated cache for temp_5_CyberPeace_Report.pdf
2025-09-07 13:02:52,782 - INFO - [DEBUG] UI displaying 0 source documents for this query.
2025-09-07 13:07:12,594 - INFO - RAG System initialized
2025-09-07 13:07:12,596 - INFO - Loading embedding model...
2025-09-07 13:07:12,601 - INFO - Use pytorch device_name: cuda:0
2025-09-07 13:07:12,601 - INFO - Load pretrained SentenceTransformer: mixedbread-ai/mxbai-embed-large-v1
2025-09-07 13:07:19,047 - INFO - 2 prompts are loaded, with the keys: ['query', 'passage']
2025-09-07 13:07:19,047 - INFO - Loading hallucination detector...
2025-09-07 13:07:19,051 - INFO - Use pytorch device_name: cuda:0
2025-09-07 13:07:19,051 - INFO - Load pretrained SentenceTransformer: all-mpnet-base-v2
2025-09-07 13:07:23,743 - INFO - Loaded hallucination detection model (all-mpnet-base-v2) on cpu
2025-09-07 13:07:23,746 - INFO - Started document watcher for .
2025-09-07 13:07:23,746 - INFO - RAG System fully initialized
2025-09-07 13:08:35,980 - INFO - Detected created document: .\temp_5_CyberPeace_Report.pdf
2025-09-07 13:08:35,981 - INFO - Using sequential document processing
2025-09-07 13:08:36,112 - INFO - Invalidated cache for temp_5_CyberPeace_Report.pdf
2025-09-07 13:08:36,113 - INFO - Detected modified document: .\temp_5_CyberPeace_Report.pdf
2025-09-07 13:08:42,445 - INFO - Successfully processed temp_5_CyberPeace_Report.pdf: 61 elements extracted, 60 pages detected
2025-09-07 13:08:48,628 - INFO - Deduplicated 61 -> 61 documents
2025-09-07 13:08:48,629 - INFO - Deduplicated 61 -> 61 documents
2025-09-07 13:08:48,629 - INFO - [DEBUG] Number of document chunks to index: 61
2025-09-07 13:08:48,630 - INFO - [DEBUG] Indexed chunk 1: page_number=1, content[:200]='<REDACTED_ORG> REPORT\n\nNGOs SERVING HUMANITY AT RISK: CYBER THREATS AFFECTING INTERNATIONAL GENEVA\n\nForeword\n\n5\n\nPART 1\n\n6\n\nIntroduction\n\n6\n\nWhy this <REDACTED_ORG>? From <REDACTED_ORG>\n\n8\n\nPART 2\n\n10'
2025-09-07 13:08:48,630 - INFO - [DEBUG] Indexed chunk 2: page_number=6, content[:200]='Part 1\n\nIntroduction\n\nIn the heart of International <REDACTED_LOCATION>, a diverse ecosystem thrives,\n\nhousing 38 international organizations (IOs), 432 non-governmental\n\norganizations (NGOs), and sev'
2025-09-07 13:08:48,630 - INFO - [DEBUG] Indexed chunk 3: page_number=6, content[:200]='primary actors of their cybersecurity.\n\nThis report builds on technical analysis conducted by our cyber\n\nanalysts and a comprehensive survey with 27 <REDACTED_LOCATION>-based NGOs.\n\n6\n\nThe sample size'
2025-09-07 13:08:49,008 - INFO - [DEBUG] Creating FAISS vector store with 61 document chunks.
2025-09-07 13:08:49,056 - INFO - Loading faiss with AVX2 support.
2025-09-07 13:08:49,090 - INFO - Successfully loaded faiss with AVX2 support.
2025-09-07 13:08:49,098 - INFO - Failed to load GPU Faiss: name 'GpuIndexIVFFlat' is not defined. Will not load constructor refs for GPU indexes. This is only an error if you're trying to use GPU Faiss.
2025-09-07 13:08:49,107 - INFO - Created and saved FAISS vector store at vectorstore/db_faiss
2025-09-07 13:08:49,122 - INFO - Initialized and saved BM25 retriever at bm25_retriever.pkl
2025-09-07 13:09:08,824 - INFO - Loaded generation pipeline for microsoft/Phi-3-mini-128k-instruct (device=0)
2025-09-07 13:09:08,828 - ERROR - Error setting up QA chain: 1 validation error for StuffDocumentsChain
  Value error, document_variable_name context was not found in llm_chain input_variables: ['question'] [type=value_error, input_value={'llm_chain': LLMChain(ve...None, 'callbacks': None}, input_type=dict]
    For further information visit https://errors.pydantic.dev/2.11/v/value_error
2025-09-07 13:09:08,829 - ERROR - Error updating knowledge base: 1 validation error for StuffDocumentsChain
  Value error, document_variable_name context was not found in llm_chain input_variables: ['question'] [type=value_error, input_value={'llm_chain': LLMChain(ve...None, 'callbacks': None}, input_type=dict]
    For further information visit https://errors.pydantic.dev/2.11/v/value_error
2025-09-07 13:09:08,829 - ERROR - Error processing documents: 1 validation error for StuffDocumentsChain
  Value error, document_variable_name context was not found in llm_chain input_variables: ['question'] [type=value_error, input_value={'llm_chain': LLMChain(ve...None, 'callbacks': None}, input_type=dict]
    For further information visit https://errors.pydantic.dev/2.11/v/value_error
2025-09-07 13:09:08,836 - INFO - Detected deleted document: .\temp_5_CyberPeace_Report.pdf
2025-09-07 13:09:08,837 - ERROR - Error computing hash for .\temp_5_CyberPeace_Report.pdf: [Errno 2] No such file or directory: '.\\temp_5_CyberPeace_Report.pdf'
2025-09-07 13:09:09,244 - INFO - Invalidated cache for temp_5_CyberPeace_Report.pdf
2025-09-07 13:09:39,477 - INFO - [DEBUG] UI displaying 0 source documents for this query.
2025-09-07 13:11:52,072 - INFO - RAG System initialized
2025-09-07 13:11:52,074 - INFO - Loading embedding model...
2025-09-07 13:11:52,078 - INFO - Use pytorch device_name: cuda:0
2025-09-07 13:11:52,078 - INFO - Load pretrained SentenceTransformer: mixedbread-ai/mxbai-embed-large-v1
2025-09-07 13:11:58,680 - INFO - 2 prompts are loaded, with the keys: ['query', 'passage']
2025-09-07 13:11:58,680 - INFO - Loading hallucination detector...
2025-09-07 13:11:58,685 - INFO - Use pytorch device_name: cuda:0
2025-09-07 13:11:58,685 - INFO - Load pretrained SentenceTransformer: all-mpnet-base-v2
2025-09-07 13:12:03,750 - INFO - Loaded hallucination detection model (all-mpnet-base-v2) on cpu
2025-09-07 13:12:03,753 - INFO - Started document watcher for .
2025-09-07 13:12:03,753 - INFO - RAG System fully initialized
2025-09-07 13:12:47,399 - INFO - Using sequential document processing
2025-09-07 13:12:47,400 - INFO - Detected created document: .\temp_5_CyberPeace_Report.pdf
2025-09-07 13:12:47,531 - INFO - Invalidated cache for temp_5_CyberPeace_Report.pdf
2025-09-07 13:12:47,531 - INFO - Detected modified document: .\temp_5_CyberPeace_Report.pdf
2025-09-07 13:12:53,802 - INFO - Successfully processed temp_5_CyberPeace_Report.pdf: 61 elements extracted, 60 pages detected
2025-09-07 13:13:00,022 - INFO - Deduplicated 61 -> 61 documents
2025-09-07 13:13:00,023 - INFO - Deduplicated 61 -> 61 documents
2025-09-07 13:13:00,024 - INFO - [DEBUG] Number of document chunks to index: 61
2025-09-07 13:13:00,024 - INFO - [DEBUG] Indexed chunk 1: page_number=1, content[:200]='<REDACTED_ORG> REPORT\n\nNGOs SERVING HUMANITY AT RISK: CYBER THREATS AFFECTING INTERNATIONAL GENEVA\n\nForeword\n\n5\n\nPART 1\n\n6\n\nIntroduction\n\n6\n\nWhy this <REDACTED_ORG>? From <REDACTED_ORG>\n\n8\n\nPART 2\n\n10'
2025-09-07 13:13:00,024 - INFO - [DEBUG] Indexed chunk 2: page_number=6, content[:200]='Part 1\n\nIntroduction\n\nIn the heart of International <REDACTED_LOCATION>, a diverse ecosystem thrives,\n\nhousing 38 international organizations (IOs), 432 non-governmental\n\norganizations (NGOs), and sev'
2025-09-07 13:13:00,024 - INFO - [DEBUG] Indexed chunk 3: page_number=6, content[:200]='primary actors of their cybersecurity.\n\nThis report builds on technical analysis conducted by our cyber\n\nanalysts and a comprehensive survey with 27 <REDACTED_LOCATION>-based NGOs.\n\n6\n\nThe sample size'
2025-09-07 13:13:00,413 - INFO - [DEBUG] Creating FAISS vector store with 61 document chunks.
2025-09-07 13:13:00,454 - INFO - Loading faiss with AVX2 support.
2025-09-07 13:13:00,486 - INFO - Successfully loaded faiss with AVX2 support.
2025-09-07 13:13:00,494 - INFO - Failed to load GPU Faiss: name 'GpuIndexIVFFlat' is not defined. Will not load constructor refs for GPU indexes. This is only an error if you're trying to use GPU Faiss.
2025-09-07 13:13:00,504 - INFO - Created and saved FAISS vector store at vectorstore/db_faiss
2025-09-07 13:13:00,519 - INFO - Initialized and saved BM25 retriever at bm25_retriever.pkl
2025-09-07 13:13:19,097 - INFO - Loaded generation pipeline for microsoft/Phi-3-mini-128k-instruct (device=0)
2025-09-07 13:13:19,101 - ERROR - Error setting up QA chain: 1 validation error for StuffDocumentsChain
  Value error, document_variable_name context was not found in llm_chain input_variables: ['question'] [type=value_error, input_value={'llm_chain': LLMChain(ve...None, 'callbacks': None}, input_type=dict]
    For further information visit https://errors.pydantic.dev/2.11/v/value_error
2025-09-07 13:13:19,102 - ERROR - Error updating knowledge base: 1 validation error for StuffDocumentsChain
  Value error, document_variable_name context was not found in llm_chain input_variables: ['question'] [type=value_error, input_value={'llm_chain': LLMChain(ve...None, 'callbacks': None}, input_type=dict]
    For further information visit https://errors.pydantic.dev/2.11/v/value_error
2025-09-07 13:13:19,102 - ERROR - Error processing documents: 1 validation error for StuffDocumentsChain
  Value error, document_variable_name context was not found in llm_chain input_variables: ['question'] [type=value_error, input_value={'llm_chain': LLMChain(ve...None, 'callbacks': None}, input_type=dict]
    For further information visit https://errors.pydantic.dev/2.11/v/value_error
2025-09-07 13:13:19,109 - INFO - Detected deleted document: .\temp_5_CyberPeace_Report.pdf
2025-09-07 13:13:19,111 - ERROR - Error computing hash for .\temp_5_CyberPeace_Report.pdf: [Errno 2] No such file or directory: '.\\temp_5_CyberPeace_Report.pdf'
2025-09-07 13:13:19,502 - INFO - Invalidated cache for temp_5_CyberPeace_Report.pdf
2025-09-07 13:13:36,436 - INFO - [DEBUG] UI displaying 0 source documents for this query.
2025-09-07 13:15:18,287 - INFO - RAG System initialized
2025-09-07 13:15:18,290 - INFO - Loading embedding model...
2025-09-07 13:15:18,295 - INFO - Use pytorch device_name: cuda:0
2025-09-07 13:15:18,296 - INFO - Load pretrained SentenceTransformer: mixedbread-ai/mxbai-embed-large-v1
2025-09-07 13:15:24,538 - INFO - 2 prompts are loaded, with the keys: ['query', 'passage']
2025-09-07 13:15:24,538 - INFO - Loading hallucination detector...
2025-09-07 13:15:24,543 - INFO - Use pytorch device_name: cuda:0
2025-09-07 13:15:24,543 - INFO - Load pretrained SentenceTransformer: all-mpnet-base-v2
2025-09-07 13:15:29,106 - INFO - Loaded hallucination detection model (all-mpnet-base-v2) on cpu
2025-09-07 13:15:29,109 - INFO - Started document watcher for .
2025-09-07 13:15:29,109 - INFO - RAG System fully initialized
2025-09-07 13:16:39,893 - INFO - Using sequential document processing
2025-09-07 13:16:39,893 - INFO - Detected created document: .\temp_5_CyberPeace_Report.pdf
2025-09-07 13:16:40,025 - INFO - Invalidated cache for temp_5_CyberPeace_Report.pdf
2025-09-07 13:16:40,025 - INFO - Detected modified document: .\temp_5_CyberPeace_Report.pdf
2025-09-07 13:16:46,215 - INFO - Successfully processed temp_5_CyberPeace_Report.pdf: 61 elements extracted, 60 pages detected
2025-09-07 13:16:52,449 - INFO - Deduplicated 61 -> 61 documents
2025-09-07 13:16:52,450 - INFO - Deduplicated 61 -> 61 documents
2025-09-07 13:16:52,450 - INFO - [DEBUG] Number of document chunks to index: 61
2025-09-07 13:16:52,451 - INFO - [DEBUG] Indexed chunk 1: page_number=1, content[:200]='<REDACTED_ORG> REPORT\n\nNGOs SERVING HUMANITY AT RISK: CYBER THREATS AFFECTING INTERNATIONAL GENEVA\n\nForeword\n\n5\n\nPART 1\n\n6\n\nIntroduction\n\n6\n\nWhy this <REDACTED_ORG>? From <REDACTED_ORG>\n\n8\n\nPART 2\n\n10'
2025-09-07 13:16:52,451 - INFO - [DEBUG] Indexed chunk 2: page_number=6, content[:200]='Part 1\n\nIntroduction\n\nIn the heart of International <REDACTED_LOCATION>, a diverse ecosystem thrives,\n\nhousing 38 international organizations (IOs), 432 non-governmental\n\norganizations (NGOs), and sev'
2025-09-07 13:16:52,451 - INFO - [DEBUG] Indexed chunk 3: page_number=6, content[:200]='primary actors of their cybersecurity.\n\nThis report builds on technical analysis conducted by our cyber\n\nanalysts and a comprehensive survey with 27 <REDACTED_LOCATION>-based NGOs.\n\n6\n\nThe sample size'
2025-09-07 13:16:52,822 - INFO - [DEBUG] Creating FAISS vector store with 61 document chunks.
2025-09-07 13:16:52,863 - INFO - Loading faiss with AVX2 support.
2025-09-07 13:16:52,894 - INFO - Successfully loaded faiss with AVX2 support.
2025-09-07 13:16:52,903 - INFO - Failed to load GPU Faiss: name 'GpuIndexIVFFlat' is not defined. Will not load constructor refs for GPU indexes. This is only an error if you're trying to use GPU Faiss.
2025-09-07 13:16:52,912 - INFO - Created and saved FAISS vector store at vectorstore/db_faiss
2025-09-07 13:16:52,928 - INFO - Initialized and saved BM25 retriever at bm25_retriever.pkl
2025-09-07 13:17:12,115 - INFO - Loaded generation pipeline for microsoft/Phi-3-mini-128k-instruct (device=0)
2025-09-07 13:17:12,125 - ERROR - Error setting up QA chain: 1 validation error for StuffDocumentsChain
  Value error, document_variable_name context was not found in llm_chain input_variables: ['question'] [type=value_error, input_value={'llm_chain': LLMChain(ve...None, 'callbacks': None}, input_type=dict]
    For further information visit https://errors.pydantic.dev/2.11/v/value_error
2025-09-07 13:17:12,126 - ERROR - Error updating knowledge base: 1 validation error for StuffDocumentsChain
  Value error, document_variable_name context was not found in llm_chain input_variables: ['question'] [type=value_error, input_value={'llm_chain': LLMChain(ve...None, 'callbacks': None}, input_type=dict]
    For further information visit https://errors.pydantic.dev/2.11/v/value_error
2025-09-07 13:17:12,126 - ERROR - Error processing documents: 1 validation error for StuffDocumentsChain
  Value error, document_variable_name context was not found in llm_chain input_variables: ['question'] [type=value_error, input_value={'llm_chain': LLMChain(ve...None, 'callbacks': None}, input_type=dict]
    For further information visit https://errors.pydantic.dev/2.11/v/value_error
2025-09-07 13:17:12,135 - INFO - Detected deleted document: .\temp_5_CyberPeace_Report.pdf
2025-09-07 13:17:12,141 - ERROR - Error computing hash for .\temp_5_CyberPeace_Report.pdf: [Errno 2] No such file or directory: '.\\temp_5_CyberPeace_Report.pdf'
2025-09-07 13:17:12,653 - INFO - Invalidated cache for temp_5_CyberPeace_Report.pdf
2025-09-07 13:31:28,835 - INFO - RAG System initialized
2025-09-07 13:31:28,839 - INFO - Loading embedding model...
2025-09-07 13:31:28,845 - INFO - Use pytorch device_name: cuda:0
2025-09-07 13:31:28,845 - INFO - Load pretrained SentenceTransformer: mixedbread-ai/mxbai-embed-large-v1
2025-09-07 13:31:35,569 - INFO - 2 prompts are loaded, with the keys: ['query', 'passage']
2025-09-07 13:31:35,570 - INFO - Loading hallucination detector...
2025-09-07 13:31:35,573 - INFO - Use pytorch device_name: cuda:0
2025-09-07 13:31:35,574 - INFO - Load pretrained SentenceTransformer: all-mpnet-base-v2
2025-09-07 13:31:39,887 - INFO - Loaded hallucination detection model (all-mpnet-base-v2) on cpu
2025-09-07 13:31:39,889 - INFO - Started document watcher for .
2025-09-07 13:31:39,890 - INFO - RAG System fully initialized
2025-09-07 13:32:22,418 - INFO - Using sequential document processing
2025-09-07 13:32:22,418 - INFO - Detected created document: .\temp_5_CyberPeace_Report.pdf
2025-09-07 13:32:22,603 - INFO - Invalidated cache for temp_5_CyberPeace_Report.pdf
2025-09-07 13:32:22,604 - INFO - Detected modified document: .\temp_5_CyberPeace_Report.pdf
2025-09-07 13:32:29,089 - INFO - Successfully processed temp_5_CyberPeace_Report.pdf: 61 elements extracted, 60 pages detected
2025-09-07 13:32:35,299 - INFO - Deduplicated 61 -> 61 documents
2025-09-07 13:32:35,300 - INFO - Deduplicated 61 -> 61 documents
2025-09-07 13:32:35,300 - INFO - [DEBUG] Number of document chunks to index: 61
2025-09-07 13:32:35,300 - INFO - [DEBUG] Indexed chunk 1: page_number=1, content[:200]='<REDACTED_ORG> REPORT\n\nNGOs SERVING HUMANITY AT RISK: CYBER THREATS AFFECTING INTERNATIONAL GENEVA\n\nForeword\n\n5\n\nPART 1\n\n6\n\nIntroduction\n\n6\n\nWhy this <REDACTED_ORG>? From <REDACTED_ORG>\n\n8\n\nPART 2\n\n10'
2025-09-07 13:32:35,300 - INFO - [DEBUG] Indexed chunk 2: page_number=6, content[:200]='Part 1\n\nIntroduction\n\nIn the heart of International <REDACTED_LOCATION>, a diverse ecosystem thrives,\n\nhousing 38 international organizations (IOs), 432 non-governmental\n\norganizations (NGOs), and sev'
2025-09-07 13:32:35,301 - INFO - [DEBUG] Indexed chunk 3: page_number=6, content[:200]='primary actors of their cybersecurity.\n\nThis report builds on technical analysis conducted by our cyber\n\nanalysts and a comprehensive survey with 27 <REDACTED_LOCATION>-based NGOs.\n\n6\n\nThe sample size'
2025-09-07 13:32:35,684 - INFO - [DEBUG] Creating FAISS vector store with 61 document chunks.
2025-09-07 13:32:35,728 - INFO - Loading faiss with AVX2 support.
2025-09-07 13:32:35,765 - INFO - Successfully loaded faiss with AVX2 support.
2025-09-07 13:32:35,774 - INFO - Failed to load GPU Faiss: name 'GpuIndexIVFFlat' is not defined. Will not load constructor refs for GPU indexes. This is only an error if you're trying to use GPU Faiss.
2025-09-07 13:32:35,787 - INFO - Created and saved FAISS vector store at vectorstore/db_faiss
2025-09-07 13:32:35,803 - INFO - Initialized and saved BM25 retriever at bm25_retriever.pkl
2025-09-07 13:32:55,249 - INFO - Loaded generation pipeline for microsoft/Phi-3-mini-128k-instruct (device=0)
2025-09-07 13:32:55,253 - ERROR - Error setting up QA chain: 1 validation error for StuffDocumentsChain
  Value error, document_variable_name context was not found in llm_chain input_variables: ['question'] [type=value_error, input_value={'llm_chain': LLMChain(ve...None, 'callbacks': None}, input_type=dict]
    For further information visit https://errors.pydantic.dev/2.11/v/value_error
2025-09-07 13:32:55,254 - ERROR - Error updating knowledge base: 1 validation error for StuffDocumentsChain
  Value error, document_variable_name context was not found in llm_chain input_variables: ['question'] [type=value_error, input_value={'llm_chain': LLMChain(ve...None, 'callbacks': None}, input_type=dict]
    For further information visit https://errors.pydantic.dev/2.11/v/value_error
2025-09-07 13:32:55,254 - ERROR - Error processing documents: 1 validation error for StuffDocumentsChain
  Value error, document_variable_name context was not found in llm_chain input_variables: ['question'] [type=value_error, input_value={'llm_chain': LLMChain(ve...None, 'callbacks': None}, input_type=dict]
    For further information visit https://errors.pydantic.dev/2.11/v/value_error
2025-09-07 13:32:55,263 - INFO - Detected deleted document: .\temp_5_CyberPeace_Report.pdf
2025-09-07 13:32:55,265 - ERROR - Error computing hash for .\temp_5_CyberPeace_Report.pdf: [Errno 2] No such file or directory: '.\\temp_5_CyberPeace_Report.pdf'
2025-09-07 13:32:55,660 - INFO - Invalidated cache for temp_5_CyberPeace_Report.pdf
2025-09-07 13:34:58,580 - INFO - RAG System initialized
2025-09-07 13:34:58,582 - INFO - Loading embedding model...
2025-09-07 13:34:58,585 - INFO - Use pytorch device_name: cuda:0
2025-09-07 13:34:58,586 - INFO - Load pretrained SentenceTransformer: mixedbread-ai/mxbai-embed-large-v1
2025-09-07 13:35:04,509 - INFO - 2 prompts are loaded, with the keys: ['query', 'passage']
2025-09-07 13:35:04,509 - INFO - Loading hallucination detector...
2025-09-07 13:35:04,514 - INFO - Use pytorch device_name: cuda:0
2025-09-07 13:35:04,514 - INFO - Load pretrained SentenceTransformer: all-mpnet-base-v2
2025-09-07 13:35:09,058 - INFO - Loaded hallucination detection model (all-mpnet-base-v2) on cpu
2025-09-07 13:35:09,061 - INFO - Started document watcher for .
2025-09-07 13:35:09,061 - INFO - RAG System fully initialized
2025-09-07 13:35:51,401 - INFO - Using sequential document processing
2025-09-07 13:35:51,401 - INFO - Detected created document: .\temp_5_CyberPeace_Report.pdf
2025-09-07 13:35:51,537 - INFO - Invalidated cache for temp_5_CyberPeace_Report.pdf
2025-09-07 13:35:51,537 - INFO - Detected modified document: .\temp_5_CyberPeace_Report.pdf
2025-09-07 13:35:57,704 - INFO - Successfully processed temp_5_CyberPeace_Report.pdf: 61 elements extracted, 60 pages detected
2025-09-07 13:36:03,913 - INFO - Deduplicated 61 -> 61 documents
2025-09-07 13:36:03,913 - INFO - Deduplicated 61 -> 61 documents
2025-09-07 13:36:03,914 - INFO - [DEBUG] Number of document chunks to index: 61
2025-09-07 13:36:03,914 - INFO - [DEBUG] Indexed chunk 1: page_number=1, content[:200]='<REDACTED_ORG> REPORT\n\nNGOs SERVING HUMANITY AT RISK: CYBER THREATS AFFECTING INTERNATIONAL GENEVA\n\nForeword\n\n5\n\nPART 1\n\n6\n\nIntroduction\n\n6\n\nWhy this <REDACTED_ORG>? From <REDACTED_ORG>\n\n8\n\nPART 2\n\n10'
2025-09-07 13:36:03,914 - INFO - [DEBUG] Indexed chunk 2: page_number=6, content[:200]='Part 1\n\nIntroduction\n\nIn the heart of International <REDACTED_LOCATION>, a diverse ecosystem thrives,\n\nhousing 38 international organizations (IOs), 432 non-governmental\n\norganizations (NGOs), and sev'
2025-09-07 13:36:03,915 - INFO - [DEBUG] Indexed chunk 3: page_number=6, content[:200]='primary actors of their cybersecurity.\n\nThis report builds on technical analysis conducted by our cyber\n\nanalysts and a comprehensive survey with 27 <REDACTED_LOCATION>-based NGOs.\n\n6\n\nThe sample size'
2025-09-07 13:36:04,282 - INFO - [DEBUG] Creating FAISS vector store with 61 document chunks.
2025-09-07 13:36:04,324 - INFO - Loading faiss with AVX2 support.
2025-09-07 13:36:04,355 - INFO - Successfully loaded faiss with AVX2 support.
2025-09-07 13:36:04,363 - INFO - Failed to load GPU Faiss: name 'GpuIndexIVFFlat' is not defined. Will not load constructor refs for GPU indexes. This is only an error if you're trying to use GPU Faiss.
2025-09-07 13:36:04,372 - INFO - Created and saved FAISS vector store at vectorstore/db_faiss
2025-09-07 13:36:04,389 - INFO - Initialized and saved BM25 retriever at bm25_retriever.pkl
2025-09-07 13:36:21,361 - INFO - Loaded generation pipeline for microsoft/Phi-3-mini-128k-instruct (device=0)
2025-09-07 13:36:21,363 - INFO - QA chain setup complete with microsoft/Phi-3-mini-128k-instruct
2025-09-07 13:36:21,363 - INFO - Knowledge base updated successfully
2025-09-07 13:36:21,363 - INFO - Added 61 new documents
2025-09-07 13:36:21,364 - INFO - Detected deleted document: .\temp_5_CyberPeace_Report.pdf
2025-09-07 13:36:21,365 - ERROR - Error computing hash for .\temp_5_CyberPeace_Report.pdf: [Errno 2] No such file or directory: '.\\temp_5_CyberPeace_Report.pdf'
2025-09-07 13:36:21,692 - INFO - Invalidated cache for temp_5_CyberPeace_Report.pdf
2025-09-07 13:36:39,934 - INFO - [DEBUG] Query string: 'What are the key lessons learnt from the case studies examined in the report?\n'
2025-09-07 13:36:40,775 - INFO - Deduplicated 6 -> 6 documents
2025-09-07 13:42:20,701 - INFO - Using cached query results for: What are the key lessons learnt from the case stud...
2025-09-07 13:42:20,701 - INFO - Deduplicated 6 -> 6 documents
2025-09-07 13:48:00,266 - ERROR - Error processing query: 1 validation error for Generation
text
  Input should be a valid string [type=string_type, input_value={'question': StringPrompt... considerable level of'}, input_type=dict]
    For further information visit https://errors.pydantic.dev/2.11/v/string_type
2025-09-07 13:48:00,277 - INFO - [DEBUG] UI displaying 0 source documents for this query.
2025-09-07 13:50:01,279 - INFO - RAG System initialized
2025-09-07 13:50:01,282 - INFO - Loading embedding model...
2025-09-07 13:50:01,285 - INFO - Use pytorch device_name: cuda:0
2025-09-07 13:50:01,285 - INFO - Load pretrained SentenceTransformer: mixedbread-ai/mxbai-embed-large-v1
2025-09-07 13:50:07,695 - INFO - 2 prompts are loaded, with the keys: ['query', 'passage']
2025-09-07 13:50:07,696 - INFO - Loading hallucination detector...
2025-09-07 13:50:07,700 - INFO - Use pytorch device_name: cuda:0
2025-09-07 13:50:07,700 - INFO - Load pretrained SentenceTransformer: all-mpnet-base-v2
2025-09-07 13:50:12,297 - INFO - Loaded hallucination detection model (all-mpnet-base-v2) on cpu
2025-09-07 13:50:12,300 - INFO - Started document watcher for .
2025-09-07 13:50:12,300 - INFO - RAG System fully initialized
2025-09-07 13:50:55,845 - INFO - Using sequential document processing
2025-09-07 13:50:55,845 - INFO - Detected created document: .\temp_5_CyberPeace_Report.pdf
2025-09-07 13:50:55,984 - INFO - Invalidated cache for temp_5_CyberPeace_Report.pdf
2025-09-07 13:50:55,984 - INFO - Detected modified document: .\temp_5_CyberPeace_Report.pdf
2025-09-07 13:51:02,553 - INFO - Successfully processed temp_5_CyberPeace_Report.pdf: 61 elements extracted, 60 pages detected
2025-09-07 13:51:08,858 - INFO - Deduplicated 61 -> 61 documents
2025-09-07 13:51:08,859 - INFO - Deduplicated 61 -> 61 documents
2025-09-07 13:51:08,859 - INFO - [DEBUG] Number of document chunks to index: 61
2025-09-07 13:51:08,860 - INFO - [DEBUG] Indexed chunk 1: page_number=1, content[:200]='<REDACTED_ORG> REPORT\n\nNGOs SERVING HUMANITY AT RISK: CYBER THREATS AFFECTING INTERNATIONAL GENEVA\n\nForeword\n\n5\n\nPART 1\n\n6\n\nIntroduction\n\n6\n\nWhy this <REDACTED_ORG>? From <REDACTED_ORG>\n\n8\n\nPART 2\n\n10'
2025-09-07 13:51:08,860 - INFO - [DEBUG] Indexed chunk 2: page_number=6, content[:200]='Part 1\n\nIntroduction\n\nIn the heart of International <REDACTED_LOCATION>, a diverse ecosystem thrives,\n\nhousing 38 international organizations (IOs), 432 non-governmental\n\norganizations (NGOs), and sev'
2025-09-07 13:51:08,860 - INFO - [DEBUG] Indexed chunk 3: page_number=6, content[:200]='primary actors of their cybersecurity.\n\nThis report builds on technical analysis conducted by our cyber\n\nanalysts and a comprehensive survey with 27 <REDACTED_LOCATION>-based NGOs.\n\n6\n\nThe sample size'
2025-09-07 13:51:09,268 - INFO - [DEBUG] Creating FAISS vector store with 61 document chunks.
2025-09-07 13:51:09,311 - INFO - Loading faiss with AVX2 support.
2025-09-07 13:51:09,347 - INFO - Successfully loaded faiss with AVX2 support.
2025-09-07 13:51:09,355 - INFO - Failed to load GPU Faiss: name 'GpuIndexIVFFlat' is not defined. Will not load constructor refs for GPU indexes. This is only an error if you're trying to use GPU Faiss.
2025-09-07 13:51:09,366 - INFO - Created and saved FAISS vector store at vectorstore/db_faiss
2025-09-07 13:51:09,382 - INFO - Initialized and saved BM25 retriever at bm25_retriever.pkl
2025-09-07 13:51:28,963 - INFO - Loaded generation pipeline for microsoft/Phi-3-mini-128k-instruct (device=0)
2025-09-07 13:51:28,965 - INFO - QA chain setup complete with microsoft/Phi-3-mini-128k-instruct
2025-09-07 13:51:28,965 - INFO - Knowledge base updated successfully
2025-09-07 13:51:28,966 - INFO - Added 61 new documents
2025-09-07 13:51:28,967 - INFO - Detected deleted document: .\temp_5_CyberPeace_Report.pdf
2025-09-07 13:51:28,968 - ERROR - Error computing hash for .\temp_5_CyberPeace_Report.pdf: [Errno 2] No such file or directory: '.\\temp_5_CyberPeace_Report.pdf'
2025-09-07 13:51:29,357 - INFO - Invalidated cache for temp_5_CyberPeace_Report.pdf
2025-09-07 13:51:48,376 - INFO - [DEBUG] Query string: 'What are the key lessons learnt from the case studies examined in the report?\n'
2025-09-07 13:51:48,459 - INFO - Deduplicated 6 -> 6 documents
2025-09-07 13:55:54,599 - INFO - Using cached query results for: What are the key lessons learnt from the case stud...
2025-09-07 13:55:54,600 - INFO - Deduplicated 6 -> 6 documents
2025-09-07 14:01:01,778 - ERROR - Error processing query: 1 validation error for Generation
text
  Input should be a valid string [type=string_type, input_value={'question': StringPrompt...site security. The NGO'}, input_type=dict]
    For further information visit https://errors.pydantic.dev/2.11/v/string_type
2025-09-07 14:01:01,789 - INFO - [DEBUG] UI displaying 0 source documents for this query.
2025-09-07 14:02:39,134 - INFO - RAG System initialized
2025-09-07 14:02:39,136 - INFO - Loading embedding model...
2025-09-07 14:02:39,139 - INFO - Use pytorch device_name: cuda:0
2025-09-07 14:02:39,140 - INFO - Load pretrained SentenceTransformer: mixedbread-ai/mxbai-embed-large-v1
2025-09-07 14:02:45,105 - INFO - 2 prompts are loaded, with the keys: ['query', 'passage']
2025-09-07 14:02:45,105 - INFO - Loading hallucination detector...
2025-09-07 14:02:45,110 - INFO - Use pytorch device_name: cuda:0
2025-09-07 14:02:45,111 - INFO - Load pretrained SentenceTransformer: all-mpnet-base-v2
2025-09-07 14:02:49,691 - INFO - Loaded hallucination detection model (all-mpnet-base-v2) on cpu
2025-09-07 14:02:49,694 - INFO - Started document watcher for .
2025-09-07 14:02:49,694 - INFO - RAG System fully initialized
2025-09-07 14:03:35,259 - INFO - Detected created document: .\temp_5_CyberPeace_Report.pdf
2025-09-07 14:03:35,259 - INFO - Using sequential document processing
2025-09-07 14:03:35,396 - INFO - Invalidated cache for temp_5_CyberPeace_Report.pdf
2025-09-07 14:03:35,396 - INFO - Detected modified document: .\temp_5_CyberPeace_Report.pdf
2025-09-07 14:03:42,043 - INFO - Successfully processed temp_5_CyberPeace_Report.pdf: 61 elements extracted, 60 pages detected
2025-09-07 14:03:48,195 - INFO - Deduplicated 61 -> 61 documents
2025-09-07 14:03:48,196 - INFO - Deduplicated 61 -> 61 documents
2025-09-07 14:03:48,196 - INFO - [DEBUG] Number of document chunks to index: 61
2025-09-07 14:03:48,196 - INFO - [DEBUG] Indexed chunk 1: page_number=1, content[:200]='<REDACTED_ORG> REPORT\n\nNGOs SERVING HUMANITY AT RISK: CYBER THREATS AFFECTING INTERNATIONAL GENEVA\n\nForeword\n\n5\n\nPART 1\n\n6\n\nIntroduction\n\n6\n\nWhy this <REDACTED_ORG>? From <REDACTED_ORG>\n\n8\n\nPART 2\n\n10'
2025-09-07 14:03:48,196 - INFO - [DEBUG] Indexed chunk 2: page_number=6, content[:200]='Part 1\n\nIntroduction\n\nIn the heart of International <REDACTED_LOCATION>, a diverse ecosystem thrives,\n\nhousing 38 international organizations (IOs), 432 non-governmental\n\norganizations (NGOs), and sev'
2025-09-07 14:03:48,197 - INFO - [DEBUG] Indexed chunk 3: page_number=6, content[:200]='primary actors of their cybersecurity.\n\nThis report builds on technical analysis conducted by our cyber\n\nanalysts and a comprehensive survey with 27 <REDACTED_LOCATION>-based NGOs.\n\n6\n\nThe sample size'
2025-09-07 14:03:48,588 - INFO - [DEBUG] Creating FAISS vector store with 61 document chunks.
2025-09-07 14:03:48,631 - INFO - Loading faiss with AVX2 support.
2025-09-07 14:03:48,664 - INFO - Successfully loaded faiss with AVX2 support.
2025-09-07 14:03:48,672 - INFO - Failed to load GPU Faiss: name 'GpuIndexIVFFlat' is not defined. Will not load constructor refs for GPU indexes. This is only an error if you're trying to use GPU Faiss.
2025-09-07 14:03:48,683 - INFO - Created and saved FAISS vector store at vectorstore/db_faiss
2025-09-07 14:03:48,700 - INFO - Initialized and saved BM25 retriever at bm25_retriever.pkl
2025-09-07 14:04:08,377 - INFO - Loaded generation pipeline for microsoft/Phi-3-mini-128k-instruct (device=0)
2025-09-07 14:04:08,380 - INFO - QA chain setup complete with microsoft/Phi-3-mini-128k-instruct
2025-09-07 14:04:08,380 - INFO - Knowledge base updated successfully
2025-09-07 14:04:08,380 - INFO - Added 61 new documents
2025-09-07 14:04:08,381 - INFO - Detected deleted document: .\temp_5_CyberPeace_Report.pdf
2025-09-07 14:04:08,382 - ERROR - Error computing hash for .\temp_5_CyberPeace_Report.pdf: [Errno 2] No such file or directory: '.\\temp_5_CyberPeace_Report.pdf'
2025-09-07 14:04:08,801 - INFO - Invalidated cache for temp_5_CyberPeace_Report.pdf
2025-09-07 14:04:39,741 - INFO - [DEBUG] Query string: 'What are the key lessons learnt from the case studies examined in the report?\n'
2025-09-07 14:04:39,750 - ERROR - Error processing query: Missing some input keys: {'query'}
2025-09-07 14:04:39,764 - INFO - [DEBUG] UI displaying 0 source documents for this query.
2025-09-07 14:05:59,552 - INFO - [DEBUG] Query string: 'What are the key lessons learnt from the case studies examined in the report?\n'
2025-09-07 14:05:59,553 - ERROR - Error processing query: Missing some input keys: {'query'}
2025-09-07 14:05:59,561 - INFO - [DEBUG] UI displaying 0 source documents for this query.
2025-09-07 14:06:38,886 - INFO - RAG System initialized
2025-09-07 14:06:38,888 - INFO - Loading embedding model...
2025-09-07 14:06:38,891 - INFO - Use pytorch device_name: cuda:0
2025-09-07 14:06:38,892 - INFO - Load pretrained SentenceTransformer: mixedbread-ai/mxbai-embed-large-v1
2025-09-07 14:06:44,866 - INFO - 2 prompts are loaded, with the keys: ['query', 'passage']
2025-09-07 14:06:44,866 - INFO - Loading hallucination detector...
2025-09-07 14:06:44,870 - INFO - Use pytorch device_name: cuda:0
2025-09-07 14:06:44,870 - INFO - Load pretrained SentenceTransformer: all-mpnet-base-v2
2025-09-07 14:06:49,559 - INFO - Loaded hallucination detection model (all-mpnet-base-v2) on cpu
2025-09-07 14:06:49,561 - INFO - Started document watcher for .
2025-09-07 14:06:49,561 - INFO - RAG System fully initialized
2025-09-07 14:07:40,134 - INFO - Detected created document: .\temp_5_CyberPeace_Report.pdf
2025-09-07 14:07:40,136 - INFO - Using sequential document processing
2025-09-07 14:07:40,287 - INFO - Invalidated cache for temp_5_CyberPeace_Report.pdf
2025-09-07 14:07:40,288 - INFO - Detected modified document: .\temp_5_CyberPeace_Report.pdf
2025-09-07 14:07:46,963 - INFO - Successfully processed temp_5_CyberPeace_Report.pdf: 61 elements extracted, 60 pages detected
2025-09-07 14:07:53,454 - INFO - Deduplicated 61 -> 61 documents
2025-09-07 14:07:53,455 - INFO - Deduplicated 61 -> 61 documents
2025-09-07 14:07:53,455 - INFO - [DEBUG] Number of document chunks to index: 61
2025-09-07 14:07:53,455 - INFO - [DEBUG] Indexed chunk 1: page_number=1, content[:200]='<REDACTED_ORG> REPORT\n\nNGOs SERVING HUMANITY AT RISK: CYBER THREATS AFFECTING INTERNATIONAL GENEVA\n\nForeword\n\n5\n\nPART 1\n\n6\n\nIntroduction\n\n6\n\nWhy this <REDACTED_ORG>? From <REDACTED_ORG>\n\n8\n\nPART 2\n\n10'
2025-09-07 14:07:53,455 - INFO - [DEBUG] Indexed chunk 2: page_number=6, content[:200]='Part 1\n\nIntroduction\n\nIn the heart of International <REDACTED_LOCATION>, a diverse ecosystem thrives,\n\nhousing 38 international organizations (IOs), 432 non-governmental\n\norganizations (NGOs), and sev'
2025-09-07 14:07:53,456 - INFO - [DEBUG] Indexed chunk 3: page_number=6, content[:200]='primary actors of their cybersecurity.\n\nThis report builds on technical analysis conducted by our cyber\n\nanalysts and a comprehensive survey with 27 <REDACTED_LOCATION>-based NGOs.\n\n6\n\nThe sample size'
2025-09-07 14:07:53,846 - INFO - [DEBUG] Creating FAISS vector store with 61 document chunks.
2025-09-07 14:07:53,888 - INFO - Loading faiss with AVX2 support.
2025-09-07 14:07:53,923 - INFO - Successfully loaded faiss with AVX2 support.
2025-09-07 14:07:53,933 - INFO - Failed to load GPU Faiss: name 'GpuIndexIVFFlat' is not defined. Will not load constructor refs for GPU indexes. This is only an error if you're trying to use GPU Faiss.
2025-09-07 14:07:53,951 - INFO - Created and saved FAISS vector store at vectorstore/db_faiss
2025-09-07 14:07:53,970 - INFO - Initialized and saved BM25 retriever at bm25_retriever.pkl
2025-09-07 14:08:13,222 - INFO - Loaded generation pipeline for microsoft/Phi-3-mini-128k-instruct (device=0)
2025-09-07 14:08:13,224 - INFO - QA chain setup complete with microsoft/Phi-3-mini-128k-instruct
2025-09-07 14:08:13,224 - INFO - Knowledge base updated successfully
2025-09-07 14:08:13,225 - INFO - Added 61 new documents
2025-09-07 14:08:13,226 - INFO - Detected deleted document: .\temp_5_CyberPeace_Report.pdf
2025-09-07 14:08:13,227 - ERROR - Error computing hash for .\temp_5_CyberPeace_Report.pdf: [Errno 2] No such file or directory: '.\\temp_5_CyberPeace_Report.pdf'
2025-09-07 14:08:13,644 - INFO - Invalidated cache for temp_5_CyberPeace_Report.pdf
2025-09-07 14:08:28,856 - INFO - [DEBUG] Query string: 'What are the key lessons learnt from the case studies examined in the report?\n'
2025-09-07 14:08:28,927 - INFO - Deduplicated 6 -> 6 documents
2025-09-07 14:13:36,378 - INFO - Using cached query results for: What are the key lessons learnt from the case stud...
2025-09-07 14:13:36,379 - INFO - Deduplicated 6 -> 6 documents
2025-09-07 14:18:42,884 - ERROR - Error processing query: 1 validation error for Generation
text
  Input should be a valid string [type=string_type, input_value={'question': StringPrompt...asis.\\n\\nThe attacks'}, input_type=dict]
    For further information visit https://errors.pydantic.dev/2.11/v/string_type
2025-09-07 14:18:42,894 - INFO - [DEBUG] UI displaying 0 source documents for this query.
2025-09-07 14:21:49,241 - INFO - RAG System initialized
2025-09-07 14:21:49,244 - INFO - Loading embedding model...
2025-09-07 14:21:49,248 - INFO - Use pytorch device_name: cuda:0
2025-09-07 14:21:49,248 - INFO - Load pretrained SentenceTransformer: mixedbread-ai/mxbai-embed-large-v1
2025-09-07 14:21:55,990 - INFO - 2 prompts are loaded, with the keys: ['query', 'passage']
2025-09-07 14:21:55,990 - INFO - Loading hallucination detector...
2025-09-07 14:21:55,994 - INFO - Use pytorch device_name: cuda:0
2025-09-07 14:21:55,994 - INFO - Load pretrained SentenceTransformer: all-mpnet-base-v2
2025-09-07 14:22:00,289 - INFO - Loaded hallucination detection model (all-mpnet-base-v2) on cpu
2025-09-07 14:22:00,291 - INFO - Started document watcher for .
2025-09-07 14:22:00,291 - INFO - RAG System fully initialized
2025-09-07 14:22:52,121 - INFO - Detected created document: .\temp_4_GovStack_Specs.docx
2025-09-07 14:22:52,121 - INFO - Using sequential document processing
2025-09-07 14:22:52,142 - INFO - Invalidated cache for temp_4_GovStack_Specs.docx
2025-09-07 14:22:52,142 - INFO - Detected modified document: .\temp_4_GovStack_Specs.docx
2025-09-07 14:22:53,780 - INFO - Successfully processed DOCX temp_4_GovStack_Specs.docx: 32 elements extracted
2025-09-07 14:22:56,774 - INFO - Deduplicated 32 -> 32 documents
2025-09-07 14:22:56,775 - INFO - Deduplicated 32 -> 32 documents
2025-09-07 14:22:56,775 - INFO - [DEBUG] Number of document chunks to index: 32
2025-09-07 14:22:56,775 - INFO - [DEBUG] Indexed chunk 1: page_number=1, content[:200]='Source: <REDACTED_ORG> | 23Q4 | <REDACTED_ORG> Specification (gitbook.io)\n\nAbout Building Blocks\n\nBuilding blocks (BBs) are software modules that can be deployed and combined in a standardized manner.'
2025-09-07 14:22:56,776 - INFO - [DEBUG] Indexed chunk 2: page_number=1, content[:200]='2.2 Criteria for <REDACTED_ORG>\n\nThe following provide criteria and definitions for <REDACTED_ORG>, developed by organizations whose work is focused around achievement of <REDACTED_ORG> (SDGs).\n\nSDG D'
2025-09-07 14:22:56,776 - INFO - [DEBUG] Indexed chunk 3: page_number=1, content[:200]='2.3 <REDACTED_ORG>\n\nBuilding blocks are software modules that can be deployed and combined in a standardized manner. Each building block is capable of working independently, but they can be combined t'
2025-09-07 14:22:56,989 - INFO - [DEBUG] Creating FAISS vector store with 32 document chunks.
2025-09-07 14:22:57,014 - INFO - Loading faiss with AVX2 support.
2025-09-07 14:22:57,052 - INFO - Successfully loaded faiss with AVX2 support.
2025-09-07 14:22:57,060 - INFO - Failed to load GPU Faiss: name 'GpuIndexIVFFlat' is not defined. Will not load constructor refs for GPU indexes. This is only an error if you're trying to use GPU Faiss.
2025-09-07 14:22:57,066 - INFO - Created and saved FAISS vector store at vectorstore/db_faiss
2025-09-07 14:22:57,077 - INFO - Initialized and saved BM25 retriever at bm25_retriever.pkl
2025-09-07 14:23:17,136 - INFO - Loaded generation pipeline for microsoft/Phi-3-mini-128k-instruct (device=0)
2025-09-07 14:23:17,140 - ERROR - Error setting up QA chain: 1 validation error for StuffDocumentsChain
  Value error, document_variable_name context was not found in llm_chain input_variables: ['question'] [type=value_error, input_value={'llm_chain': LLMChain(ve...None, 'callbacks': None}, input_type=dict]
    For further information visit https://errors.pydantic.dev/2.11/v/value_error
2025-09-07 14:23:17,141 - ERROR - Error updating knowledge base: 1 validation error for StuffDocumentsChain
  Value error, document_variable_name context was not found in llm_chain input_variables: ['question'] [type=value_error, input_value={'llm_chain': LLMChain(ve...None, 'callbacks': None}, input_type=dict]
    For further information visit https://errors.pydantic.dev/2.11/v/value_error
2025-09-07 14:23:17,141 - ERROR - Error processing documents: 1 validation error for StuffDocumentsChain
  Value error, document_variable_name context was not found in llm_chain input_variables: ['question'] [type=value_error, input_value={'llm_chain': LLMChain(ve...None, 'callbacks': None}, input_type=dict]
    For further information visit https://errors.pydantic.dev/2.11/v/value_error
2025-09-07 14:23:17,149 - INFO - Detected deleted document: .\temp_4_GovStack_Specs.docx
2025-09-07 14:23:17,150 - ERROR - Error computing hash for .\temp_4_GovStack_Specs.docx: [Errno 2] No such file or directory: '.\\temp_4_GovStack_Specs.docx'
2025-09-07 14:23:17,560 - INFO - Invalidated cache for temp_4_GovStack_Specs.docx
2025-09-07 14:23:44,317 - INFO - [DEBUG] UI displaying 0 source documents for this query.
2025-09-07 15:13:28,382 - INFO - RAG System initialized
2025-09-07 15:13:28,386 - INFO - Loading embedding model...
2025-09-07 15:13:28,392 - INFO - Use pytorch device_name: cuda:0
2025-09-07 15:13:28,392 - INFO - Load pretrained SentenceTransformer: mixedbread-ai/mxbai-embed-large-v1
2025-09-07 15:13:36,689 - INFO - 2 prompts are loaded, with the keys: ['query', 'passage']
2025-09-07 15:13:36,690 - INFO - Loading hallucination detector...
2025-09-07 15:13:36,696 - INFO - Use pytorch device_name: cuda:0
2025-09-07 15:13:36,696 - INFO - Load pretrained SentenceTransformer: all-mpnet-base-v2
2025-09-07 15:13:42,460 - INFO - Loaded hallucination detection model (all-mpnet-base-v2) on cpu
2025-09-07 15:13:42,465 - INFO - Started document watcher for .
2025-09-07 15:13:42,466 - INFO - RAG System fully initialized
2025-09-07 15:14:54,486 - INFO - Detected created document: .\temp_5_CyberPeace_Report.pdf
2025-09-07 15:14:54,486 - INFO - Using sequential document processing
2025-09-07 15:14:54,649 - INFO - Invalidated cache for temp_5_CyberPeace_Report.pdf
2025-09-07 15:14:54,649 - INFO - Detected modified document: .\temp_5_CyberPeace_Report.pdf
2025-09-07 15:15:03,497 - INFO - Successfully processed temp_5_CyberPeace_Report.pdf: 61 elements extracted, 60 pages detected
2025-09-07 15:15:11,964 - INFO - Deduplicated 61 -> 61 documents
2025-09-07 15:15:11,966 - INFO - Deduplicated 61 -> 61 documents
2025-09-07 15:15:11,966 - INFO - [DEBUG] Number of document chunks to index: 61
2025-09-07 15:15:11,966 - INFO - [DEBUG] Indexed chunk 1: page_number=1, content[:200]='<REDACTED_ORG> REPORT\n\nNGOs SERVING HUMANITY AT RISK: CYBER THREATS AFFECTING INTERNATIONAL GENEVA\n\nForeword\n\n5\n\nPART 1\n\n6\n\nIntroduction\n\n6\n\nWhy this <REDACTED_ORG>? From <REDACTED_ORG>\n\n8\n\nPART 2\n\n10'
2025-09-07 15:15:11,967 - INFO - [DEBUG] Indexed chunk 2: page_number=6, content[:200]='Part 1\n\nIntroduction\n\nIn the heart of International <REDACTED_LOCATION>, a diverse ecosystem thrives,\n\nhousing 38 international organizations (IOs), 432 non-governmental\n\norganizations (NGOs), and sev'
2025-09-07 15:15:11,967 - INFO - [DEBUG] Indexed chunk 3: page_number=6, content[:200]='primary actors of their cybersecurity.\n\nThis report builds on technical analysis conducted by our cyber\n\nanalysts and a comprehensive survey with 27 <REDACTED_LOCATION>-based NGOs.\n\n6\n\nThe sample size'
2025-09-07 15:15:12,491 - INFO - [DEBUG] Creating FAISS vector store with 61 document chunks.
2025-09-07 15:15:12,543 - INFO - Loading faiss with AVX2 support.
2025-09-07 15:15:12,647 - INFO - Successfully loaded faiss with AVX2 support.
2025-09-07 15:15:12,659 - INFO - Failed to load GPU Faiss: name 'GpuIndexIVFFlat' is not defined. Will not load constructor refs for GPU indexes. This is only an error if you're trying to use GPU Faiss.
2025-09-07 15:15:12,675 - INFO - Created and saved FAISS vector store at vectorstore/db_faiss
2025-09-07 15:15:12,700 - INFO - Initialized and saved BM25 retriever at bm25_retriever.pkl
2025-09-07 15:15:45,654 - INFO - Loaded generation pipeline for microsoft/Phi-3-mini-128k-instruct (device=0)
2025-09-07 15:15:45,688 - INFO - QA chain setup complete with microsoft/Phi-3-mini-128k-instruct
2025-09-07 15:15:45,688 - INFO - Knowledge base updated successfully
2025-09-07 15:15:45,689 - INFO - Added 61 new documents
2025-09-07 15:15:45,707 - INFO - Detected deleted document: .\temp_5_CyberPeace_Report.pdf
2025-09-07 15:15:45,721 - ERROR - Error computing hash for .\temp_5_CyberPeace_Report.pdf: [Errno 2] No such file or directory: '.\\temp_5_CyberPeace_Report.pdf'
2025-09-07 15:15:46,980 - INFO - Invalidated cache for temp_5_CyberPeace_Report.pdf
2025-09-07 15:16:37,351 - INFO - [DEBUG] Query string: 'What are the key lessons learnt from the case studies examined in the report?\n'
2025-09-07 15:16:37,621 - INFO - Deduplicated 6 -> 6 documents
2025-09-07 15:20:43,606 - INFO - [DEBUG] Number of source documents returned for query: 6
2025-09-07 15:20:43,607 - INFO - [DEBUG] Retrieved chunk 1: page_number=21, content[:200]='spyware, Man-in-the-Middle (MITM) and brute-force attacks.\n\nOf those that had experienced cyber incidents, 100% reported that\n\nthese attacks were not isolated events, with some experiencing\n\ncybersecu'
2025-09-07 15:20:43,607 - INFO - [DEBUG] Retrieved chunk 2: page_number=38, content[:200]="iv. Cybersecurity awareness: The\n\nincident highlighted the\n\norganization's vulnerability to cyberattacks, prompting them to\n\ntake cybersecurity more seriously. They made the decision to invest\n\nin cyb"
2025-09-07 15:20:43,607 - INFO - [DEBUG] Retrieved chunk 3: page_number=42, content[:200]="efficiency and effectiveness of the organization's day-to-day activities.\n\nFurthermore, the attack disabled a contact form which hindered\n\ninteractions with possible collaborators, potentially and tem"
2025-09-07 15:21:13,209 - INFO - [DEBUG] UI displaying 5 source documents for this query.
2025-09-07 15:29:14,729 - INFO - RAG System initialized
2025-09-07 15:29:14,733 - INFO - Loading embedding model...
2025-09-07 15:29:14,738 - INFO - Use pytorch device_name: cuda:0
2025-09-07 15:29:14,738 - INFO - Load pretrained SentenceTransformer: mixedbread-ai/mxbai-embed-large-v1
2025-09-07 15:29:21,193 - INFO - 2 prompts are loaded, with the keys: ['query', 'passage']
2025-09-07 15:29:21,193 - INFO - Loading hallucination detector...
2025-09-07 15:29:21,200 - INFO - Use pytorch device_name: cuda:0
2025-09-07 15:29:21,201 - INFO - Load pretrained SentenceTransformer: all-mpnet-base-v2
2025-09-07 15:29:26,524 - INFO - Loaded hallucination detection model (all-mpnet-base-v2) on cpu
2025-09-07 15:29:26,526 - INFO - Started document watcher for .
2025-09-07 15:29:26,527 - INFO - RAG System fully initialized
2025-09-07 15:30:17,286 - INFO - Using sequential document processing
2025-09-07 15:30:17,287 - INFO - Detected created document: .\temp_5_CyberPeace_Report.pdf
2025-09-07 15:30:17,421 - INFO - Invalidated cache for temp_5_CyberPeace_Report.pdf
2025-09-07 15:30:17,422 - INFO - Detected modified document: .\temp_5_CyberPeace_Report.pdf
2025-09-07 15:30:23,784 - INFO - Successfully processed temp_5_CyberPeace_Report.pdf: 61 elements extracted, 60 pages detected
2025-09-07 15:30:29,986 - INFO - Deduplicated 61 -> 61 documents
2025-09-07 15:30:29,987 - INFO - Deduplicated 61 -> 61 documents
2025-09-07 15:30:29,987 - INFO - [DEBUG] Number of document chunks to index: 61
2025-09-07 15:30:29,988 - INFO - [DEBUG] Indexed chunk 1: page_number=1, content[:200]='<REDACTED_ORG> REPORT\n\nNGOs SERVING HUMANITY AT RISK: CYBER THREATS AFFECTING INTERNATIONAL GENEVA\n\nForeword\n\n5\n\nPART 1\n\n6\n\nIntroduction\n\n6\n\nWhy this <REDACTED_ORG>? From <REDACTED_ORG>\n\n8\n\nPART 2\n\n10'
2025-09-07 15:30:29,988 - INFO - [DEBUG] Indexed chunk 2: page_number=6, content[:200]='Part 1\n\nIntroduction\n\nIn the heart of International <REDACTED_LOCATION>, a diverse ecosystem thrives,\n\nhousing 38 international organizations (IOs), 432 non-governmental\n\norganizations (NGOs), and sev'
2025-09-07 15:30:29,988 - INFO - [DEBUG] Indexed chunk 3: page_number=6, content[:200]='primary actors of their cybersecurity.\n\nThis report builds on technical analysis conducted by our cyber\n\nanalysts and a comprehensive survey with 27 <REDACTED_LOCATION>-based NGOs.\n\n6\n\nThe sample size'
2025-09-07 15:30:30,381 - INFO - [DEBUG] Creating FAISS vector store with 61 document chunks.
2025-09-07 15:30:30,427 - INFO - Loading faiss with AVX2 support.
2025-09-07 15:30:30,495 - INFO - Successfully loaded faiss with AVX2 support.
2025-09-07 15:30:30,503 - INFO - Failed to load GPU Faiss: name 'GpuIndexIVFFlat' is not defined. Will not load constructor refs for GPU indexes. This is only an error if you're trying to use GPU Faiss.
2025-09-07 15:30:30,515 - INFO - Created and saved FAISS vector store at vectorstore/db_faiss
2025-09-07 15:30:30,531 - INFO - Initialized and saved BM25 retriever at bm25_retriever.pkl
2025-09-07 15:30:50,209 - INFO - Loaded generation pipeline for microsoft/Phi-3-mini-128k-instruct (device=0)
2025-09-07 15:30:50,212 - INFO - QA chain setup complete with microsoft/Phi-3-mini-128k-instruct
2025-09-07 15:30:50,212 - INFO - Knowledge base updated successfully
2025-09-07 15:30:50,213 - INFO - Added 61 new documents
2025-09-07 15:30:50,214 - INFO - Detected deleted document: .\temp_5_CyberPeace_Report.pdf
2025-09-07 15:30:50,215 - ERROR - Error computing hash for .\temp_5_CyberPeace_Report.pdf: [Errno 2] No such file or directory: '.\\temp_5_CyberPeace_Report.pdf'
2025-09-07 15:30:50,626 - INFO - Invalidated cache for temp_5_CyberPeace_Report.pdf
2025-09-07 15:31:08,199 - INFO - [DEBUG] Query string: 'What are the key lessons learnt from the case studies examined in the report?\n'
2025-09-07 15:31:08,272 - INFO - Deduplicated 6 -> 6 documents
2025-09-07 15:35:15,618 - INFO - [DEBUG] Number of source documents returned for query: 6
2025-09-07 15:35:15,619 - INFO - [DEBUG] Retrieved chunk 1: page_number=21, content[:200]='spyware, Man-in-the-Middle (MITM) and brute-force attacks.\n\nOf those that had experienced cyber incidents, 100% reported that\n\nthese attacks were not isolated events, with some experiencing\n\ncybersecu'
2025-09-07 15:35:15,619 - INFO - [DEBUG] Retrieved chunk 2: page_number=38, content[:200]="iv. Cybersecurity awareness: The\n\nincident highlighted the\n\norganization's vulnerability to cyberattacks, prompting them to\n\ntake cybersecurity more seriously. They made the decision to invest\n\nin cyb"
2025-09-07 15:35:15,619 - INFO - [DEBUG] Retrieved chunk 3: page_number=42, content[:200]="efficiency and effectiveness of the organization's day-to-day activities.\n\nFurthermore, the attack disabled a contact form which hindered\n\ninteractions with possible collaborators, potentially and tem"
2025-09-07 15:35:44,569 - INFO - [DEBUG] UI displaying 5 source documents for this query.
2025-09-07 15:38:31,369 - INFO - [DEBUG] Query string: 'Can the Conference of the Parties of the WHO FCTC assist countries in securing financial resources for implementation?\n'
2025-09-07 15:38:31,383 - INFO - Deduplicated 2 -> 2 documents
2025-09-07 15:39:07,648 - INFO - [DEBUG] Number of source documents returned for query: 2
2025-09-07 15:39:07,648 - INFO - [DEBUG] Retrieved chunk 1: page_number=4, content[:200]='In a world in crisis, protecting NGOs is an emergency.'
2025-09-07 15:39:07,648 - INFO - [DEBUG] Retrieved chunk 2: page_number=24, content[:200]='relationship between organization size and technical capability.\n\nHowever, one organization within the medium-sized enterprise\n\ncategory, which the <REDACTED_ORG> defines as having between 50 and 249\n'
2025-09-07 15:39:12,854 - INFO - [DEBUG] UI displaying 2 source documents for this query.
2025-09-09 17:23:34,443 - INFO - RAG System initialized
2025-09-09 17:23:34,446 - INFO - Loading embedding model...
2025-09-09 17:23:34,452 - INFO - Use pytorch device_name: cuda:0
2025-09-09 17:23:34,452 - INFO - Load pretrained SentenceTransformer: mixedbread-ai/mxbai-embed-large-v1
2025-09-09 17:23:40,206 - INFO - 2 prompts are loaded, with the keys: ['query', 'passage']
2025-09-09 17:23:40,206 - INFO - Loading hallucination detector...
2025-09-09 17:23:40,211 - INFO - Use pytorch device_name: cuda:0
2025-09-09 17:23:40,211 - INFO - Load pretrained SentenceTransformer: all-mpnet-base-v2
2025-09-09 17:23:45,272 - INFO - Loaded hallucination detection model (all-mpnet-base-v2) on cpu
2025-09-09 17:23:45,276 - INFO - Started document watcher for .
2025-09-09 17:23:45,276 - INFO - RAG System fully initialized
2025-09-09 17:24:43,965 - INFO - Detected created document: .\temp_3_Canada_Cybersec_Strategy.pdf
2025-09-09 17:24:43,965 - INFO - Using sequential document processing
2025-09-09 17:24:44,048 - INFO - Invalidated cache for temp_3_Canada_Cybersec_Strategy.pdf
2025-09-09 17:24:44,048 - INFO - Detected modified document: .\temp_3_Canada_Cybersec_Strategy.pdf
2025-09-09 17:24:45,831 - WARNING - Cannot set gray stroke color because /'P0' is an invalid float value
2025-09-09 17:24:46,466 - WARNING - Cannot set gray stroke color because /'P0' is an invalid float value
2025-09-09 17:24:46,681 - WARNING - Cannot set gray stroke color because /'P0' is an invalid float value
2025-09-09 17:24:46,791 - WARNING - Cannot set gray stroke color because /'P0' is an invalid float value
2025-09-09 17:24:46,863 - WARNING - Cannot set gray stroke color because /'P0' is an invalid float value
2025-09-09 17:24:47,005 - WARNING - Cannot set gray stroke color because /'P0' is an invalid float value
2025-09-09 17:24:47,034 - WARNING - Cannot set gray stroke color because /'P0' is an invalid float value
2025-09-09 17:24:47,650 - WARNING - Cannot set gray stroke color because /'P0' is an invalid float value
2025-09-09 17:24:47,733 - WARNING - Cannot set gray stroke color because /'P0' is an invalid float value
2025-09-09 17:24:48,522 - INFO - Successfully processed temp_3_Canada_Cybersec_Strategy.pdf: 43 elements extracted, 40 pages detected
2025-09-09 17:24:52,744 - INFO - Deduplicated 43 -> 43 documents
2025-09-09 17:24:52,744 - INFO - Deduplicated 43 -> 43 documents
2025-09-09 17:24:52,745 - INFO - [DEBUG] Number of document chunks to index: 43
2025-09-09 17:24:52,745 - INFO - [DEBUG] Indexed chunk 1: page_number=1, content[:200]='<REDACTED_ORG> <REDACTED_ORG> in the Digital Age\n\n© Her Majesty the Queen in Right of <REDACTED_LOCATION>, 2018\n\nCat. No.: PS4-239/2018E ISBN: <REDACTED_CREDIT_CARD>\n\nTable of Contents\n\nExecutive Summ'
2025-09-09 17:24:52,745 - INFO - [DEBUG] Indexed chunk 2: page_number=3, content[:200]='i of iii • NATiONAL CYBER SECURiTY STRATEGY\n\n<REDACTED_ORG> everything Canadians do is touched by technology in some way\n\n– on a per capita basis, we spend the most time online of any country in\n\nthe '
2025-09-09 17:24:52,745 - INFO - [DEBUG] Indexed chunk 3: page_number=4, content[:200]='THE HONOURABLE RALPH GOODALE\n\nMinister of Public Safety and Emergency\n\nPreparedness <REDACTED_LOCATION>\n\nAmong the new measures introduced:\n\nFunding for the new <REDACTED_ORG> for Cyber Security to su'
2025-09-09 17:24:53,051 - INFO - [DEBUG] Creating FAISS vector store with 43 document chunks.
2025-09-09 17:24:53,098 - INFO - Loading faiss with AVX2 support.
2025-09-09 17:24:53,194 - INFO - Successfully loaded faiss with AVX2 support.
2025-09-09 17:24:53,205 - INFO - Failed to load GPU Faiss: name 'GpuIndexIVFFlat' is not defined. Will not load constructor refs for GPU indexes. This is only an error if you're trying to use GPU Faiss.
2025-09-09 17:24:53,216 - INFO - Created and saved FAISS vector store at vectorstore/db_faiss
2025-09-09 17:24:53,230 - INFO - Initialized and saved BM25 retriever at bm25_retriever.pkl
2025-09-09 17:25:14,602 - INFO - Loaded generation pipeline for microsoft/Phi-3-mini-128k-instruct (device=0)
2025-09-09 17:25:14,621 - INFO - QA chain setup complete with microsoft/Phi-3-mini-128k-instruct
2025-09-09 17:25:14,621 - INFO - Knowledge base updated successfully
2025-09-09 17:25:14,622 - INFO - Added 43 new documents
2025-09-09 17:25:14,638 - INFO - Detected deleted document: .\temp_3_Canada_Cybersec_Strategy.pdf
2025-09-09 17:25:14,648 - ERROR - Error computing hash for .\temp_3_Canada_Cybersec_Strategy.pdf: [Errno 2] No such file or directory: '.\\temp_3_Canada_Cybersec_Strategy.pdf'
2025-09-09 17:25:15,726 - INFO - Invalidated cache for temp_3_Canada_Cybersec_Strategy.pdf
2025-09-09 17:25:59,800 - INFO - [DEBUG] Query string: 'What measures is the government of Canada taking in response to data security challenges posed by the emergence of novel technologies?\n'
2025-09-09 17:26:00,057 - INFO - Deduplicated 11 -> 11 documents
2025-09-09 17:33:09,086 - INFO - [DEBUG] Number of source documents returned for query: 11
2025-09-09 17:33:09,086 - INFO - [DEBUG] Retrieved chunk 1: page_number=27, content[:200]='use of digital technology.\n\nAs the cyber security environment continues to evolve, there is a constant\n\nneed for reliable and up-to-date information. Canadian statistics and\n\nresearch in the area of c'
2025-09-09 17:33:09,087 - INFO - [DEBUG] Retrieved chunk 2: page_number=29, content[:200]='24 of 35 • NATiONAL CYBER SECURiTY STRATEGY\n\nCyber Security Strategy Goals\n\nThe quality of information at our disposal shapes our ability to understand\n\ncyber trends. The federal government will suppo'
2025-09-09 17:33:09,087 - INFO - [DEBUG] Retrieved chunk 3: page_number=13, content[:200]='through the email attachment and restores\n\nthe backup, which allows her to access all\n\nher documents.\n\nOur Response\n\nThis new <REDACTED_ORG> reflects the perspectives from <REDACTED_ORG>. It also reco'
2025-09-09 17:33:57,725 - INFO - [DEBUG] UI displaying 5 source documents for this query.
2025-09-09 17:39:33,241 - INFO - [DEBUG] Query string: 'what are some of the major cyber security policies outlined in the report\n'
2025-09-09 17:39:33,389 - INFO - Deduplicated 11 -> 11 documents
2025-09-09 17:44:48,416 - INFO - [DEBUG] Number of source documents returned for query: 11
2025-09-09 17:44:48,417 - INFO - [DEBUG] Retrieved chunk 1: page_number=16, content[:200]=' 11 of 35  •  NATiONAL CYBER SECURiTY STRATEGYThere are calls for strong federal leadership on cyber security: \n<REDACTED_ORG> partners want a reliable focal point of federal government \nleadership on'
2025-09-09 17:44:48,417 - INFO - [DEBUG] Retrieved chunk 2: page_number=23, content[:200]=' 18 of 35  •  NATiONAL <REDACTED_ORG>\n<REDACTED_ORG>\nSome cyber systems — such as electricity grids, communications networks, \nor financial institutions — are so important that any disruption could ha'
2025-09-09 17:44:48,417 - INFO - [DEBUG] Retrieved chunk 3: page_number=3, content[:200]='i of iii • NATiONAL CYBER SECURiTY STRATEGY\n\n<REDACTED_ORG> everything Canadians do is touched by technology in some way\n\n– on a per capita basis, we spend the most time online of any country in\n\nthe '
2025-09-09 17:45:20,165 - INFO - [DEBUG] UI displaying 5 source documents for this query.
2025-09-09 17:50:43,455 - INFO - RAG System initialized
2025-09-09 17:50:43,459 - INFO - Loading embedding model...
2025-09-09 17:50:43,464 - INFO - Use pytorch device_name: cuda:0
2025-09-09 17:50:43,465 - INFO - Load pretrained SentenceTransformer: mixedbread-ai/mxbai-embed-large-v1
2025-09-09 17:50:49,092 - INFO - 2 prompts are loaded, with the keys: ['query', 'passage']
2025-09-09 17:50:49,092 - INFO - Loading hallucination detector...
2025-09-09 17:50:49,097 - INFO - Use pytorch device_name: cuda:0
2025-09-09 17:50:49,097 - INFO - Load pretrained SentenceTransformer: all-mpnet-base-v2
2025-09-09 17:50:53,431 - INFO - Loaded hallucination detection model (all-mpnet-base-v2) on cpu
2025-09-09 17:50:53,433 - INFO - Started document watcher for .
2025-09-09 17:50:53,433 - INFO - RAG System fully initialized
2025-09-09 17:51:44,374 - INFO - Using sequential document processing
2025-09-09 17:51:44,374 - INFO - Detected created document: .\temp_1_WHO_FCTC.pdf
2025-09-09 17:51:44,627 - INFO - Invalidated cache for temp_1_WHO_FCTC.pdf
2025-09-09 17:51:44,628 - INFO - Detected modified document: .\temp_1_WHO_FCTC.pdf
2025-09-09 17:51:48,406 - INFO - Successfully processed temp_1_WHO_FCTC.pdf: 49 elements extracted, 44 pages detected
2025-09-09 17:51:54,009 - INFO - Deduplicated 49 -> 49 documents
2025-09-09 17:51:54,010 - INFO - Deduplicated 49 -> 49 documents
2025-09-09 17:51:54,010 - INFO - [DEBUG] Number of document chunks to index: 49
2025-09-09 17:51:54,010 - INFO - [DEBUG] Indexed chunk 1: page_number=1, content[:200]='fctc_cover_traité15_English.indd 1 fctc_cover_traité15_English.indd 1\n\nThe WHO Framework Convention on Tobacco Control was developed in response to the globalization of the tobacco epidemic. The sprea'
2025-09-09 17:51:54,011 - INFO - [DEBUG] Indexed chunk 2: page_number=3, content[:200]='Printed by <REDACTED_ORG>, <REDACTED_LOCATION>, <REDACTED_LOCATION>.\n\nWHO Framework Convention on <REDACTED_ORG> Control\n\nTable of Contents\n\nForeword ..................................................'
2025-09-09 17:51:54,011 - INFO - [DEBUG] Indexed chunk 3: page_number=4, content[:200]='and cessation ............................................................................................13 Part IV: Measures relating to the reduction of the supply of tobacco ..............13 Illic'
2025-09-09 17:51:54,358 - INFO - [DEBUG] Creating FAISS vector store with 49 document chunks.
2025-09-09 17:51:59,940 - INFO - Loading faiss with AVX2 support.
2025-09-09 17:52:00,082 - INFO - Successfully loaded faiss with AVX2 support.
2025-09-09 17:52:00,094 - INFO - Failed to load GPU Faiss: name 'GpuIndexIVFFlat' is not defined. Will not load constructor refs for GPU indexes. This is only an error if you're trying to use GPU Faiss.
2025-09-09 17:52:00,107 - INFO - Created and saved FAISS vector store at vectorstore/db_faiss
2025-09-09 17:52:00,124 - INFO - Initialized and saved BM25 retriever at bm25_retriever.pkl
2025-09-09 17:52:09,393 - INFO - Loaded generation pipeline for TinyLlama/TinyLlama-1.1B-Chat-v1.0 (device=0)
2025-09-09 17:52:09,396 - INFO - QA chain setup complete with TinyLlama/TinyLlama-1.1B-Chat-v1.0
2025-09-09 17:52:09,396 - INFO - Knowledge base updated successfully
2025-09-09 17:52:09,396 - INFO - Added 49 new documents
2025-09-09 17:52:09,398 - INFO - Detected deleted document: .\temp_1_WHO_FCTC.pdf
2025-09-09 17:52:09,399 - ERROR - Error computing hash for .\temp_1_WHO_FCTC.pdf: [Errno 2] No such file or directory: '.\\temp_1_WHO_FCTC.pdf'
2025-09-09 17:52:09,846 - INFO - Invalidated cache for temp_1_WHO_FCTC.pdf
2025-09-09 17:52:44,161 - INFO - [DEBUG] Query string: 'What should be the minimum size of health warnings and messages on tobacco products, and where should they be placed?\n'
2025-09-09 17:52:44,229 - INFO - Deduplicated 10 -> 10 documents
2025-09-09 17:52:44,259 - INFO - Using cached query results for: What should be the minimum size of health warnings...
2025-09-09 17:52:44,260 - INFO - Deduplicated 10 -> 10 documents
2025-09-09 17:52:44,277 - ERROR - Error processing query: Input length of input_ids is 6096, but `max_length` is set to 2048. This can lead to unexpected behavior. You should consider increasing `max_length` or, better yet, setting `max_new_tokens`.
2025-09-09 17:52:44,289 - INFO - [DEBUG] UI displaying 0 source documents for this query.
2025-09-09 17:54:04,012 - INFO - RAG System initialized
2025-09-09 17:54:04,015 - INFO - Loading embedding model...
2025-09-09 17:54:04,018 - INFO - Use pytorch device_name: cuda:0
2025-09-09 17:54:04,019 - INFO - Load pretrained SentenceTransformer: mixedbread-ai/mxbai-embed-large-v1
2025-09-09 17:54:09,748 - INFO - 2 prompts are loaded, with the keys: ['query', 'passage']
2025-09-09 17:54:09,749 - INFO - Loading hallucination detector...
2025-09-09 17:54:09,755 - INFO - Use pytorch device_name: cuda:0
2025-09-09 17:54:09,755 - INFO - Load pretrained SentenceTransformer: all-mpnet-base-v2
2025-09-09 17:54:14,685 - INFO - Loaded hallucination detection model (all-mpnet-base-v2) on cpu
2025-09-09 17:54:14,687 - INFO - Started document watcher for .
2025-09-09 17:54:14,688 - INFO - RAG System fully initialized
2025-09-09 17:55:12,700 - INFO - Using sequential document processing
2025-09-09 17:55:12,701 - INFO - Detected created document: .\temp_1_WHO_FCTC.pdf
2025-09-09 17:55:12,944 - INFO - Invalidated cache for temp_1_WHO_FCTC.pdf
2025-09-09 17:55:12,944 - INFO - Detected modified document: .\temp_1_WHO_FCTC.pdf
2025-09-09 17:55:16,661 - INFO - Successfully processed temp_1_WHO_FCTC.pdf: 49 elements extracted, 44 pages detected
2025-09-09 17:55:22,358 - INFO - Deduplicated 49 -> 49 documents
2025-09-09 17:55:22,358 - INFO - Deduplicated 49 -> 49 documents
2025-09-09 17:55:22,359 - INFO - [DEBUG] Number of document chunks to index: 49
2025-09-09 17:55:22,359 - INFO - [DEBUG] Indexed chunk 1: page_number=1, content[:200]='fctc_cover_traité15_English.indd 1 fctc_cover_traité15_English.indd 1\n\nThe WHO Framework Convention on Tobacco Control was developed in response to the globalization of the tobacco epidemic. The sprea'
2025-09-09 17:55:22,359 - INFO - [DEBUG] Indexed chunk 2: page_number=3, content[:200]='Printed by <REDACTED_ORG>, <REDACTED_LOCATION>, <REDACTED_LOCATION>.\n\nWHO Framework Convention on <REDACTED_ORG> Control\n\nTable of Contents\n\nForeword ..................................................'
2025-09-09 17:55:22,359 - INFO - [DEBUG] Indexed chunk 3: page_number=4, content[:200]='and cessation ............................................................................................13 Part IV: Measures relating to the reduction of the supply of tobacco ..............13 Illic'
2025-09-09 17:55:22,679 - INFO - [DEBUG] Creating FAISS vector store with 49 document chunks.
2025-09-09 17:55:22,714 - INFO - Loading faiss with AVX2 support.
2025-09-09 17:55:22,747 - INFO - Successfully loaded faiss with AVX2 support.
2025-09-09 17:55:22,755 - INFO - Failed to load GPU Faiss: name 'GpuIndexIVFFlat' is not defined. Will not load constructor refs for GPU indexes. This is only an error if you're trying to use GPU Faiss.
2025-09-09 17:55:22,762 - INFO - Created and saved FAISS vector store at vectorstore/db_faiss
2025-09-09 17:55:22,777 - INFO - Initialized and saved BM25 retriever at bm25_retriever.pkl
2025-09-09 17:55:28,461 - INFO - Loaded generation pipeline for TinyLlama/TinyLlama-1.1B-Chat-v1.0 (device=0)
2025-09-09 17:55:28,463 - INFO - QA chain setup complete with TinyLlama/TinyLlama-1.1B-Chat-v1.0
2025-09-09 17:55:28,463 - INFO - Knowledge base updated successfully
2025-09-09 17:55:28,463 - INFO - Added 49 new documents
2025-09-09 17:55:28,464 - INFO - Detected deleted document: .\temp_1_WHO_FCTC.pdf
2025-09-09 17:55:28,465 - ERROR - Error computing hash for .\temp_1_WHO_FCTC.pdf: [Errno 2] No such file or directory: '.\\temp_1_WHO_FCTC.pdf'
2025-09-09 17:55:28,787 - INFO - Invalidated cache for temp_1_WHO_FCTC.pdf
2025-09-09 17:55:48,704 - INFO - [DEBUG] Query string: 'What should be the minimum size of health warnings and messages on tobacco products, and where should they be placed?\n'
2025-09-09 17:55:48,759 - INFO - Deduplicated 10 -> 10 documents
2025-09-09 17:55:56,919 - INFO - Using cached query results for: What should be the minimum size of health warnings...
2025-09-09 17:55:56,919 - INFO - Deduplicated 10 -> 10 documents
2025-09-09 17:55:58,946 - ERROR - Error processing query: CUDA out of memory. Tried to allocate 4.43 GiB. GPU 0 has a total capacity of 4.00 GiB of which 0 bytes is free. Of the allocated memory 2.96 GiB is allocated by PyTorch, and 4.39 GiB is reserved by PyTorch but unallocated. If reserved but unallocated memory is large try setting PYTORCH_CUDA_ALLOC_CONF=expandable_segments:True to avoid fragmentation.  See documentation for Memory Management  (https://pytorch.org/docs/stable/notes/cuda.html#environment-variables)
2025-09-09 17:55:58,965 - INFO - [DEBUG] UI displaying 0 source documents for this query.
2025-09-09 17:58:10,480 - INFO - RAG System initialized
2025-09-09 17:58:10,482 - INFO - Loading embedding model...
2025-09-09 17:58:10,487 - INFO - Use pytorch device_name: cuda:0
2025-09-09 17:58:10,488 - INFO - Load pretrained SentenceTransformer: mixedbread-ai/mxbai-embed-large-v1
2025-09-09 17:58:16,997 - INFO - 2 prompts are loaded, with the keys: ['query', 'passage']
2025-09-09 17:58:16,997 - INFO - Loading hallucination detector...
2025-09-09 17:58:17,002 - INFO - Use pytorch device_name: cuda:0
2025-09-09 17:58:17,002 - INFO - Load pretrained SentenceTransformer: all-mpnet-base-v2
2025-09-09 17:58:22,102 - INFO - Loaded hallucination detection model (all-mpnet-base-v2) on cpu
2025-09-09 17:58:22,104 - INFO - Started document watcher for .
2025-09-09 17:58:22,104 - INFO - RAG System fully initialized
2025-09-09 17:59:01,203 - INFO - Using sequential document processing
2025-09-09 17:59:01,203 - INFO - Detected created document: .\temp_1_WHO_FCTC.pdf
2025-09-09 17:59:01,432 - INFO - Invalidated cache for temp_1_WHO_FCTC.pdf
2025-09-09 17:59:01,433 - INFO - Detected modified document: .\temp_1_WHO_FCTC.pdf
2025-09-09 17:59:05,026 - INFO - Successfully processed temp_1_WHO_FCTC.pdf: 49 elements extracted, 44 pages detected
2025-09-09 17:59:10,635 - INFO - Deduplicated 49 -> 49 documents
2025-09-09 17:59:10,635 - INFO - Deduplicated 49 -> 49 documents
2025-09-09 17:59:10,636 - INFO - [DEBUG] Number of document chunks to index: 49
2025-09-09 17:59:10,636 - INFO - [DEBUG] Indexed chunk 1: page_number=1, content[:200]='fctc_cover_traité15_English.indd 1 fctc_cover_traité15_English.indd 1\n\nThe WHO Framework Convention on Tobacco Control was developed in response to the globalization of the tobacco epidemic. The sprea'
2025-09-09 17:59:10,636 - INFO - [DEBUG] Indexed chunk 2: page_number=3, content[:200]='Printed by <REDACTED_ORG>, <REDACTED_LOCATION>, <REDACTED_LOCATION>.\n\nWHO Framework Convention on <REDACTED_ORG> Control\n\nTable of Contents\n\nForeword ..................................................'
2025-09-09 17:59:10,636 - INFO - [DEBUG] Indexed chunk 3: page_number=4, content[:200]='and cessation ............................................................................................13 Part IV: Measures relating to the reduction of the supply of tobacco ..............13 Illic'
2025-09-09 17:59:10,976 - INFO - [DEBUG] Creating FAISS vector store with 49 document chunks.
2025-09-09 17:59:11,018 - INFO - Loading faiss with AVX2 support.
2025-09-09 17:59:11,049 - INFO - Successfully loaded faiss with AVX2 support.
2025-09-09 17:59:11,057 - INFO - Failed to load GPU Faiss: name 'GpuIndexIVFFlat' is not defined. Will not load constructor refs for GPU indexes. This is only an error if you're trying to use GPU Faiss.
2025-09-09 17:59:11,065 - INFO - Created and saved FAISS vector store at vectorstore/db_faiss
2025-09-09 17:59:11,078 - INFO - Initialized and saved BM25 retriever at bm25_retriever.pkl
2025-09-09 17:59:20,328 - INFO - Loaded generation pipeline for TinyLlama/TinyLlama-1.1B-Chat-v1.0 (device=0)
2025-09-09 17:59:20,332 - INFO - QA chain setup complete with TinyLlama/TinyLlama-1.1B-Chat-v1.0
2025-09-09 17:59:20,332 - INFO - Knowledge base updated successfully
2025-09-09 17:59:20,333 - INFO - Added 49 new documents
2025-09-09 17:59:20,334 - INFO - Detected deleted document: .\temp_1_WHO_FCTC.pdf
2025-09-09 17:59:20,336 - ERROR - Error computing hash for .\temp_1_WHO_FCTC.pdf: [Errno 2] No such file or directory: '.\\temp_1_WHO_FCTC.pdf'
2025-09-09 17:59:20,810 - INFO - Invalidated cache for temp_1_WHO_FCTC.pdf
2025-09-09 17:59:42,325 - INFO - [DEBUG] Query string: 'What should be the minimum size of health warnings and messages on tobacco products, and where should they be placed?\n'
2025-09-09 17:59:42,425 - INFO - Deduplicated 10 -> 10 documents
2025-09-09 17:59:49,579 - INFO - Using cached query results for: What should be the minimum size of health warnings...
2025-09-09 17:59:49,579 - INFO - Deduplicated 10 -> 10 documents
2025-09-09 17:59:51,445 - ERROR - Error processing query: CUDA out of memory. Tried to allocate 4.43 GiB. GPU 0 has a total capacity of 4.00 GiB of which 0 bytes is free. Of the allocated memory 2.96 GiB is allocated by PyTorch, and 4.39 GiB is reserved by PyTorch but unallocated. If reserved but unallocated memory is large try setting PYTORCH_CUDA_ALLOC_CONF=expandable_segments:True to avoid fragmentation.  See documentation for Memory Management  (https://pytorch.org/docs/stable/notes/cuda.html#environment-variables)
2025-09-09 17:59:51,457 - INFO - [DEBUG] UI displaying 0 source documents for this query.
2025-09-09 18:04:17,358 - INFO - RAG System initialized
2025-09-09 18:04:17,361 - INFO - Loading embedding model...
2025-09-09 18:04:17,364 - INFO - Use pytorch device_name: cuda:0
2025-09-09 18:04:17,365 - INFO - Load pretrained SentenceTransformer: mixedbread-ai/mxbai-embed-large-v1
2025-09-09 18:04:23,542 - INFO - 2 prompts are loaded, with the keys: ['query', 'passage']
2025-09-09 18:04:23,543 - INFO - Loading hallucination detector...
2025-09-09 18:04:23,548 - INFO - Use pytorch device_name: cuda:0
2025-09-09 18:04:23,548 - INFO - Load pretrained SentenceTransformer: all-mpnet-base-v2
2025-09-09 18:04:28,506 - INFO - Loaded hallucination detection model (all-mpnet-base-v2) on cpu
2025-09-09 18:04:28,508 - INFO - Started document watcher for .
2025-09-09 18:04:28,508 - INFO - RAG System fully initialized
2025-09-09 18:05:17,988 - INFO - Using sequential document processing
2025-09-09 18:05:17,988 - INFO - Detected created document: .\temp_1_WHO_FCTC.pdf
2025-09-09 18:05:18,303 - INFO - Invalidated cache for temp_1_WHO_FCTC.pdf
2025-09-09 18:05:18,304 - INFO - Detected modified document: .\temp_1_WHO_FCTC.pdf
2025-09-09 18:05:21,983 - INFO - Successfully processed temp_1_WHO_FCTC.pdf: 49 elements extracted, 44 pages detected
2025-09-09 18:05:27,602 - INFO - Deduplicated 49 -> 49 documents
2025-09-09 18:05:27,603 - INFO - Deduplicated 49 -> 49 documents
2025-09-09 18:05:27,603 - INFO - [DEBUG] Number of document chunks to index: 49
2025-09-09 18:05:27,604 - INFO - [DEBUG] Indexed chunk 1: page_number=1, content[:200]='fctc_cover_traité15_English.indd 1 fctc_cover_traité15_English.indd 1\n\nThe WHO Framework Convention on Tobacco Control was developed in response to the globalization of the tobacco epidemic. The sprea'
2025-09-09 18:05:27,604 - INFO - [DEBUG] Indexed chunk 2: page_number=3, content[:200]='Printed by <REDACTED_ORG>, <REDACTED_LOCATION>, <REDACTED_LOCATION>.\n\nWHO Framework Convention on <REDACTED_ORG> Control\n\nTable of Contents\n\nForeword ..................................................'
2025-09-09 18:05:27,604 - INFO - [DEBUG] Indexed chunk 3: page_number=4, content[:200]='and cessation ............................................................................................13 Part IV: Measures relating to the reduction of the supply of tobacco ..............13 Illic'
2025-09-09 18:05:27,955 - INFO - [DEBUG] Creating FAISS vector store with 49 document chunks.
2025-09-09 18:05:27,996 - INFO - Loading faiss with AVX2 support.
2025-09-09 18:05:28,029 - INFO - Successfully loaded faiss with AVX2 support.
2025-09-09 18:05:28,037 - INFO - Failed to load GPU Faiss: name 'GpuIndexIVFFlat' is not defined. Will not load constructor refs for GPU indexes. This is only an error if you're trying to use GPU Faiss.
2025-09-09 18:05:28,046 - INFO - Created and saved FAISS vector store at vectorstore/db_faiss
2025-09-09 18:05:28,060 - INFO - Initialized and saved BM25 retriever at bm25_retriever.pkl
2025-09-09 18:05:35,094 - INFO - Loaded generation pipeline for TinyLlama/TinyLlama-1.1B-Chat-v1.0 (device=0)
2025-09-09 18:05:35,097 - INFO - QA chain setup complete with TinyLlama/TinyLlama-1.1B-Chat-v1.0
2025-09-09 18:05:35,097 - INFO - Knowledge base updated successfully
2025-09-09 18:05:35,097 - INFO - Added 49 new documents
2025-09-09 18:05:35,098 - INFO - Detected deleted document: .\temp_1_WHO_FCTC.pdf
2025-09-09 18:05:35,099 - ERROR - Error computing hash for .\temp_1_WHO_FCTC.pdf: [Errno 2] No such file or directory: '.\\temp_1_WHO_FCTC.pdf'
2025-09-09 18:05:35,493 - INFO - Invalidated cache for temp_1_WHO_FCTC.pdf
2025-09-09 18:06:14,217 - INFO - [DEBUG] Query string: 'What should be the minimum size of health warnings and messages on tobacco products, and where should they be placed?\n'
2025-09-09 18:06:14,276 - INFO - Deduplicated 10 -> 10 documents
2025-09-09 18:06:19,312 - INFO - Using cached query results for: What should be the minimum size of health warnings...
2025-09-09 18:06:19,312 - INFO - Deduplicated 10 -> 10 documents
2025-09-09 18:06:20,756 - ERROR - Error processing query: CUDA out of memory. Tried to allocate 4.43 GiB. GPU 0 has a total capacity of 4.00 GiB of which 0 bytes is free. Of the allocated memory 2.96 GiB is allocated by PyTorch, and 4.39 GiB is reserved by PyTorch but unallocated. If reserved but unallocated memory is large try setting PYTORCH_CUDA_ALLOC_CONF=expandable_segments:True to avoid fragmentation.  See documentation for Memory Management  (https://pytorch.org/docs/stable/notes/cuda.html#environment-variables)
2025-09-09 18:06:20,766 - INFO - [DEBUG] UI displaying 0 source documents for this query.
2025-09-09 18:07:28,762 - INFO - RAG System initialized
2025-09-09 18:07:28,765 - INFO - Loading embedding model...
2025-09-09 18:07:28,768 - INFO - Use pytorch device_name: cuda:0
2025-09-09 18:07:28,768 - INFO - Load pretrained SentenceTransformer: mixedbread-ai/mxbai-embed-large-v1
2025-09-09 18:07:34,747 - INFO - 2 prompts are loaded, with the keys: ['query', 'passage']
2025-09-09 18:07:34,748 - INFO - Loading hallucination detector...
2025-09-09 18:07:34,752 - INFO - Use pytorch device_name: cuda:0
2025-09-09 18:07:34,752 - INFO - Load pretrained SentenceTransformer: all-mpnet-base-v2
2025-09-09 18:07:38,767 - INFO - Loaded hallucination detection model (all-mpnet-base-v2) on cpu
2025-09-09 18:07:38,770 - INFO - Started document watcher for .
2025-09-09 18:07:38,770 - INFO - RAG System fully initialized
2025-09-09 18:08:51,367 - INFO - Using sequential document processing
2025-09-09 18:08:51,368 - INFO - Detected created document: .\temp_1_WHO_FCTC.pdf
2025-09-09 18:08:51,588 - INFO - Invalidated cache for temp_1_WHO_FCTC.pdf
2025-09-09 18:08:51,588 - INFO - Detected modified document: .\temp_1_WHO_FCTC.pdf
2025-09-09 18:08:55,349 - INFO - Successfully processed temp_1_WHO_FCTC.pdf: 49 elements extracted, 44 pages detected
2025-09-09 18:09:01,061 - INFO - Deduplicated 49 -> 49 documents
2025-09-09 18:09:01,062 - INFO - Deduplicated 49 -> 49 documents
2025-09-09 18:09:01,062 - INFO - [DEBUG] Number of document chunks to index: 49
2025-09-09 18:09:01,062 - INFO - [DEBUG] Indexed chunk 1: page_number=1, content[:200]='fctc_cover_traité15_English.indd 1 fctc_cover_traité15_English.indd 1\n\nThe WHO Framework Convention on Tobacco Control was developed in response to the globalization of the tobacco epidemic. The sprea'
2025-09-09 18:09:01,062 - INFO - [DEBUG] Indexed chunk 2: page_number=3, content[:200]='Printed by <REDACTED_ORG>, <REDACTED_LOCATION>, <REDACTED_LOCATION>.\n\nWHO Framework Convention on <REDACTED_ORG> Control\n\nTable of Contents\n\nForeword ..................................................'
2025-09-09 18:09:01,063 - INFO - [DEBUG] Indexed chunk 3: page_number=4, content[:200]='and cessation ............................................................................................13 Part IV: Measures relating to the reduction of the supply of tobacco ..............13 Illic'
2025-09-09 18:09:01,399 - INFO - [DEBUG] Creating FAISS vector store with 49 document chunks.
2025-09-09 18:09:01,440 - INFO - Loading faiss with AVX2 support.
2025-09-09 18:09:01,520 - INFO - Successfully loaded faiss with AVX2 support.
2025-09-09 18:09:01,527 - INFO - Failed to load GPU Faiss: name 'GpuIndexIVFFlat' is not defined. Will not load constructor refs for GPU indexes. This is only an error if you're trying to use GPU Faiss.
2025-09-09 18:09:01,537 - INFO - Created and saved FAISS vector store at vectorstore/db_faiss
2025-09-09 18:09:01,550 - INFO - Initialized and saved BM25 retriever at bm25_retriever.pkl
2025-09-09 18:09:09,517 - INFO - Loaded generation pipeline for TinyLlama/TinyLlama-1.1B-Chat-v1.0 (device=0)
2025-09-09 18:09:09,520 - INFO - QA chain setup complete with TinyLlama/TinyLlama-1.1B-Chat-v1.0
2025-09-09 18:09:09,520 - INFO - Knowledge base updated successfully
2025-09-09 18:09:09,520 - INFO - Added 49 new documents
2025-09-09 18:09:09,521 - INFO - Detected deleted document: .\temp_1_WHO_FCTC.pdf
2025-09-09 18:09:09,522 - ERROR - Error computing hash for .\temp_1_WHO_FCTC.pdf: [Errno 2] No such file or directory: '.\\temp_1_WHO_FCTC.pdf'
2025-09-09 18:09:09,912 - INFO - Invalidated cache for temp_1_WHO_FCTC.pdf
2025-09-09 18:10:04,737 - INFO - [DEBUG] Query string: 'What should be the minimum size of health warnings and messages on tobacco products, and where should they be placed?\n'
2025-09-09 18:10:04,808 - INFO - Deduplicated 10 -> 10 documents
2025-09-09 18:10:14,070 - INFO - Using cached query results for: What should be the minimum size of health warnings...
2025-09-09 18:10:14,073 - INFO - Deduplicated 10 -> 10 documents
2025-09-09 18:10:18,103 - ERROR - Error processing query: CUDA out of memory. Tried to allocate 4.43 GiB. GPU 0 has a total capacity of 4.00 GiB of which 0 bytes is free. Of the allocated memory 2.96 GiB is allocated by PyTorch, and 4.39 GiB is reserved by PyTorch but unallocated. If reserved but unallocated memory is large try setting PYTORCH_CUDA_ALLOC_CONF=expandable_segments:True to avoid fragmentation.  See documentation for Memory Management  (https://pytorch.org/docs/stable/notes/cuda.html#environment-variables)
2025-09-09 18:10:18,171 - INFO - [DEBUG] UI displaying 0 source documents for this query.
2025-09-09 18:13:05,186 - INFO - RAG System initialized
2025-09-09 18:13:05,189 - INFO - Loading embedding model...
2025-09-09 18:13:05,194 - INFO - Use pytorch device_name: cuda:0
2025-09-09 18:13:05,194 - INFO - Load pretrained SentenceTransformer: mixedbread-ai/mxbai-embed-large-v1
2025-09-09 18:13:11,706 - INFO - 2 prompts are loaded, with the keys: ['query', 'passage']
2025-09-09 18:13:11,706 - INFO - Loading hallucination detector...
2025-09-09 18:13:11,710 - INFO - Use pytorch device_name: cuda:0
2025-09-09 18:13:11,711 - INFO - Load pretrained SentenceTransformer: all-mpnet-base-v2
2025-09-09 18:13:17,441 - INFO - Loaded hallucination detection model (all-mpnet-base-v2) on cpu
2025-09-09 18:13:17,444 - INFO - Started document watcher for .
2025-09-09 18:13:17,444 - INFO - RAG System fully initialized
2025-09-09 18:14:08,065 - INFO - Using sequential document processing
2025-09-09 18:14:08,065 - INFO - Detected created document: .\temp_1_WHO_FCTC.pdf
2025-09-09 18:14:08,285 - INFO - Invalidated cache for temp_1_WHO_FCTC.pdf
2025-09-09 18:14:08,286 - INFO - Detected modified document: .\temp_1_WHO_FCTC.pdf
2025-09-09 18:14:11,896 - INFO - Successfully processed temp_1_WHO_FCTC.pdf: 49 elements extracted, 44 pages detected
2025-09-09 18:14:17,525 - INFO - Deduplicated 49 -> 49 documents
2025-09-09 18:14:17,526 - INFO - Deduplicated 49 -> 49 documents
2025-09-09 18:14:17,527 - INFO - [DEBUG] Number of document chunks to index: 49
2025-09-09 18:14:17,527 - INFO - [DEBUG] Indexed chunk 1: page_number=1, content[:200]='fctc_cover_traité15_English.indd 1 fctc_cover_traité15_English.indd 1\n\nThe WHO Framework Convention on Tobacco Control was developed in response to the globalization of the tobacco epidemic. The sprea'
2025-09-09 18:14:17,527 - INFO - [DEBUG] Indexed chunk 2: page_number=3, content[:200]='Printed by <REDACTED_ORG>, <REDACTED_LOCATION>, <REDACTED_LOCATION>.\n\nWHO Framework Convention on <REDACTED_ORG> Control\n\nTable of Contents\n\nForeword ..................................................'
2025-09-09 18:14:17,527 - INFO - [DEBUG] Indexed chunk 3: page_number=4, content[:200]='and cessation ............................................................................................13 Part IV: Measures relating to the reduction of the supply of tobacco ..............13 Illic'
2025-09-09 18:14:17,842 - INFO - [DEBUG] Creating FAISS vector store with 49 document chunks.
2025-09-09 18:14:17,884 - INFO - Loading faiss with AVX2 support.
2025-09-09 18:14:17,948 - INFO - Successfully loaded faiss with AVX2 support.
2025-09-09 18:14:17,956 - INFO - Failed to load GPU Faiss: name 'GpuIndexIVFFlat' is not defined. Will not load constructor refs for GPU indexes. This is only an error if you're trying to use GPU Faiss.
2025-09-09 18:14:17,968 - INFO - Created and saved FAISS vector store at vectorstore/db_faiss
2025-09-09 18:14:17,983 - INFO - Initialized and saved BM25 retriever at bm25_retriever.pkl
2025-09-09 18:14:26,860 - INFO - Loaded generation pipeline for TinyLlama/TinyLlama-1.1B-Chat-v1.0 (device=0)
2025-09-09 18:14:26,863 - INFO - QA chain setup complete with TinyLlama/TinyLlama-1.1B-Chat-v1.0
2025-09-09 18:14:26,863 - INFO - Knowledge base updated successfully
2025-09-09 18:14:26,863 - INFO - Added 49 new documents
2025-09-09 18:14:26,864 - INFO - Detected deleted document: .\temp_1_WHO_FCTC.pdf
2025-09-09 18:14:26,865 - ERROR - Error computing hash for .\temp_1_WHO_FCTC.pdf: [Errno 2] No such file or directory: '.\\temp_1_WHO_FCTC.pdf'
2025-09-09 18:14:27,252 - INFO - Invalidated cache for temp_1_WHO_FCTC.pdf
2025-09-09 18:14:40,266 - INFO - [DEBUG] Query string: 'What should be the minimum size of health warnings and messages on tobacco products, and where should they be placed?\n'
2025-09-09 18:14:40,330 - INFO - Deduplicated 10 -> 10 documents
2025-09-09 18:14:47,703 - INFO - Using cached query results for: What should be the minimum size of health warnings...
2025-09-09 18:14:47,704 - INFO - Deduplicated 10 -> 10 documents
2025-09-09 18:14:49,577 - ERROR - Error processing query: CUDA out of memory. Tried to allocate 4.43 GiB. GPU 0 has a total capacity of 4.00 GiB of which 0 bytes is free. Of the allocated memory 2.96 GiB is allocated by PyTorch, and 4.39 GiB is reserved by PyTorch but unallocated. If reserved but unallocated memory is large try setting PYTORCH_CUDA_ALLOC_CONF=expandable_segments:True to avoid fragmentation.  See documentation for Memory Management  (https://pytorch.org/docs/stable/notes/cuda.html#environment-variables)
2025-09-09 18:14:49,586 - INFO - [DEBUG] UI displaying 0 source documents for this query.
2025-09-09 18:17:26,560 - INFO - RAG System initialized
2025-09-09 18:17:26,564 - INFO - Loading embedding model...
2025-09-09 18:17:26,569 - INFO - Use pytorch device_name: cuda:0
2025-09-09 18:17:26,569 - INFO - Load pretrained SentenceTransformer: mixedbread-ai/mxbai-embed-large-v1
2025-09-09 18:17:32,208 - INFO - 2 prompts are loaded, with the keys: ['query', 'passage']
2025-09-09 18:17:32,209 - INFO - Loading hallucination detector...
2025-09-09 18:17:32,214 - INFO - Use pytorch device_name: cuda:0
2025-09-09 18:17:32,214 - INFO - Load pretrained SentenceTransformer: all-mpnet-base-v2
2025-09-09 18:17:36,416 - INFO - Loaded hallucination detection model (all-mpnet-base-v2) on cpu
2025-09-09 18:17:36,418 - INFO - Started document watcher for .
2025-09-09 18:17:36,419 - INFO - RAG System fully initialized
2025-09-09 18:18:16,286 - INFO - Detected created document: .\temp_1_WHO_FCTC.pdf
2025-09-09 18:18:16,286 - INFO - Using sequential document processing
2025-09-09 18:18:16,568 - INFO - Invalidated cache for temp_1_WHO_FCTC.pdf
2025-09-09 18:18:16,569 - INFO - Detected modified document: .\temp_1_WHO_FCTC.pdf
2025-09-09 18:18:20,373 - INFO - Successfully processed temp_1_WHO_FCTC.pdf: 49 elements extracted, 44 pages detected
2025-09-09 18:18:26,052 - INFO - Deduplicated 49 -> 49 documents
2025-09-09 18:18:26,053 - INFO - Deduplicated 49 -> 49 documents
2025-09-09 18:18:26,053 - INFO - [DEBUG] Number of document chunks to index: 49
2025-09-09 18:18:26,053 - INFO - [DEBUG] Indexed chunk 1: page_number=1, content[:200]='fctc_cover_traité15_English.indd 1 fctc_cover_traité15_English.indd 1\n\nThe WHO Framework Convention on Tobacco Control was developed in response to the globalization of the tobacco epidemic. The sprea'
2025-09-09 18:18:26,054 - INFO - [DEBUG] Indexed chunk 2: page_number=3, content[:200]='Printed by <REDACTED_ORG>, <REDACTED_LOCATION>, <REDACTED_LOCATION>.\n\nWHO Framework Convention on <REDACTED_ORG> Control\n\nTable of Contents\n\nForeword ..................................................'
2025-09-09 18:18:26,054 - INFO - [DEBUG] Indexed chunk 3: page_number=4, content[:200]='and cessation ............................................................................................13 Part IV: Measures relating to the reduction of the supply of tobacco ..............13 Illic'
2025-09-09 18:18:26,415 - INFO - [DEBUG] Creating FAISS vector store with 49 document chunks.
2025-09-09 18:18:26,453 - INFO - Loading faiss with AVX2 support.
2025-09-09 18:18:26,494 - INFO - Successfully loaded faiss with AVX2 support.
2025-09-09 18:18:26,506 - INFO - Failed to load GPU Faiss: name 'GpuIndexIVFFlat' is not defined. Will not load constructor refs for GPU indexes. This is only an error if you're trying to use GPU Faiss.
2025-09-09 18:18:26,518 - INFO - Created and saved FAISS vector store at vectorstore/db_faiss
2025-09-09 18:18:26,535 - INFO - Initialized and saved BM25 retriever at bm25_retriever.pkl
2025-09-09 18:18:27,360 - WARNING - 7B model on CPU will be very slow!
2025-09-09 18:18:31,571 - ERROR - Failed to load 7B model: The model has been loaded with `accelerate` and therefore cannot be moved to a specific device. Please discard the `device` argument when creating your pipeline object.
2025-09-09 18:18:31,571 - INFO - Falling back to TinyLlama...
2025-09-09 18:18:31,571 - INFO - Loading fallback TinyLlama model: TinyLlama/TinyLlama-1.1B-Chat-v1.0
2025-09-09 18:18:32,194 - ERROR - Even fallback TinyLlama failed to load: Expecting value: line 1 column 1 (char 0)
2025-09-09 18:18:32,194 - WARNING - Using mock pipeline - for development only!
2025-09-09 18:18:32,201 - ERROR - Error setting up QA chain: 'MockPipeline' object has no attribute 'model'
2025-09-09 18:18:32,201 - ERROR - Error updating knowledge base: 'MockPipeline' object has no attribute 'model'
2025-09-09 18:18:32,201 - ERROR - Error processing documents: 'MockPipeline' object has no attribute 'model'
2025-09-09 18:18:32,203 - INFO - Detected deleted document: .\temp_1_WHO_FCTC.pdf
2025-09-09 18:18:32,204 - ERROR - Error computing hash for .\temp_1_WHO_FCTC.pdf: [Errno 2] No such file or directory: '.\\temp_1_WHO_FCTC.pdf'
2025-09-09 18:18:32,624 - INFO - Invalidated cache for temp_1_WHO_FCTC.pdf
2025-09-09 18:18:56,054 - INFO - [DEBUG] UI displaying 0 source documents for this query.
2025-09-09 18:22:27,169 - INFO - RAG System initialized
2025-09-09 18:22:27,172 - INFO - Loading embedding model...
2025-09-09 18:22:27,178 - INFO - Use pytorch device_name: cuda:0
2025-09-09 18:22:27,178 - INFO - Load pretrained SentenceTransformer: mixedbread-ai/mxbai-embed-large-v1
2025-09-09 18:22:32,263 - INFO - 2 prompts are loaded, with the keys: ['query', 'passage']
2025-09-09 18:22:32,264 - INFO - Loading hallucination detector...
2025-09-09 18:22:32,267 - INFO - Use pytorch device_name: cuda:0
2025-09-09 18:22:32,267 - INFO - Load pretrained SentenceTransformer: all-mpnet-base-v2
2025-09-09 18:22:36,291 - INFO - Loaded hallucination detection model (all-mpnet-base-v2) on cpu
2025-09-09 18:22:36,294 - INFO - Started document watcher for .
2025-09-09 18:22:36,294 - INFO - RAG System fully initialized
2025-09-09 18:23:25,284 - INFO - Detected created document: .\temp_1_WHO_FCTC.pdf
2025-09-09 18:23:25,284 - INFO - Using sequential document processing
2025-09-09 18:23:25,515 - INFO - Invalidated cache for temp_1_WHO_FCTC.pdf
2025-09-09 18:23:25,515 - INFO - Detected modified document: .\temp_1_WHO_FCTC.pdf
2025-09-09 18:23:29,224 - INFO - Successfully processed temp_1_WHO_FCTC.pdf: 49 elements extracted, 44 pages detected
2025-09-09 18:23:34,904 - INFO - Deduplicated 49 -> 49 documents
2025-09-09 18:23:34,905 - INFO - Deduplicated 49 -> 49 documents
2025-09-09 18:23:34,905 - INFO - [DEBUG] Number of document chunks to index: 49
2025-09-09 18:23:34,905 - INFO - [DEBUG] Indexed chunk 1: page_number=1, content[:200]='fctc_cover_traité15_English.indd 1 fctc_cover_traité15_English.indd 1\n\nThe WHO Framework Convention on Tobacco Control was developed in response to the globalization of the tobacco epidemic. The sprea'
2025-09-09 18:23:34,905 - INFO - [DEBUG] Indexed chunk 2: page_number=3, content[:200]='Printed by <REDACTED_ORG>, <REDACTED_LOCATION>, <REDACTED_LOCATION>.\n\nWHO Framework Convention on <REDACTED_ORG> Control\n\nTable of Contents\n\nForeword ..................................................'
2025-09-09 18:23:34,906 - INFO - [DEBUG] Indexed chunk 3: page_number=4, content[:200]='and cessation ............................................................................................13 Part IV: Measures relating to the reduction of the supply of tobacco ..............13 Illic'
2025-09-09 18:23:35,220 - INFO - [DEBUG] Creating FAISS vector store with 49 document chunks.
2025-09-09 18:23:35,254 - INFO - Loading faiss with AVX2 support.
2025-09-09 18:23:35,330 - INFO - Successfully loaded faiss with AVX2 support.
2025-09-09 18:23:35,337 - INFO - Failed to load GPU Faiss: name 'GpuIndexIVFFlat' is not defined. Will not load constructor refs for GPU indexes. This is only an error if you're trying to use GPU Faiss.
2025-09-09 18:23:35,348 - INFO - Created and saved FAISS vector store at vectorstore/db_faiss
2025-09-09 18:23:35,361 - INFO - Initialized and saved BM25 retriever at bm25_retriever.pkl
2025-09-09 18:23:42,884 - INFO - Loaded generation pipeline for TinyLlama/TinyLlama-1.1B-Chat-v1.0 (device=0)
2025-09-09 18:23:42,886 - INFO - QA chain setup complete with TinyLlama/TinyLlama-1.1B-Chat-v1.0
2025-09-09 18:23:42,886 - INFO - Knowledge base updated successfully
2025-09-09 18:23:42,887 - INFO - Added 49 new documents
2025-09-09 18:23:42,888 - INFO - Detected deleted document: .\temp_1_WHO_FCTC.pdf
2025-09-09 18:23:42,889 - ERROR - Error computing hash for .\temp_1_WHO_FCTC.pdf: [Errno 2] No such file or directory: '.\\temp_1_WHO_FCTC.pdf'
2025-09-09 18:23:43,283 - INFO - Invalidated cache for temp_1_WHO_FCTC.pdf
2025-09-09 18:24:01,976 - INFO - [DEBUG] Query string: 'What should be the minimum size of health warnings and messages on tobacco products, and where should they be placed?\n'
2025-09-09 18:24:02,065 - INFO - Deduplicated 10 -> 10 documents
2025-09-09 18:24:10,486 - INFO - Using cached query results for: What should be the minimum size of health warnings...
2025-09-09 18:24:10,489 - INFO - Deduplicated 10 -> 10 documents
2025-09-09 18:24:12,707 - ERROR - Error processing query: CUDA out of memory. Tried to allocate 4.43 GiB. GPU 0 has a total capacity of 4.00 GiB of which 0 bytes is free. Of the allocated memory 2.96 GiB is allocated by PyTorch, and 4.39 GiB is reserved by PyTorch but unallocated. If reserved but unallocated memory is large try setting PYTORCH_CUDA_ALLOC_CONF=expandable_segments:True to avoid fragmentation.  See documentation for Memory Management  (https://pytorch.org/docs/stable/notes/cuda.html#environment-variables)
2025-09-09 18:24:12,736 - INFO - [DEBUG] UI displaying 0 source documents for this query.
2025-09-09 18:27:44,633 - INFO - RAG System initialized
2025-09-09 18:27:44,636 - INFO - Loading embedding model...
2025-09-09 18:27:44,639 - INFO - Use pytorch device_name: cuda:0
2025-09-09 18:27:44,639 - INFO - Load pretrained SentenceTransformer: mixedbread-ai/mxbai-embed-large-v1
2025-09-09 18:27:49,818 - INFO - 2 prompts are loaded, with the keys: ['query', 'passage']
2025-09-09 18:27:49,818 - INFO - Loading hallucination detector...
2025-09-09 18:27:49,823 - INFO - Use pytorch device_name: cuda:0
2025-09-09 18:27:49,823 - INFO - Load pretrained SentenceTransformer: all-mpnet-base-v2
2025-09-09 18:27:54,235 - INFO - Loaded hallucination detection model (all-mpnet-base-v2) on cpu
2025-09-09 18:27:54,237 - INFO - Started document watcher for .
2025-09-09 18:27:54,237 - INFO - RAG System fully initialized
2025-09-09 18:28:39,087 - INFO - Using sequential document processing
2025-09-09 18:28:39,087 - INFO - Detected created document: .\temp_1_WHO_FCTC.pdf
2025-09-09 18:28:39,253 - INFO - Invalidated cache for temp_1_WHO_FCTC.pdf
2025-09-09 18:28:39,254 - INFO - Detected modified document: .\temp_1_WHO_FCTC.pdf
2025-09-09 18:28:41,768 - INFO - Successfully processed temp_1_WHO_FCTC.pdf: 49 elements extracted, 44 pages detected
2025-09-09 18:28:45,750 - INFO - Deduplicated 49 -> 49 documents
2025-09-09 18:28:45,750 - INFO - Deduplicated 49 -> 49 documents
2025-09-09 18:28:45,751 - INFO - [DEBUG] Number of document chunks to index: 49
2025-09-09 18:28:45,751 - INFO - [DEBUG] Indexed chunk 1: page_number=1, content[:200]='fctc_cover_traité15_English.indd 1 fctc_cover_traité15_English.indd 1\n\nThe WHO Framework Convention on Tobacco Control was developed in response to the globalization of the tobacco epidemic. The sprea'
2025-09-09 18:28:45,751 - INFO - [DEBUG] Indexed chunk 2: page_number=3, content[:200]='Printed by <REDACTED_ORG>, <REDACTED_LOCATION>, <REDACTED_LOCATION>.\n\nWHO Framework Convention on <REDACTED_ORG> Control\n\nTable of Contents\n\nForeword ..................................................'
2025-09-09 18:28:45,751 - INFO - [DEBUG] Indexed chunk 3: page_number=4, content[:200]='and cessation ............................................................................................13 Part IV: Measures relating to the reduction of the supply of tobacco ..............13 Illic'
2025-09-09 18:28:46,005 - INFO - [DEBUG] Creating FAISS vector store with 49 document chunks.
2025-09-09 18:28:46,032 - INFO - Loading faiss with AVX2 support.
2025-09-09 18:28:46,079 - INFO - Successfully loaded faiss with AVX2 support.
2025-09-09 18:28:46,085 - INFO - Failed to load GPU Faiss: name 'GpuIndexIVFFlat' is not defined. Will not load constructor refs for GPU indexes. This is only an error if you're trying to use GPU Faiss.
2025-09-09 18:28:46,092 - INFO - Created and saved FAISS vector store at vectorstore/db_faiss
2025-09-09 18:28:46,103 - INFO - Initialized and saved BM25 retriever at bm25_retriever.pkl
2025-09-09 18:29:03,591 - INFO - Loaded generation pipeline for microsoft/Phi-3-mini-128k-instruct (device=0)
2025-09-09 18:29:03,593 - INFO - QA chain setup complete with microsoft/Phi-3-mini-128k-instruct
2025-09-09 18:29:03,593 - INFO - Knowledge base updated successfully
2025-09-09 18:29:03,593 - INFO - Added 49 new documents
2025-09-09 18:29:03,594 - INFO - Detected deleted document: .\temp_1_WHO_FCTC.pdf
2025-09-09 18:29:03,595 - ERROR - Error computing hash for .\temp_1_WHO_FCTC.pdf: [Errno 2] No such file or directory: '.\\temp_1_WHO_FCTC.pdf'
2025-09-09 18:29:03,927 - INFO - Invalidated cache for temp_1_WHO_FCTC.pdf
2025-09-09 18:29:17,184 - INFO - [DEBUG] Query string: 'What should be the minimum size of health warnings and messages on tobacco products, and where should they be placed?\n'
2025-09-09 18:29:17,243 - INFO - Deduplicated 10 -> 10 documents
2025-09-09 18:35:54,707 - INFO - [DEBUG] Number of source documents returned for query: 10
2025-09-09 18:35:54,707 - INFO - [DEBUG] Retrieved chunk 1: page_number=16, content[:200]='Article 10 Regulation of tobacco product disclosures\n\nEach <REDACTED_ORG> shall, in accordance with its national law, adopt and implement effective legislative, executive, administrative or other meas'
2025-09-09 18:35:54,707 - INFO - [DEBUG] Retrieved chunk 2: page_number=19, content[:200]='<REDACTED_ORG>(b) tobacco advertising and, as appropriate, promotion and sponsorship;\n\nrequire that health or other appropriate warnings or messages accompany all\n\n(c) tobacco products by the public;\n'
2025-09-09 18:35:54,707 - INFO - [DEBUG] Retrieved chunk 3: page_number=4, content[:200]='and cessation ............................................................................................13 Part IV: Measures relating to the reduction of the supply of tobacco ..............13 Illic'
2025-09-09 18:36:37,675 - INFO - [DEBUG] UI displaying 5 source documents for this query.
2025-09-09 18:41:52,694 - INFO - RAG System initialized
2025-09-09 18:41:52,697 - INFO - Loading embedding model...
2025-09-09 18:41:52,699 - INFO - Use pytorch device_name: cuda:0
2025-09-09 18:41:52,699 - INFO - Load pretrained SentenceTransformer: mixedbread-ai/mxbai-embed-large-v1
2025-09-09 18:42:03,199 - INFO - 2 prompts are loaded, with the keys: ['query', 'passage']
2025-09-09 18:42:03,199 - INFO - Loading hallucination detector...
2025-09-09 18:42:03,203 - INFO - Use pytorch device_name: cuda:0
2025-09-09 18:42:03,204 - INFO - Load pretrained SentenceTransformer: all-mpnet-base-v2
2025-09-09 18:42:07,272 - INFO - Loaded hallucination detection model (all-mpnet-base-v2) on cpu
2025-09-09 18:42:07,274 - INFO - Started document watcher for .
2025-09-09 18:42:07,274 - INFO - RAG System fully initialized
2025-09-09 18:42:56,916 - INFO - RAG System initialized
2025-09-09 18:42:56,918 - INFO - Loading embedding model...
2025-09-09 18:42:56,921 - INFO - Use pytorch device_name: cuda:0
2025-09-09 18:42:56,922 - INFO - Load pretrained SentenceTransformer: mixedbread-ai/mxbai-embed-large-v1
2025-09-09 18:43:05,945 - INFO - 2 prompts are loaded, with the keys: ['query', 'passage']
2025-09-09 18:43:05,946 - INFO - Loading hallucination detector...
2025-09-09 18:43:05,949 - INFO - Use pytorch device_name: cuda:0
2025-09-09 18:43:05,949 - INFO - Load pretrained SentenceTransformer: all-mpnet-base-v2
2025-09-09 18:43:09,798 - INFO - Loaded hallucination detection model (all-mpnet-base-v2) on cpu
2025-09-09 18:43:09,800 - INFO - Started document watcher for .
2025-09-09 18:43:09,801 - INFO - RAG System fully initialized
2025-09-09 18:43:53,482 - INFO - Detected created document: .\temp_1_WHO_FCTC.pdf
2025-09-09 18:43:53,482 - INFO - Using sequential document processing
2025-09-09 18:43:53,643 - INFO - Invalidated cache for temp_1_WHO_FCTC.pdf
2025-09-09 18:43:53,644 - INFO - Detected modified document: .\temp_1_WHO_FCTC.pdf
2025-09-09 18:43:56,205 - INFO - Successfully processed temp_1_WHO_FCTC.pdf: 49 elements extracted, 44 pages detected
2025-09-09 18:44:00,283 - INFO - Deduplicated 49 -> 49 documents
2025-09-09 18:44:00,283 - INFO - Deduplicated 49 -> 49 documents
2025-09-09 18:44:00,283 - INFO - [DEBUG] Number of document chunks to index: 49
2025-09-09 18:44:00,283 - INFO - [DEBUG] Indexed chunk 1: page_number=1, content[:200]='fctc_cover_traité15_English.indd 1 fctc_cover_traité15_English.indd 1\n\nThe WHO Framework Convention on Tobacco Control was developed in response to the globalization of the tobacco epidemic. The sprea'
2025-09-09 18:44:00,284 - INFO - [DEBUG] Indexed chunk 2: page_number=3, content[:200]='Printed by <REDACTED_ORG>, <REDACTED_LOCATION>, <REDACTED_LOCATION>.\n\nWHO Framework Convention on <REDACTED_ORG> Control\n\nTable of Contents\n\nForeword ..................................................'
2025-09-09 18:44:00,284 - INFO - [DEBUG] Indexed chunk 3: page_number=4, content[:200]='and cessation ............................................................................................13 Part IV: Measures relating to the reduction of the supply of tobacco ..............13 Illic'
2025-09-09 18:44:00,550 - INFO - [DEBUG] Creating FAISS vector store with 49 document chunks.
2025-09-09 18:44:00,576 - INFO - Loading faiss with AVX2 support.
2025-09-09 18:44:00,603 - INFO - Successfully loaded faiss with AVX2 support.
2025-09-09 18:44:00,610 - INFO - Failed to load GPU Faiss: name 'GpuIndexIVFFlat' is not defined. Will not load constructor refs for GPU indexes. This is only an error if you're trying to use GPU Faiss.
2025-09-09 18:44:00,617 - INFO - Created and saved FAISS vector store at vectorstore/db_faiss
2025-09-09 18:44:00,627 - INFO - Initialized and saved BM25 retriever at bm25_retriever.pkl
2025-09-09 18:44:17,708 - INFO - Loaded generation pipeline for microsoft/Phi-3-mini-128k-instruct (device=0)
2025-09-09 18:44:17,710 - INFO - QA chain setup complete with microsoft/Phi-3-mini-128k-instruct
2025-09-09 18:44:17,710 - INFO - Knowledge base updated successfully
2025-09-09 18:44:17,711 - INFO - Added 49 new documents
2025-09-09 18:44:17,712 - INFO - Detected deleted document: .\temp_1_WHO_FCTC.pdf
2025-09-09 18:44:17,712 - ERROR - Error computing hash for .\temp_1_WHO_FCTC.pdf: [Errno 2] No such file or directory: '.\\temp_1_WHO_FCTC.pdf'
2025-09-09 18:44:18,064 - INFO - Invalidated cache for temp_1_WHO_FCTC.pdf
2025-09-09 18:45:16,275 - INFO - [DEBUG] Query string: 'what should be the minimum size of health warnings and messages on tobacco products and where should they be placed?'
2025-09-09 18:45:16,643 - INFO - Deduplicated 10 -> 10 documents
2025-09-09 18:52:20,640 - INFO - [DEBUG] Number of source documents returned for query: 10
2025-09-09 18:52:20,640 - INFO - [DEBUG] Retrieved chunk 1: page_number=16, content[:200]='Article 10 Regulation of tobacco product disclosures\n\nEach <REDACTED_ORG> shall, in accordance with its national law, adopt and implement effective legislative, executive, administrative or other meas'
2025-09-09 18:52:20,640 - INFO - [DEBUG] Retrieved chunk 2: page_number=19, content[:200]='<REDACTED_ORG>(b) tobacco advertising and, as appropriate, promotion and sponsorship;\n\nrequire that health or other appropriate warnings or messages accompany all\n\n(c) tobacco products by the public;\n'
2025-09-09 18:52:20,640 - INFO - [DEBUG] Retrieved chunk 3: page_number=4, content[:200]='and cessation ............................................................................................13 Part IV: Measures relating to the reduction of the supply of tobacco ..............13 Illic'
2025-09-09 18:53:06,754 - INFO - [DEBUG] UI displaying 5 source documents for this query.
2025-10-23 11:17:26,012 - INFO - RAG System initialized
2025-10-23 11:17:26,017 - INFO - Loading embedding model...
2025-10-23 11:17:26,021 - INFO - Use pytorch device_name: cuda:0
2025-10-23 11:17:26,022 - INFO - Load pretrained SentenceTransformer: mixedbread-ai/mxbai-embed-large-v1
2025-10-23 11:17:38,010 - INFO - 2 prompts are loaded, with the keys: ['query', 'passage']
2025-10-23 11:17:38,010 - INFO - Loading hallucination detector...
2025-10-23 11:17:38,016 - INFO - Use pytorch device_name: cuda:0
2025-10-23 11:17:38,016 - INFO - Load pretrained SentenceTransformer: all-mpnet-base-v2
2025-10-23 11:17:48,914 - INFO - Loaded hallucination detection model (all-mpnet-base-v2) on cpu
2025-10-23 11:17:48,918 - INFO - Started document watcher for .
2025-10-23 11:17:48,919 - INFO - RAG System fully initialized
2025-10-23 11:21:46,473 - INFO - Detected created document: .\temp_5_CyberPeace_Report.pdf
2025-10-23 11:21:46,484 - INFO - Using sequential document processing
2025-10-23 11:21:46,678 - INFO - Invalidated cache for temp_5_CyberPeace_Report.pdf
2025-10-23 11:21:46,678 - INFO - Detected modified document: .\temp_5_CyberPeace_Report.pdf
2025-10-23 11:22:07,768 - INFO - Successfully processed temp_5_CyberPeace_Report.pdf: 61 elements extracted, 60 pages detected
2025-10-23 11:22:15,483 - INFO - Deduplicated 61 -> 61 documents
2025-10-23 11:22:15,484 - INFO - Deduplicated 61 -> 61 documents
2025-10-23 11:22:15,484 - INFO - [DEBUG] Number of document chunks to index: 61
2025-10-23 11:22:15,484 - INFO - [DEBUG] Indexed chunk 1: page_number=1, content[:200]='<REDACTED_ORG> REPORT\n\nNGOs SERVING HUMANITY AT RISK: CYBER THREATS AFFECTING INTERNATIONAL GENEVA\n\nForeword\n\n5\n\nPART 1\n\n6\n\nIntroduction\n\n6\n\nWhy this <REDACTED_ORG>? From <REDACTED_ORG>\n\n8\n\nPART 2\n\n10'
2025-10-23 11:22:15,485 - INFO - [DEBUG] Indexed chunk 2: page_number=6, content[:200]='Part 1\n\nIntroduction\n\nIn the heart of International <REDACTED_LOCATION>, a diverse ecosystem thrives,\n\nhousing 38 international organizations (IOs), 432 non-governmental\n\norganizations (NGOs), and sev'
2025-10-23 11:22:15,485 - INFO - [DEBUG] Indexed chunk 3: page_number=6, content[:200]='primary actors of their cybersecurity.\n\nThis report builds on technical analysis conducted by our cyber\n\nanalysts and a comprehensive survey with 27 <REDACTED_LOCATION>-based NGOs.\n\n6\n\nThe sample size'
2025-10-23 11:22:15,891 - INFO - [DEBUG] Creating FAISS vector store with 61 document chunks.
2025-10-23 11:22:15,944 - INFO - Loading faiss with AVX2 support.
2025-10-23 11:22:29,865 - INFO - Successfully loaded faiss with AVX2 support.
2025-10-23 11:22:29,878 - INFO - Failed to load GPU Faiss: name 'GpuIndexIVFFlat' is not defined. Will not load constructor refs for GPU indexes. This is only an error if you're trying to use GPU Faiss.
2025-10-23 11:22:29,899 - INFO - Created and saved FAISS vector store at vectorstore/db_faiss
2025-10-23 11:22:29,927 - INFO - Initialized and saved BM25 retriever at bm25_retriever.pkl
2025-10-23 11:23:01,603 - INFO - Loaded generation pipeline for microsoft/Phi-3-mini-128k-instruct (device=0)
2025-10-23 11:23:01,607 - INFO - QA chain setup complete with microsoft/Phi-3-mini-128k-instruct
2025-10-23 11:23:01,607 - INFO - Knowledge base updated successfully
2025-10-23 11:23:01,608 - INFO - Added 61 new documents
2025-10-23 11:23:01,609 - INFO - Detected deleted document: .\temp_5_CyberPeace_Report.pdf
2025-10-23 11:23:01,610 - ERROR - Error computing hash for .\temp_5_CyberPeace_Report.pdf: [Errno 2] No such file or directory: '.\\temp_5_CyberPeace_Report.pdf'
2025-10-23 11:23:02,025 - INFO - Invalidated cache for temp_5_CyberPeace_Report.pdf
2025-10-23 11:23:58,805 - INFO - [DEBUG] Query string: 'What are the key lessons learnt from the case studies examined in the report?\n'
2025-10-23 11:23:58,925 - INFO - Deduplicated 6 -> 6 documents
2025-10-23 11:27:45,631 - INFO - [DEBUG] Number of source documents returned for query: 6
2025-10-23 11:27:45,632 - INFO - [DEBUG] Retrieved chunk 1: page_number=21, content[:200]='spyware, Man-in-the-Middle (MITM) and brute-force attacks.\n\nOf those that had experienced cyber incidents, 100% reported that\n\nthese attacks were not isolated events, with some experiencing\n\ncybersecu'
2025-10-23 11:27:45,632 - INFO - [DEBUG] Retrieved chunk 2: page_number=38, content[:200]="iv. Cybersecurity awareness: The\n\nincident highlighted the\n\norganization's vulnerability to cyberattacks, prompting them to\n\ntake cybersecurity more seriously. They made the decision to invest\n\nin cyb"
2025-10-23 11:27:45,632 - INFO - [DEBUG] Retrieved chunk 3: page_number=42, content[:200]="efficiency and effectiveness of the organization's day-to-day activities.\n\nFurthermore, the attack disabled a contact form which hindered\n\ninteractions with possible collaborators, potentially and tem"
2025-10-23 11:28:18,629 - INFO - [DEBUG] UI displaying 5 source documents for this query.
